actual_price,predicted_price,actual_P,predicted_P
14.86,18.715912,0.3,1.1499976
11.51,15.058245,3.6,2.3135552
13.04,16.564432,31.82,21.482002
25.36,25.696198,114.27,84.05352
31.12,35.431564,253.12,219.70352
27.35,37.435852,409.53,430.33444
19.94,24.02536,546.74,584.00226
2.29,15.401702,635.26,691.51416
1.57,-0.9359053,644.48,754.906
-0.03,-0.9193314,620.9,696.7458
-0.01,-2.7116308,568.13,633.3372
-0.09,-2.9202397,492.54,561.4404
1.21,0.1756562,395.9,463.73218
20.49,3.6901422,280.78,321.7795
24.78,24.241762,181.79,220.0255
39.98,31.226543,107.23,138.67352
50.83,43.198254,52.71,64.53845
62.4,48.921032,17.78,20.995045
50.48,56.473675,2.19,-0.9584148
40.68,43.140785,0.29,0.039936066
37.68,33.564884,0.23,-0.1924762
29.82,31.180157,0.17,0.039936066
26.07,27.476774,0.18,-0.13647674
25.52,24.38654,0.17,1.2117726
23.94,24.104631,0.48,1.0422014
25.77,23.410503,2.98,1.27123
28.29,29.670898,19.02,17.02678
34.82,37.789944,69.82,53.111515
49.7,40.884636,166.75,158.66505
44.44,53.7764,284.8,272.04846
42.74,38.59671,441.01,430.90118
38.34,35.553288,588.34,551.7613
36.0,30.75822,695.88,673.36884
32.37,28.789396,756.09,712.0011
28.24,25.11039,756.57,733.78076
25.64,23.421595,720.22,686.77515
22.71,23.9163,647.86,612.1539
34.4,25.174183,527.72,487.72766
37.95,38.874424,373.21,350.53442
43.04,44.18325,221.59,222.05539
47.9,45.6817,104.15,87.420845
54.62,48.51422,33.38,28.39974
47.25,48.054546,3.64,1.844795
43.86,41.87837,0.25,0.091238715
38.82,37.00902,0.18,0.012926374
36.14,32.30429,0.26,0.012926374
35.45,31.272303,0.25,0.012926374
34.96,33.635994,0.33,1.3143578
35.22,33.69082,0.98,1.3470234
35.03,34.1393,6.13,3.0957441
35.66,39.360916,41.83,15.334455
35.49,44.208595,135.62,68.32095
32.41,42.591312,322.73,202.75618
34.24,37.566612,557.07,438.4004
28.33,31.062727,794.75,658.5647
17.22,25.334673,981.96,921.3695
2.39,15.619605,1092.85,959.1909
1.86,1.7800896,1126.39,954.924
2.38,1.4553877,1130.03,943.3352
2.07,1.5219873,1060.89,884.95044
2.97,3.402559,909.32,819.8213
5.26,7.9020233,725.65,689.74133
19.61,15.259364,500.63,505.33487
31.83,28.871881,283.31,310.46173
36.6,35.52192,120.19,141.14241
37.57,36.384148,36.85,46.51843
35.06,34.27578,4.92,6.112535
35.04,30.92134,0.47,0.06963469
28.98,29.233114,0.37,0.039936066
22.51,26.733109,0.26,0.012926374
13.63,23.22244,0.19,0.012926374
14.07,14.502707,0.22,1.155398
13.31,15.10818,0.65,1.6668054
9.68,15.941699,4.71,5.6389604
12.73,16.566957,22.62,27.282959
27.99,25.140472,52.43,82.34743
32.27,34.892815,106.11,152.30003
33.37,38.36512,169.65,208.85611
21.44,28.330652,251.32,284.09433
4.29,17.490725,337.64,359.0333
1.46,-1.159596,423.25,401.57538
0.65,-1.829125,499.54,463.46402
0.33,-2.064429,532.22,504.25735
-0.94,-1.376763,544.95,522.2081
-0.11,0.043940444,518.9,485.1938
1.78,2.5604503,446.97,426.07864
11.8,7.5712795,359.75,317.71844
18.73,20.789572,250.08,234.54982
23.1,22.735586,124.86,144.49825
37.29,24.368279,45.21,48.730446
28.92,33.138386,5.09,3.0560336
24.14,27.699192,0.23,0.091238715
8.52,19.576218,0.23,-0.1924762
10.9,4.8608475,0.23,-0.022905398
7.4,8.2533045,0.21,-0.13647674
7.34,6.7853603,0.2,1.2117726
7.88,7.761279,0.68,1.3578726
9.03,8.228746,9.83,3.666978
10.45,10.881671,51.97,23.546703
27.67,13.193337,145.38,102.0751
26.68,28.738138,317.43,239.33067
24.35,24.735216,526.0,449.9754
4.13,19.044506,748.4,657.5436
-0.04,-0.18230546,914.33,877.0317
-0.85,-2.9237225,1027.73,963.94226
-2.71,-4.305749,1071.02,965.1133
-11.59,-5.1358986,1051.27,959.14636
-6.57,-11.428058,981.53,910.40344
-2.49,-8.2223425,857.95,849.58624
-0.12,1.8571427,692.64,699.9546
20.29,7.7459774,508.67,500.30017
33.71,26.214622,314.17,337.33688
34.44,35.943203,153.56,180.95934
78.5,35.211548,52.25,61.45839
86.34,69.92961,6.64,8.589222
60.25,72.035385,0.54,0.17685528
46.2,48.56492,0.37,-0.029426612
32.41,38.272034,0.27,-0.029426612
31.23,28.029606,0.24,0.20001136
31.33,29.395956,0.2,1.1499976
32.17,29.92633,0.96,1.1760594
29.41,30.583109,9.73,7.6020703
25.03,30.694675,53.52,41.24076
16.23,26.117716,152.46,126.240616
6.07,15.5168705,323.89,279.23584
2.0,6.4812965,526.91,513.5287
0.14,-0.3931982,711.82,711.768
-0.5,-2.4167573,850.24,866.29224
-2.06,-2.5427454,916.0,940.7856
-4.56,-4.710909,918.17,962.7834
-6.27,-5.570724,877.72,949.40283
-6.33,-11.755304,807.03,804.536
-3.01,-8.549591,656.22,711.90936
-0.93,2.0270581,468.01,558.0919
3.25,7.0977535,303.96,327.08408
12.08,11.359738,164.5,212.66939
31.33,18.83258,68.27,85.89841
35.06,33.585735,22.3,22.1173
35.45,36.811687,2.75,0.70190084
36.53,34.984264,0.28,0.028397229
32.03,30.855354,0.22,-0.8262509
16.96,27.247541,0.27,-0.8262509
9.09,18.09294,0.28,-0.8262509
13.52,11.761959,0.35,0.23579921
13.81,16.565905,1.0,0.47143862
14.3,17.743895,7.86,6.674114
29.49,22.416565,43.25,36.096485
34.17,40.07599,133.14,111.595024
36.57,44.033592,295.12,253.17929
40.78,41.49142,469.8,486.81067
37.24,35.65734,655.71,656.9106
28.15,31.552572,821.02,824.9884
17.17,23.506042,904.85,908.70123
9.28,15.253631,939.34,904.48883
4.92,6.923952,956.94,945.2329
6.24,4.1802936,892.04,902.4623
7.63,9.30832,805.62,772.32007
7.42,12.28744,690.63,645.8259
21.07,15.120436,494.08,504.14212
39.73,29.194939,302.1,324.27518
45.14,42.339287,143.68,179.4359
57.65,46.10318,47.64,48.843758
52.29,51.57856,5.57,8.411835
44.49,47.869057,0.33,0.13450228
37.73,38.31503,0.25,0.012926374
32.64,29.723036,0.3,0.012926374
30.93,27.720905,0.31,-0.029426612
30.77,30.198221,0.3,1.3308629
29.43,30.503735,0.44,1.5335524
30.92,29.806477,9.18,6.99595
32.52,36.98858,46.27,38.548836
45.41,39.990715,134.98,113.34465
51.43,53.004196,301.24,258.49716
37.56,58.88131,495.28,477.84186
32.22,32.15591,708.48,678.40466
5.2,26.728985,872.17,868.34174
4.26,3.8288257,1006.21,958.5488
2.96,0.8200442,1072.55,976.6921
2.32,-0.45225406,1069.95,933.7456
2.56,0.19032466,999.24,875.769
3.71,3.8930705,901.77,833.12177
6.99,6.6272426,739.99,695.9355
27.46,14.463607,535.64,542.60986
32.86,35.050785,321.94,356.36044
38.13,37.284706,139.27,185.11943
41.95,38.946583,44.26,54.13414
46.44,41.528534,7.74,6.5186996
42.04,41.772247,0.69,0.06963469
28.02,35.353542,0.36,0.039936066
8.52,25.08162,0.19,-0.029426612
6.88,9.286176,0.19,0.012926374
5.58,9.137735,0.19,1.1715481
4.98,8.390216,0.63,1.1598989
5.24,9.426441,7.24,7.432046
6.11,14.460335,25.94,32.27995
25.17,17.932411,75.11,97.87947
43.34,35.20872,188.89,187.96967
41.67,47.133762,320.54,337.5847
27.78,36.54758,465.7,478.32224
21.7,21.225662,555.4,604.0341
3.82,17.010895,643.44,637.3384
2.29,-0.35933095,671.76,662.9091
2.81,-1.4655617,670.84,670.38257
8.89,-1.0398427,623.73,636.9479
19.4,6.3994603,569.64,560.8369
24.23,20.821608,459.58,499.0386
36.03,29.640213,320.98,342.10666
46.24,40.842903,171.25,221.86282
51.48,48.869175,68.39,102.311104
57.74,51.073174,21.89,24.40422
43.31,52.379044,3.84,2.918248
35.8,39.377617,0.34,0.13450228
24.97,30.152744,0.28,-0.24961801
16.71,21.369999,0.35,-0.5071969
15.82,14.922205,0.36,-0.8262509
17.12,15.284518,0.33,1.0422014
16.79,17.21825,0.56,1.1814598
19.02,16.42614,7.66,5.840862
24.47,24.193872,45.48,30.518091
40.48,33.13011,136.63,107.244896
53.08,48.13016,302.57,243.32478
52.88,58.77546,505.02,488.4574
39.11,47.274525,712.14,658.40753
32.1,31.01621,879.62,836.47266
23.72,24.684336,989.03,932.12256
10.48,18.382563,1006.46,963.5969
6.18,5.1710725,961.41,952.26044
3.57,4.7896366,881.43,896.9309
10.77,4.41206,765.94,768.8004
26.87,14.516429,596.31,615.31964
36.28,32.1895,411.59,458.8432
46.34,43.668858,245.84,259.06454
53.99,48.07243,109.23,129.7742
60.15,51.467182,34.77,32.93079
50.72,53.906174,5.88,2.5405667
42.18,43.360252,0.72,0.17685528
37.16,35.328606,0.34,0.012926374
22.84,29.152163,0.29,-0.07928004
18.15,20.840607,0.28,0.039936066
22.99,18.44927,0.27,1.2117726
23.62,22.412579,0.32,0.9239365
24.16,23.165304,4.03,5.609509
29.99,28.638409,20.6,24.796505
31.58,40.664806,52.96,69.14908
33.77,40.207115,113.22,128.40906
27.62,40.573227,210.58,203.71773
9.54,24.595697,312.76,351.33908
3.1,7.197077,360.27,429.96933
2.41,0.3424673,413.56,444.16083
1.83,-0.252526,437.5,478.09158
1.32,-0.637184,429.67,460.80276
0.81,-1.4790386,383.49,425.5287
0.32,1.9238663,323.34,365.01492
1.26,4.3709035,252.74,264.79324
3.7,8.702669,162.3,200.33134
24.96,12.209489,90.73,113.34421
35.84,29.713116,44.44,53.70627
36.96,36.37962,13.54,21.270823
34.3,32.244335,2.1,-0.13271041
36.21,29.557981,0.45,-0.8262509
32.79,28.645359,0.3,-0.1924762
19.91,23.557507,0.37,-0.82316667
2.21,15.635002,0.32,0.012802884
0.13,0.040319696,0.33,1.0965811
0.07,-1.1144506,0.69,0.29017887
-0.02,0.64237666,3.65,1.5831991
0.24,2.3386562,22.56,17.193737
0.76,3.1446404,66.65,53.577095
0.43,2.9390976,156.5,137.9455
0.41,0.24850173,276.43,258.13892
0.44,-2.597422,415.79,402.54504
0.35,-3.7152312,543.13,527.86725
0.19,-3.7152312,646.39,641.01184
-0.1,-4.744462,695.33,677.29486
-0.12,-4.914463,697.83,703.1228
-0.05,-3.954853,678.31,642.79047
-0.06,-0.7491378,631.73,610.72015
0.05,1.9729569,538.29,547.77356
13.91,6.1693163,406.81,385.42523
31.53,21.221643,250.26,261.50473
35.75,33.508667,113.03,141.89224
44.13,35.443375,35.7,37.51751
50.04,42.024307,6.02,7.275353
44.56,44.975105,0.66,0.027452216
37.05,39.56096,0.34,0.039936066
38.8,30.566029,0.32,0.012926374
37.92,32.45689,0.33,0.012926374
36.13,34.17501,0.35,1.3318108
32.74,33.489895,0.75,1.3578726
30.64,30.391216,6.85,5.9427943
25.85,31.352795,34.76,33.35852
18.85,25.180363,100.71,93.50591
3.62,18.597313,218.51,199.0166
1.24,1.482915,350.59,386.3857
0.98,-0.8906047,509.45,515.42865
0.08,-1.4812578,643.65,597.9681
-0.17,-2.333207,699.29,709.53436
0.31,-2.727822,715.28,731.38055
1.0,-1.5285887,711.54,710.84894
0.97,-0.79359186,665.31,679.8521
1.21,2.4121213,588.82,582.69476
1.73,4.986771,474.7,474.04584
4.24,9.583662,342.18,345.73465
5.64,12.813592,197.28,224.5825
25.67,13.238535,94.06,104.89334
32.53,28.339151,35.88,33.60998
35.9,31.863884,5.86,5.269643
34.54,34.24154,0.69,-0.3432679
27.46,30.005037,0.38,-0.8262509
4.68,26.082375,0.29,-0.8262509
3.98,5.36875,0.26,-0.8262509
3.75,6.603132,0.28,0.26186097
3.88,7.3848877,1.01,0.26186097
8.12,8.143696,6.45,2.4418378
17.07,17.162333,32.94,27.201824
40.55,28.979666,101.58,85.87146
36.84,48.217083,232.89,191.24008
6.49,42.450287,399.09,371.54178
4.14,6.9938293,602.7,550.1698
2.6,3.29687,760.99,726.8638
2.01,2.02881,844.67,851.7421
0.35,1.644152,850.26,901.5179
-2.24,1.3543113,815.76,873.70154
-1.98,-1.1221539,774.05,750.83093
-0.05,2.809933,702.96,672.6744
1.36,5.4983473,557.45,569.0462
5.22,10.410004,422.15,399.81107
32.01,15.070478,272.15,276.605
35.95,35.03831,136.5,151.78714
37.68,37.472977,46.44,52.577694
38.58,34.76587,7.07,4.7411075
37.36,33.548347,0.54,-0.028547175
36.3,30.246216,0.32,-0.1924762
35.1,29.351929,0.35,-0.022905398
33.63,29.910736,0.29,0.039936066
32.42,31.367825,0.34,1.3048011
29.55,30.664211,0.99,1.609894
27.72,29.909233,6.94,6.795626
31.53,31.89147,34.57,35.198643
38.05,42.45833,98.43,102.00907
75.41,45.105442,209.59,220.1394
76.82,75.802864,334.15,370.2092
65.28,66.64409,452.39,515.0885
21.96,52.89303,529.35,610.37604
23.37,17.512623,545.83,617.02856
17.45,18.389381,524.99,586.0203
15.69,13.452492,466.81,536.98706
23.84,12.455462,400.98,440.79324
29.9,22.651415,335.56,354.1461
44.58,30.267471,279.08,263.75247
54.76,47.276997,207.41,219.68909
66.74,57.148716,119.65,159.36954
77.59,65.8088,53.78,81.98774
80.14,68.0272,16.36,32.4547
86.51,69.31593,2.92,0.33046868
92.16,71.79108,0.54,-0.77494836
80.13,74.59517,0.24,-0.8262509
44.88,65.4795,0.3,-0.8262509
39.59,39.574917,0.27,-0.8262509
38.3,36.201424,0.3,0.26186097
36.46,36.403137,0.78,0.59780365
37.56,35.82371,3.97,2.4418378
42.44,41.34104,22.49,18.18748
64.61,51.614983,63.68,52.628532
100.29,72.51485,137.24,119.56256
80.46,110.13148,229.08,218.29459
61.57,73.20054,349.06,352.00208
16.69,50.89817,457.56,452.5349
4.95,12.227818,570.35,514.8299
2.8,2.0806186,656.61,583.85547
1.11,-0.252526,703.42,673.6673
0.45,0.1845535,704.65,646.7199
0.24,3.8574507,676.66,601.3597
2.69,6.40785,598.65,537.6642
30.42,12.670719,463.47,431.28168
42.75,38.205368,301.61,287.66925
61.68,48.784058,154.23,183.28667
101.33,59.63212,55.19,47.018955
89.49,92.050316,10.39,4.007095
56.15,81.473175,0.66,0.027452216
36.63,49.486073,0.32,0.039936066
43.22,31.437098,0.33,-0.13647674
37.11,38.657036,0.3,0.012926374
35.01,35.873962,0.29,1.1338371
34.2,33.326496,0.73,1.1976099
25.76,34.27237,10.9,4.1969547
34.15,32.42057,62.41,33.938515
51.87,47.20869,175.35,124.78715
52.4,66.90704,361.72,283.34378
39.84,60.463898,578.8,507.80304
18.82,35.53191,801.19,734.60345
2.18,14.35132,972.36,920.3077
0.41,-2.1044781,1071.54,988.86957
0.0,-2.0567386,1140.38,978.74194
0.76,-3.2559733,1142.18,956.5897
1.15,-1.3217419,1100.94,916.58417
2.21,1.8839715,1019.47,865.0306
4.09,4.32716,831.63,782.79877
7.41,11.6517315,601.58,580.38196
39.98,18.592014,369.79,426.74286
57.41,46.17561,165.52,223.21877
64.73,59.139725,59.16,69.47844
54.64,60.92651,12.3,12.918401
50.92,48.144016,1.04,0.13450228
42.18,41.631905,0.32,-0.029426612
34.83,38.429962,0.64,-0.029426612
27.47,31.242514,0.64,0.36918184
28.14,26.298742,0.64,1.1499976
29.7,26.386587,0.94,1.3470234
30.83,29.99848,10.3,7.161224
34.37,37.164383,50.5,42.867756
40.5,42.965458,142.9,120.69653
42.46,49.188427,332.21,266.66718
39.07,48.229195,545.54,510.42004
21.56,31.716335,769.4,714.1391
4.2,17.505804,952.99,888.2673
0.69,0.32571095,1052.37,959.84375
0.12,-1.2604868,1113.31,950.5199
-0.07,-2.289721,1121.45,936.90894
-0.02,-1.724724,1088.89,897.7607
0.51,1.4809902,990.77,838.9342
2.3,4.833572,813.86,782.1153
17.25,9.0551405,589.81,591.44965
37.38,27.267654,360.77,401.8988
47.58,41.42096,157.09,205.9765
50.96,48.935352,54.0,62.25409
43.24,46.03914,12.65,11.626336
36.83,40.02201,1.05,-0.8322319
33.86,31.867445,0.58,0.039936066
34.31,29.753914,0.68,0.012926374
19.13,30.21991,0.69,-0.029426612
4.64,18.916391,0.69,1.1814598
4.75,4.12477,1.09,1.5404407
2.56,4.9295416,10.22,6.9956613
2.11,6.071854,48.47,38.10656
3.52,5.9326134,139.95,117.1304
4.78,5.570495,335.41,257.8093
4.27,6.1806455,553.52,526.45654
0.92,0.9321868,771.28,716.2938
-0.72,-1.7244892,936.37,890.7672
-5.16,-3.6145957,1043.52,981.2407
-14.82,-5.3045583,1096.42,953.39734
-19.94,-12.224137,1101.49,938.7176
-21.74,-11.489141,1064.83,899.1155
-3.42,-8.283428,967.88,845.52637
0.0,1.3247653,783.0,791.0385
3.52,7.577218,562.72,597.9419
31.36,12.129199,338.58,389.79193
34.94,36.011505,146.89,190.80959
57.32,34.749245,50.81,61.320892
52.5,53.822803,12.04,11.62504
50.22,47.431915,1.29,-1.4268758
43.42,42.486507,0.7,-0.5969845
38.76,38.07169,0.5,-0.13647674
36.54,33.12044,0.56,0.039936066
37.41,33.791576,0.59,1.1976099
36.64,34.421875,1.13,1.6668054
34.56,34.446346,11.06,8.324564
32.64,33.847027,37.73,38.150387
28.53,30.56159,103.19,109.61906
5.14,26.270939,246.85,227.06068
5.16,4.789256,409.93,410.41202
4.5,3.770875,587.92,569.44934
0.94,0.17144231,713.63,693.7543
-0.02,-1.4486094,801.8,809.10834
-1.25,-2.462766,841.12,864.2709
-5.77,-3.350022,829.36,890.82025
-3.44,-10.463598,775.32,770.239
-0.55,-0.5233831,683.32,676.13055
2.28,4.551617,539.18,559.1375
26.96,9.690634,363.85,387.5957
46.01,32.960167,205.59,233.45503
52.74,48.08839,75.72,112.972984
56.22,52.892162,24.99,30.203579
63.92,51.82645,5.72,1.6736722
62.19,55.359005,0.73,-1.7141393
49.73,52.792957,0.71,-1.7538546
38.49,43.962543,0.41,-1.6999046
36.34,34.526966,0.38,-2.0189583
35.07,37.087894,0.34,0.115798585
36.81,35.364857,1.14,1.3382653
36.12,39.060688,4.99,6.4874763
34.56,43.107903,18.9,26.536287
37.94,46.189342,44.21,56.02521
49.66,44.35669,92.76,108.56342
43.58,55.58851,168.3,182.36676
36.05,39.16241,276.35,268.76462
31.97,31.522635,438.9,376.2964
9.35,27.843634,564.89,512.74
3.94,7.840615,664.21,591.9564
1.79,2.7291143,686.78,664.957
2.33,2.4070718,703.38,663.45996
4.09,5.4722543,650.72,617.6049
7.35,8.618756,548.06,529.10114
27.23,16.8407,482.17,387.7736
33.93,37.18839,302.04,303.34418
35.5,40.002995,135.48,178.30772
37.26,34.35849,47.47,44.86779
37.79,35.104492,10.35,7.9978485
36.53,35.85071,0.89,-1.0158517
32.35,31.757303,0.43,-1.3291838
26.34,29.867502,0.3,-0.99616134
27.24,25.547392,0.33,-0.12130406
23.78,26.487148,0.34,1.3308629
22.12,23.577118,0.73,1.6938149
21.13,24.035498,10.65,4.1985497
25.85,28.043674,48.75,21.000443
31.77,35.207558,128.66,81.9142
37.0,43.49788,280.85,205.09016
38.19,44.166344,450.68,384.00717
36.0,35.17506,610.0,579.35254
4.3,30.685156,748.81,732.8646
1.76,0.8640574,818.37,845.8545
0.55,-1.1235209,810.11,845.54553
-0.67,-1.7699959,759.25,789.9484
0.53,-3.3112423,709.64,708.31323
1.4,1.7295675,609.76,603.79315
4.61,3.7609897,477.91,485.28928
22.57,11.428633,328.77,333.3442
33.32,30.90491,215.21,218.40536
37.21,35.302994,110.22,109.63696
42.11,34.677395,37.73,42.297882
41.1,39.040768,8.12,8.654161
23.83,37.6466,0.61,-1.0158517
35.39,20.690355,0.3,-1.152771
37.35,27.321758,0.42,-1.2156125
32.72,31.212898,0.44,-0.6328163
13.6,29.605738,0.46,1.2957512
24.22,13.070784,1.12,1.1463777
33.75,22.809992,9.07,6.8207793
34.92,36.29407,43.16,30.037903
38.17,43.0742,117.58,100.85435
39.13,48.331726,250.04,218.16791
37.91,43.86425,435.66,387.17664
35.46,34.162117,658.44,588.9321
12.75,27.727016,852.56,804.65765
1.69,8.774169,996.0,937.6337
0.37,-1.8214351,1059.46,981.51764
0.21,-2.0127254,1056.08,954.18567
0.18,-2.3069627,994.35,898.46783
0.18,0.89875185,876.25,840.5513
2.41,2.7304513,720.29,698.79755
28.67,8.637299,516.62,534.61914
33.55,35.57503,316.65,333.14996
35.69,36.78925,153.75,184.83363
40.12,40.309666,50.68,56.271328
40.44,38.665676,10.48,5.745566
39.47,35.999916,0.93,0.17685528
35.66,31.657816,0.38,-0.022905398
33.44,30.911552,0.68,-0.1924762
31.35,30.30438,0.57,-0.24961801
29.72,30.267355,0.61,0.26186097
9.11,30.071764,1.12,0.59780365
2.17,10.789482,8.11,4.111391
13.01,9.733828,42.83,35.833336
28.96,25.305466,116.8,83.820755
29.88,39.17697,257.81,203.5155
22.28,34.628098,435.31,401.499
2.67,20.734083,633.29,587.54193
0.07,-0.15349193,771.66,788.3464
-0.64,-2.289721,883.59,850.631
-1.9,-3.7977366,947.07,904.6983
-1.96,-5.047411,963.73,941.18024
-2.41,-3.9686332,916.17,896.79565
-2.63,-1.8396331,808.26,848.06024
-2.38,0.4498269,666.94,669.4059
0.46,7.4794674,498.53,513.2234
27.79,9.987578,324.95,349.78763
32.88,32.48843,164.08,195.40094
38.0,34.33373,54.82,68.260315
39.92,35.94769,9.09,10.73976
38.54,37.750168,1.24,0.20386495
35.78,31.500153,0.74,0.012926374
33.04,31.394545,0.59,0.012926374
32.06,29.708752,0.5,0.012926374
31.92,31.141985,0.49,1.1598989
32.7,31.20916,0.98,1.4958414
20.2,31.356977,9.02,9.017604
33.76,24.5654,57.57,44.462833
33.6,43.214943,174.24,129.11507
7.39,39.063217,362.6,311.40424
7.3,13.002268,583.35,548.54504
6.67,4.925943,806.83,762.41565
5.03,3.57813,967.54,948.8324
1.18,3.2904785,1025.49,995.843
-2.25,-1.3045,1030.88,986.51025
-3.21,-3.9196587,1020.08,966.8348
-2.55,-4.000463,959.86,917.4514
0.9,0.06506628,832.85,854.4734
7.65,4.833572,675.37,721.28015
9.15,13.969273,473.09,522.5989
33.27,17.637106,300.41,316.02682
35.42,35.42259,139.03,182.33627
44.3,35.07644,47.19,59.04585
41.3,40.532978,9.17,8.572018
38.14,38.014736,1.67,-0.9039315
11.23,32.176838,0.47,-0.24961801
3.95,10.295745,1.14,-0.13647674
3.67,4.835368,1.03,-0.13647674
3.17,3.6361966,0.97,1.3578726
4.83,3.760733,1.26,1.5335524
1.09,5.365682,9.45,8.611617
1.12,5.576255,44.98,42.75597
1.13,2.8248734,131.54,120.36559
0.89,0.04705582,275.64,253.80353
0.64,-0.8053598,485.64,465.0679
-0.39,-1.4502631,702.12,668.5444
-1.01,-3.6759608,907.52,835.35474
-2.02,-4.77503,1051.09,957.9439
-13.89,-5.828455,1125.35,984.02405
-23.64,-13.814887,1133.55,951.7937
-24.64,-13.189709,1077.79,911.53925
-4.3,-9.904018,963.73,861.02014
0.04,0.27515635,783.96,789.5802
5.97,6.526389,574.52,606.40576
8.93,14.049304,359.26,396.73346
34.99,12.297908,176.07,211.90715
37.77,34.925697,64.44,69.41557
50.24,35.628914,12.01,10.617518
67.01,45.48525,2.8,0.042625
40.44,52.286163,1.33,0.012926374
32.97,32.055206,1.06,0.012926374
18.42,27.521318,0.86,0.012926374
13.37,17.862938,0.77,1.4958414
6.5,12.767512,1.4,1.4958414
7.75,7.2130246,11.71,10.571401
8.64,9.514715,59.35,44.09914
9.0,8.1278105,170.47,117.57038
7.49,6.422537,351.65,302.44226
3.36,5.7867374,558.96,514.2465
-0.07,0.6603118,752.1,711.7424
-3.56,-2.5427454,909.21,898.50946
-6.31,-4.818485,1017.43,956.75665
-6.0,-11.782074,1078.08,983.14435
-5.78,-11.782074,1058.1,966.19476
-9.48,-11.003067,994.25,916.4291
-6.53,-7.717374,847.29,858.107
-1.38,-5.3278055,639.36,721.82855
5.38,7.053006,418.84,490.53278
22.1,13.423737,231.64,275.56113
33.4,28.911818,100.24,135.26103
35.01,33.269806,30.92,33.123955
35.09,33.56741,3.8,2.030647
6.18,35.09949,1.34,-0.91014874
4.16,8.712557,1.06,-0.8262509
3.71,3.7484624,0.76,-0.8262509
1.53,2.7601547,0.57,-0.8262509
1.31,4.7253957,0.43,0.26186097
0.15,4.591798,0.69,0.7919699
0.04,3.5464983,3.76,5.5114307
1.81,8.126007,17.62,25.24602
24.4,11.7000675,46.15,58.281292
26.61,33.052353,109.13,106.74278
26.71,30.534956,177.31,192.93011
8.72,22.803137,266.86,285.463
3.15,6.2566566,376.49,366.11066
2.19,2.3650787,437.33,432.42822
0.95,1.6914831,487.84,470.6686
-0.39,1.4016422,493.85,490.38953
0.32,1.1146888,467.19,478.046
0.47,5.342361,389.54,401.25198
0.79,7.0169773,328.97,318.2378
1.37,10.1747,235.26,263.75323
3.0,10.961399,147.33,173.13988
6.34,10.696454,71.42,94.576645
26.79,12.096107,29.04,26.798473
25.71,24.900454,5.75,-0.18645464
7.62,22.134068,1.27,-0.8262509
2.22,4.899307,0.66,-0.8262509
2.89,-0.4796735,0.44,-0.82316667
1.7,1.0754542,0.38,-0.82316667
0.86,0.7081736,0.35,0.26494518
0.13,1.3476254,0.93,0.26186097
0.04,0.43319705,7.18,1.5288194
2.73,4.890742,30.36,17.653435
4.27,12.218416,78.63,51.97902
6.84,13.059925,147.64,132.08392
11.63,14.550127,228.21,218.77254
2.25,7.904209,309.45,340.89746
0.1,-1.5128039,386.22,407.34985
-0.16,-3.3704414,436.63,444.49966
-1.81,-3.4306226,453.35,459.01865
-1.3,-4.5954967,462.56,449.42935
-1.24,-3.860502,478.41,446.1682
-0.83,0.061058935,435.41,419.2531
1.25,2.7986515,361.38,338.6015
3.75,8.204707,272.69,254.44908
9.33,10.388,175.87,167.71407
11.5,13.101214,87.64,77.67632
14.31,11.253727,30.06,23.96276
5.52,12.371841,5.04,0.29311338
4.12,5.88344,0.94,-0.77494836
2.55,0.97316915,0.53,-0.8262509
1.72,0.9073155,0.66,-0.8262509
1.23,1.7605575,0.65,-0.8262509
1.02,1.6875076,0.7,0.26186097
0.58,1.8096546,1.23,0.47143862
1.21,2.5088646,5.55,2.4718146
5.99,6.872871,26.18,25.018694
8.7,15.532883,68.89,56.1107
12.48,16.31131,137.14,123.73924
12.77,18.583685,235.07,222.16249
12.34,10.469048,349.12,351.04053
5.89,9.474705,462.51,448.82626
1.61,3.282788,589.19,543.1609
1.08,-1.0768858,671.87,615.45154
0.0,-1.3121902,717.3,663.45374
-0.05,-1.8237582,741.39,674.1526
0.57,1.381956,754.22,667.8151
7.42,4.833572,683.87,617.4934
13.31,13.874996,522.72,500.34503
31.49,20.873499,335.52,352.52716
35.09,33.137264,170.72,204.2207
39.69,31.45772,59.98,64.76599
39.06,31.656273,12.6,10.005837
37.06,31.62902,1.91,-0.35155115
36.63,28.812422,0.64,0.012926374
36.39,29.111366,0.51,0.012926374
34.19,30.577816,0.47,0.012926374
31.67,32.70623,0.47,1.1814598
33.98,30.108057,0.81,1.5174028
34.69,33.183537,11.19,4.771146
35.88,38.101997,58.13,37.009468
36.65,43.6901,170.22,101.04238
41.45,43.10782,352.32,276.3442
50.35,45.51553,567.03,493.8517
47.7,42.754856,774.89,694.6473
35.51,40.45917,920.25,885.13446
32.12,27.683002,1027.85,996.7359
24.01,25.217464,1076.42,974.52136
29.06,18.692514,1071.89,961.3404
33.19,24.40759,1028.28,910.6695
36.64,29.202192,908.89,852.81274
29.61,36.65106,715.55,707.7595
45.52,34.491634,483.0,543.02344
41.88,50.390564,288.57,324.13474
47.77,43.396362,128.74,163.02328
48.17,44.54799,39.37,54.560066
49.47,43.238216,9.42,6.133448
39.51,42.623066,1.25,-1.5386715
37.97,31.024092,0.34,-1.4423249
35.16,31.796186,0.66,-1.5162839
34.05,31.605904,0.71,-0.99325025
31.96,32.79097,0.71,0.26186097
29.56,30.768517,0.88,0.47143862
26.94,29.993988,4.68,5.5414066
26.94,30.58679,17.46,38.34034
30.98,33.24735,35.39,72.340675
34.26,39.00361,69.85,112.39591
44.43,39.4329,136.09,168.13187
44.29,40.52838,231.47,216.42154
42.73,38.2851,335.02,340.60284
36.67,37.311573,454.93,401.03683
20.55,30.583038,599.1,514.6946
6.73,17.34157,685.65,625.6253
4.16,6.5233855,695.26,662.1956
4.1,5.496256,676.85,606.0732
3.94,8.404637,585.28,565.0047
3.73,13.333337,433.82,447.45465
3.9,13.200454,298.26,286.97266
4.61,10.960812,149.3,177.1876
5.38,6.0646186,50.41,58.645473
9.56,7.8477306,8.19,11.404089
13.13,10.421137,1.31,0.13450228
7.23,11.204068,0.47,-0.029426612
3.15,7.5054927,0.96,-0.029426612
2.63,4.181105,1.06,-0.029426612
2.55,3.2133234,1.07,1.1598989
2.62,3.2877762,1.27,1.3694767
2.91,3.5923505,10.34,6.5539684
4.04,5.419056,53.39,31.42166
5.28,7.0211883,141.27,101.130066
7.09,9.999987,269.94,221.86252
7.39,10.735549,401.26,392.5552
3.82,7.892395,512.15,541.8318
0.3,2.988676,530.66,585.312
0.07,-0.32562375,504.24,592.38654
-0.62,-2.2816894,459.6,529.11237
-2.04,-3.0374663,417.41,460.5564
-1.69,-3.7014093,372.93,397.95062
0.0,-0.7507697,321.35,327.83563
1.02,2.878932,253.23,255.64474
2.87,7.106555,180.61,206.83737
5.35,8.118633,116.44,129.64929
5.31,9.632901,65.94,68.20475
4.44,7.2150126,26.63,32.880604
2.8,4.5804706,6.81,0.71623206
1.24,3.9933758,2.52,-1.2893484
0.04,-0.31722474,1.77,-1.2221339
1.57,-0.7344218,1.55,-0.6393374
0.06,0.898576,1.23,-0.16365702
-0.07,-1.3711807,0.94,1.5502211
-0.1,-1.4667286,1.11,1.5502211
-0.24,-0.8864178,8.66,10.015891
-0.44,0.28633964,53.98,56.03942
-0.43,-0.8045439,164.99,134.80743
-0.7,-1.873269,346.83,302.00827
-1.14,-3.0851176,567.59,531.54987
-0.16,-4.8094964,812.96,723.58295
-1.07,-4.3924236,989.9,947.3572
-1.98,-5.4474783,1088.8,989.55963
-5.4,-5.4474783,1142.45,969.75574
-19.78,-13.587742,1134.22,952.5856
-23.36,-12.852744,1078.43,906.24054
-14.9,-9.647033,975.99,840.2314
-2.02,-6.8497744,763.47,773.06647
-0.17,5.2525167,558.29,541.5777
0.11,6.981615,334.48,358.94604
2.29,3.9151263,161.0,196.38043
2.45,1.7186882,57.22,56.271454
1.8,2.770033,10.28,5.062356
0.43,2.2412336,2.37,-0.04396168
-0.03,0.0012408867,1.02,-0.5071969
-0.04,-0.10189153,0.97,0.039936066
-0.07,0.9911514,0.89,0.012926374
-0.27,3.289166,0.78,1.3694767
-0.15,3.3636189,1.46,1.4958414
-0.05,3.8572302,11.54,7.9021463
1.52,7.568372,57.46,41.198788
28.35,11.210387,177.31,126.91999
32.51,35.734703,354.71,310.17484
31.71,36.463627,569.91,539.1128
29.68,27.520935,792.27,740.60095
28.09,25.666132,956.78,937.83704
2.36,24.17167,1041.09,972.99036
1.97,1.8251055,1067.54,967.4321
1.43,1.4404467,1037.27,949.53284
2.95,2.120906,1015.72,906.86487
15.3,6.12876,916.39,846.40594
27.61,20.69189,772.47,775.05945
30.55,34.100067,557.6,557.2455
34.36,37.406956,352.72,360.80902
36.16,36.354244,178.79,204.84927
36.78,34.042572,62.48,67.60355
37.28,30.661913,11.23,10.871236
35.95,31.031364,2.22,-1.5197234
31.3,29.044956,1.25,-0.5969845
29.88,26.169502,0.46,0.012926374
28.29,26.358387,0.45,0.012926374
28.68,27.452774,0.41,1.1598989
28.1,28.762278,0.74,1.9434475
26.97,26.529104,9.23,9.992633
28.74,29.310688,54.71,45.25172
30.44,37.802933,170.19,132.68616
38.92,38.21611,350.3,308.21353
37.44,42.708164,567.86,527.49615
30.38,32.444088,787.03,745.8672
29.29,26.868582,948.3,924.60986
15.67,23.778444,1057.28,973.39734
8.83,11.753116,1109.37,929.9974
6.71,4.9808416,1139.55,915.3954
19.36,4.452045,1100.0,902.56024
13.14,19.012905,1000.06,832.1178
39.7,17.7548,816.41,782.7674
48.41,42.100964,590.21,590.32056
55.0,52.119305,358.94,400.36328
61.21,52.815666,169.68,204.38303
73.45,53.98625,55.56,67.16837
59.98,60.19457,9.37,9.884833
52.16,50.947803,1.53,-2.9916213
35.59,44.02857,0.72,-1.7296102
34.37,30.742254,0.99,-1.5484521
33.75,31.086508,0.91,-1.2156125
34.97,31.622759,0.63,1.291932
34.62,33.211315,0.74,1.1598989
32.04,33.4524,6.78,8.205866
34.61,37.044632,37.99,36.27419
43.46,41.52755,117.29,107.40887
49.91,50.549282,242.05,230.46155
49.61,54.75909,366.17,416.84006
45.45,44.32619,528.36,541.9109
42.8,40.063114,647.06,647.4811
22.3,35.985783,727.53,727.27704
19.17,18.716026,798.73,752.56537
18.33,15.347905,823.56,810.72235
20.9,16.403252,783.06,769.5866
34.81,21.747744,693.18,719.27527
43.53,37.248863,550.34,572.2585
46.98,49.23146,392.47,392.33463
53.39,52.95406,229.79,267.26834
77.93,56.36855,100.81,133.13382
75.72,74.49662,31.02,41.16376
51.39,67.79554,6.73,-0.54063463
46.62,48.365524,2.11,-1.5656812
35.3,39.61435,1.02,-1.7538546
29.94,30.073914,0.98,-1.3851832
30.2,28.020054,1.0,-2.0189583
29.25,30.38654,1.05,-0.20325615
19.31,29.209602,1.17,-0.3868757
16.81,20.809744,4.52,2.4058738
5.78,22.879475,15.78,32.71966
19.09,18.778412,42.18,74.2297
27.55,27.859797,92.67,124.61854
19.77,34.98818,182.03,199.19202
16.14,19.674864,317.99,290.87323
4.23,14.311247,507.31,450.01575
3.31,-1.0275896,719.64,613.9696
1.73,-1.5105302,868.55,755.27246
0.27,-2.2154794,913.32,852.0281
0.09,-1.87879,881.93,812.3983
0.59,2.109302,804.69,770.7206
1.54,6.1742873,647.63,655.2056
2.43,10.838126,450.95,488.06982
3.12,11.391055,272.9,307.75638
5.74,8.884102,138.28,154.86723
6.06,9.158576,43.55,55.88617
17.0,9.639925,7.64,7.6237903
10.81,18.062462,1.46,0.04165495
8.04,8.184859,0.9,-0.029426612
1.09,7.134448,1.07,-0.029426612
-0.82,3.223725,0.96,-0.029426612
-0.03,1.9730102,1.02,1.4958414
0.71,1.611327,1.21,1.4958414
1.98,3.2221441,8.9,4.741285
27.18,7.565464,53.14,21.495905
30.75,35.74832,165.89,83.76144
30.93,40.784233,347.27,229.68935
29.2,35.272404,559.66,448.55753
27.91,24.823458,756.56,672.4021
4.13,21.920935,909.31,858.2939
1.59,0.4446118,969.08,921.663
0.12,-1.0251826,990.03,956.1895
-1.11,-2.289721,939.76,952.7813
-0.35,-2.878815,862.62,900.58826
-0.26,1.6065701,734.99,747.7025
2.55,2.8155248,573.38,592.1027
19.93,9.051317,413.19,423.17538
22.57,25.009594,251.95,268.06778
33.28,25.294346,115.67,160.29146
34.42,28.993458,32.87,48.02924
34.26,28.154896,7.2,2.9208877
25.02,28.38406,2.97,0.028397229
12.49,20.732773,1.65,0.039936066
7.8,10.651501,1.07,0.039936066
5.26,6.817479,1.2,0.039936066
5.21,5.7341876,1.24,1.4042062
5.21,5.7212057,1.27,0.59780365
5.24,6.301516,4.97,4.111391
6.09,8.904895,17.59,32.488987
5.09,8.520303,42.14,73.777664
5.8,7.4064546,87.95,119.03728
5.21,6.7333255,145.24,198.70865
3.75,5.599085,202.15,257.63965
2.19,-0.27603763,257.72,296.23074
1.75,-1.5723943,273.39,327.8878
0.57,-1.5723943,260.04,308.33344
0.37,-1.8622347,241.85,281.2873
0.54,-1.1272382,221.37,241.83762
1.35,2.0784762,205.38,204.56146
3.23,4.888429,170.25,170.84816
4.35,9.851024,132.07,129.71169
16.32,10.215058,83.76,88.00876
27.38,20.769163,35.98,43.77406
28.29,26.861082,10.69,14.466223
23.26,26.103682,2.91,0.44349554
20.37,20.18967,1.67,-0.7840642
7.33,16.070854,1.48,-0.8262509
3.86,5.954113,1.5,-0.8262509
3.25,2.443822,1.61,-0.8262509
3.15,2.0663087,1.61,0.59780365
2.75,2.1407616,1.82,0.59780365
2.89,2.1734095,5.27,1.623442
3.43,3.6379108,18.92,16.601875
3.8,4.430318,53.33,42.006653
4.81,4.329994,116.38,99.34519
7.21,4.621187,196.95,186.45323
6.82,4.969665,272.58,305.49173
7.91,4.177706,367.84,358.73492
8.98,3.684091,471.63,418.97556
6.32,3.684091,501.54,500.58478
5.61,3.4205437,532.62,514.7803
7.89,3.1156495,567.51,496.69583
9.49,8.228612,546.31,505.9577
19.27,12.392973,459.18,429.18762
35.29,26.746927,348.29,326.39734
35.56,40.248116,221.47,230.37416
35.5,37.713253,103.52,93.0694
36.58,33.918316,29.15,31.30594
34.62,31.091038,5.04,0.6171547
34.21,29.629433,1.52,-1.1643099
32.52,27.826374,1.12,-0.66868424
30.6,26.561966,1.18,-0.32670656
30.16,27.741632,1.25,-0.15713592
29.84,32.23639,1.25,1.965009
29.27,30.958586,1.69,1.965009
29.29,31.511644,7.08,3.4832282
30.31,36.141197,29.96,27.872526
32.16,41.737846,74.97,81.31753
66.35,41.639854,132.25,169.81882
77.82,72.27702,222.27,263.97693
76.76,70.72779,330.61,365.15054
77.51,68.03371,367.43,425.98486
75.41,68.72227,451.9,425.1647
59.42,66.41607,463.68,477.7854
54.78,52.935364,416.24,457.12125
39.36,48.522686,365.67,375.9791
37.75,37.793552,309.21,314.65503
39.18,39.31033,240.82,257.0851
53.58,44.240955,149.66,194.8455
69.6,58.035988,77.22,103.84731
75.6,68.91121,31.81,49.665478
82.05,66.50662,10.68,24.365673
86.92,67.94898,3.9,-0.6122788
58.2,71.01439,1.07,-0.8262509
26.49,47.289314,0.74,-0.8262509
24.49,23.110037,0.6,-0.8262509
8.08,23.360167,0.68,-0.8262509
7.79,9.084943,0.58,0.59780365
4.87,9.419607,1.06,1.0454117
4.74,7.484773,3.11,2.4718146
8.17,10.523986,15.07,24.48121
30.46,19.150051,39.61,59.598305
47.05,41.366447,82.62,106.100525
49.2,53.683365,160.07,167.13771
36.58,47.833755,243.48,256.46838
29.84,33.256042,363.39,349.89444
24.47,27.093431,485.06,442.3675
23.88,24.09349,587.44,537.146
22.8,22.503893,636.1,575.4823
26.23,21.843325,638.68,599.3438
32.85,25.872622,595.14,559.18365
40.68,34.75479,487.75,502.48245
54.22,49.51897,351.38,344.54785
58.15,62.32526,216.38,231.80482
81.41,62.071198,106.5,98.35633
81.54,77.20439,34.63,29.801596
78.23,75.26759,7.81,4.699595
71.4,70.50962,2.07,0.20386495
59.17,57.80036,1.0,0.039936066
38.74,49.764744,0.78,0.039936066
39.01,32.461,0.72,0.012926374
35.4,36.992344,0.67,1.3308629
33.05,33.24746,1.29,1.6668054
35.92,31.282272,5.95,4.063701
45.85,39.87972,43.62,26.390594
88.87,55.520958,151.18,81.60459
94.67,99.53282,334.09,232.9681
93.99,100.46216,568.77,459.29095
78.18,82.77758,803.38,703.11395
69.6,68.33969,987.94,919.30804
59.33,59.502766,1089.57,990.1151
53.07,51.696014,1114.24,970.4799
41.59,44.73652,1092.81,950.91766
31.96,36.21962,1013.93,889.2777
43.52,31.932764,854.11,832.67847
61.04,43.6766,682.27,700.359
71.54,66.720276,472.22,492.2827
86.69,77.2741,286.55,284.70547
100.78,89.036934,136.83,154.81606
113.16,95.02509,42.07,48.585182
108.26,98.57945,8.24,8.285074
90.44,93.84147,1.35,-0.568256
43.26,78.704346,0.58,-0.029426612
38.56,38.347095,0.52,-0.029426612
36.55,35.303158,0.38,0.012926374
33.9,35.255733,0.36,1.155257
33.64,33.203594,0.88,1.727717
34.0,32.965214,5.3,5.8014054
35.69,41.014732,42.78,27.817747
58.73,48.840733,148.36,104.22458
84.33,71.82796,338.32,271.30484
83.24,89.608475,567.87,508.92447
70.62,75.81139,802.56,746.7147
58.5,65.256615,987.77,932.98236
51.8,53.054264,1106.82,1003.0996
40.68,47.945244,1157.36,964.4707
35.77,35.737923,1147.27,944.9661
35.45,31.546175,1088.42,912.4383
46.75,34.799202,977.9,851.2842
62.77,51.27522,818.63,785.8495
70.47,68.276634,594.29,582.75354
80.84,78.84908,357.09,412.03418
90.21,83.74181,169.58,207.72287
88.86,85.67037,53.07,64.30645
65.4,81.668755,11.11,10.266027
36.23,59.40948,1.11,-1.4268758
24.89,31.36345,0.6,-1.2221339
26.6,23.604507,0.75,-0.029426612
6.64,24.407982,0.85,-0.029426612
4.43,8.502611,0.82,1.1598989
3.4,5.121093,0.9,1.4835293
3.49,5.8179073,6.38,5.511451
3.93,10.803326,42.56,35.749092
9.01,17.43387,142.15,116.76532
26.1,17.867575,300.39,271.5091
36.78,31.55094,489.9,478.16986
24.8,32.67296,663.52,633.6752
7.15,23.165394,805.77,778.70557
4.88,5.975421,892.09,895.6572
4.85,3.5233974,940.42,901.3613
4.71,2.3571174,936.79,946.0213
4.73,1.5220859,883.36,897.7818
5.0,6.084106,741.8,748.69257
5.9,10.462061,555.29,638.377
5.49,15.004448,374.47,408.1852
6.89,13.849192,221.64,244.11955
6.68,11.619846,108.04,125.63585
5.28,9.747604,32.41,43.76557
4.56,7.9524736,7.78,1.6620535
3.56,2.7790067,1.38,-2.1555355
2.65,-0.12209555,0.68,-2.0189583
1.99,0.28147495,0.77,-1.8353386
1.85,0.7736251,0.8,-0.96048164
1.07,-0.023090404,0.77,0.52935565
1.01,-0.55986786,0.78,1.4722363
0.88,0.6856164,4.18,2.4418378
1.68,1.8583741,26.07,19.229633
2.29,1.4885609,83.54,64.67735
3.21,0.45794183,175.68,167.18529
3.63,2.2406125,287.42,282.30792
3.6,0.5362446,424.1,425.72202
4.33,-0.882641,525.42,530.36584
3.11,-1.365856,582.46,599.8643
1.77,-1.7298915,599.99,609.54913
0.51,-2.6622126,582.28,602.82294
1.12,-2.9329038,536.97,556.3462
3.01,0.98865825,477.64,472.84952
6.09,5.0357614,383.43,370.9943
7.88,12.039105,270.74,265.03638
25.62,14.368228,156.14,160.1793
27.14,27.66135,69.52,69.42264
26.61,25.126493,22.41,16.71261
11.03,21.552622,6.85,0.09406964
6.07,8.258116,0.92,-1.9676554
4.45,4.2006307,0.8,-1.3851832
22.03,2.0902312,5.59,-1.6999046
14.78,20.337301,6.33,-1.3291838
13.03,12.903802,7.39,1.1155189
10.98,12.098902,7.85,1.1155189
11.95,9.754927,10.65,4.2526474
13.64,14.233762,28.96,18.231098
18.93,14.267126,95.37,73.67518
20.81,17.760876,211.51,176.99591
20.12,18.546074,378.45,338.40527
18.26,15.4827175,566.83,504.61035
10.1,14.720526,698.39,685.18414
4.0,5.7635765,799.5,772.21564
1.93,0.30918777,846.22,819.61945
0.17,-0.90718913,860.14,866.78406
0.78,-1.5577682,848.13,821.3952
5.1,2.4921007,782.82,759.34705
13.71,10.16072,659.13,637.0371
25.5,21.066736,475.64,471.56674
32.46,32.911186,280.42,286.73788
32.51,34.159786,127.88,136.98009
32.01,31.50368,39.31,40.538284
30.17,28.591934,11.32,3.6808097
29.41,28.060911,7.13,-1.7141393
25.98,25.182129,5.46,-1.2514803
21.29,23.167967,5.12,-0.9945295
18.42,21.325956,4.6,-0.33820084
20.17,21.31366,3.99,4.9608297
19.86,21.538857,3.34,2.8439531
17.49,22.091915,3.92,4.0154734
21.07,24.66281,16.92,21.027824
23.33,32.53719,61.84,48.076065
34.39,33.496338,147.97,113.16316
31.23,41.22902,272.03,221.49115
28.97,29.409605,415.19,396.71613
24.15,26.862226,531.99,518.58203
22.15,21.493652,615.28,606.76245
22.29,22.9236,663.29,640.0203
26.21,22.9236,683.73,663.69
26.68,23.828114,664.98,640.4326
25.76,27.074234,623.92,582.9029
23.47,29.727654,519.63,502.16284
31.95,33.43232,395.51,365.02316
54.14,41.324787,234.93,251.78604
63.32,57.190617,108.4,124.140434
40.4,59.026012,28.21,34.59092
44.93,38.767185,4.46,4.2232075
28.48,42.216022,0.86,-0.19533817
23.41,24.339258,0.78,-0.8074293
37.5,20.529894,0.72,-1.1105845
26.03,31.733175,0.67,-0.46677193
20.24,24.192095,0.64,3.1189103
19.39,18.820017,0.67,3.3097558
13.8,19.373075,2.95,3.7391882
29.15,18.661112,18.47,15.423102
35.17,38.48714,76.84,55.255993
46.97,44.63831,185.31,139.58035
51.85,53.200535,317.75,298.03012
45.33,47.657547,481.81,443.65057
45.03,40.094288,624.45,567.84015
42.79,38.65644,742.12,678.7501
40.76,35.96446,778.81,770.7569
39.85,33.542454,757.34,742.5481
36.69,32.283447,692.28,702.2169
38.71,34.493065,614.79,588.19165
43.63,38.00009,525.21,493.8272
45.72,49.7998,381.67,377.62897
71.74,53.896286,229.59,234.85568
74.19,73.13607,101.43,122.80203
66.24,66.78636,25.66,24.233063
47.79,60.071808,4.78,1.1481593
39.23,44.490005,1.22,-1.9408526
36.07,31.294847,0.72,-2.5687878
32.37,31.313242,0.72,-1.7538546
30.34,28.926136,0.63,-1.152771
29.19,30.585848,0.57,-0.06782112
26.22,29.308027,0.59,0.41952562
13.16,25.213718,4.05,2.9060435
21.53,21.363008,25.01,21.193893
32.0,34.41315,87.24,75.96462
46.15,42.187172,195.19,183.76067
54.02,52.385838,321.86,357.0905
43.53,48.93353,453.12,487.77283
34.85,40.4296,563.18,576.6837
36.24,32.054893,636.03,646.24365
35.15,33.37981,703.62,670.02136
33.18,30.268326,725.53,689.0484
30.43,28.614676,733.4,669.73315
32.04,32.21468,680.89,629.1553
33.62,37.245014,567.31,561.7224
37.99,41.787796,419.71,416.1264
40.08,47.010967,255.21,265.69373
38.88,51.032665,117.46,143.10152
36.82,42.051697,29.98,38.709343
27.37,39.08615,5.55,-0.9827388
30.9,28.9254,1.08,-3.1203334
5.61,26.852316,0.91,-1.7296102
5.09,7.3895206,0.97,-1.7296102
4.55,8.559986,0.88,-1.1797807
3.06,5.177413,0.89,1.264922
3.46,4.2183657,0.95,1.2757244
3.43,4.581743,4.23,4.063701
4.4,9.067713,34.67,27.857399
6.96,16.410772,128.9,98.97386
26.0,20.544312,297.08,242.63788
28.58,33.05786,506.37,480.18185
24.62,28.631699,733.22,660.93744
21.97,23.864693,924.96,854.0283
20.99,21.673832,1059.42,997.3164
19.9,19.5892,1130.74,959.3392
19.07,18.19245,1134.19,935.05115
18.74,18.68927,1085.6,897.58514
20.79,22.936914,980.11,836.5196
23.47,28.20783,809.72,776.1947
27.12,33.417072,584.2,592.5052
28.85,35.99787,356.95,396.9024
36.68,36.218735,166.17,206.75568
35.13,36.98859,43.56,60.735313
33.79,32.111553,7.3,3.6905274
32.87,31.247663,1.24,-3.9230235
31.74,24.447569,0.96,-1.7296102
31.61,25.649477,1.02,-1.5484521
29.09,26.767622,1.1,-1.2221339
30.31,28.698322,1.06,0.72074
29.37,30.12505,1.04,1.4227517
28.94,29.278381,3.99,4.9122486
30.8,33.76433,35.62,31.06402
34.52,38.445084,137.78,101.72804
39.87,40.0681,317.94,251.93546
40.48,43.21268,540.5,486.20795
36.17,34.72277,779.98,713.6429
24.76,29.118492,967.44,941.2058
25.55,20.58709,1091.59,992.2415
24.85,20.58709,1136.13,959.443
22.66,20.947546,1121.13,937.2856
22.73,19.99049,1070.98,894.6904
23.59,23.196207,968.89,845.6588
27.62,25.539145,796.08,786.45905
29.65,33.169235,566.4,606.6558
41.94,36.433353,338.71,386.26425
45.08,43.67512,153.39,191.16194
41.62,42.88468,40.54,56.76005
36.98,37.19015,6.15,2.316339
33.7,32.40075,1.24,-3.8806703
31.48,27.417831,1.05,-1.7719634
21.95,27.656467,0.91,-1.3695107
16.07,21.823957,0.69,-1.1797807
13.81,15.325101,0.71,1.0522854
12.14,13.542504,0.75,1.7517325
13.63,14.526175,3.85,3.9156013
16.52,16.56832,34.08,24.01811
19.57,17.714598,135.89,99.12694
22.9,20.442816,320.71,248.6339
22.61,23.507786,548.44,495.506
22.4,20.535215,787.08,720.7608
10.24,19.112293,970.13,950.37463
4.8,6.7037477,1091.24,993.07623
2.96,3.2509613,1146.69,959.84186
2.53,-0.050145168,1138.36,936.2882
3.98,0.6569695,1083.91,888.42456
8.24,4.774384,982.17,820.55133
25.35,13.870031,800.57,772.2191
41.46,32.96535,576.04,589.4929
46.89,48.562782,344.05,381.79382
51.59,49.225925,156.78,193.03793
51.45,50.906044,42.17,55.842896
52.04,47.471,7.12,2.454247
48.03,46.749416,0.89,-4.035649
40.4,41.1896,0.51,-1.7719634
35.2,32.74695,1.62,-1.4703221
32.95,29.895737,1.54,-1.101651
32.18,29.828646,1.47,1.8801253
32.19,29.828394,1.56,1.9554611
31.4,30.229807,3.51,5.2404146
23.28,31.547747,30.19,25.780247
25.41,22.784924,126.27,90.57733
25.58,22.949734,293.26,241.53749
26.84,22.436037,498.51,467.29935
25.81,21.10633,713.15,664.9367
12.61,20.682426,893.04,870.0291
4.96,9.65772,1007.87,958.68555
2.56,3.8574371,1034.19,953.21136
3.45,-0.063042305,1018.53,937.69604
5.3,1.2967923,973.46,895.07
17.48,8.230646,871.71,847.95233
32.54,22.628471,707.17,715.9921
27.98,40.49599,500.54,536.4862
34.68,37.35415,297.36,334.91272
40.41,39.03354,136.1,166.541
38.0,39.45636,34.88,40.803253
35.27,36.044327,6.6,-1.2545079
33.63,34.058052,2.13,-2.8909175
32.8,31.090363,2.64,-1.6514807
45.04,29.60969,6.01,-1.059298
31.71,42.33697,6.57,-0.47650167
32.77,33.058197,6.52,2.2973948
21.66,33.22475,6.95,2.4306483
28.2,25.481169,8.98,3.9156013
37.27,35.37028,30.6,22.009289
41.7,46.65151,110.04,87.17081
48.42,51.44192,242.94,223.45876
42.99,55.00165,400.38,411.283
35.65,40.49235,559.55,575.67523
21.59,32.086803,693.61,702.432
23.1,20.255608,786.56,810.16394
22.6,21.34418,809.19,860.44867
26.42,21.635868,790.74,813.4024
23.88,24.103321,892.69,768.19855
23.55,26.283064,786.57,780.65784
35.06,30.104776,628.28,641.2213
40.25,42.814404,439.33,473.18005
42.58,49.585613,253.19,274.76382
63.97,49.950356,111.15,141.28194
39.55,57.946095,26.96,37.74997
24.55,34.614223,7.18,0.53621006
19.62,25.12192,4.62,-3.926421
11.84,18.674494,4.18,-1.900643
15.0,15.575618,0.6,-1.1191604
11.08,15.90815,0.53,-0.36179563
10.51,11.246722,0.51,4.5675263
10.11,9.732677,0.58,4.5675263
11.33,11.925405,2.8,6.2071013
12.86,17.934742,23.29,20.969215
16.74,25.63139,96.7,77.95292
19.95,27.891867,229.32,202.70773
26.73,28.619246,384.87,373.73523
26.3,23.724688,557.12,528.241
23.43,20.559467,714.66,651.3891
21.41,18.827011,801.31,805.2018
24.19,17.948227,860.15,829.41187
10.74,20.223083,895.22,842.881
10.15,9.363453,834.04,803.7944
13.55,10.784391,759.97,773.3725
27.5,17.85327,609.47,621.3621
39.38,34.811764,421.16,436.8457
42.28,44.564907,247.11,261.66046
42.76,47.046783,105.39,126.76854
41.04,42.284065,23.74,31.686117
33.01,37.402996,3.51,0.29628822
28.88,27.185251,0.58,-2.611213
18.31,23.793304,0.64,-1.7591236
10.9,16.80346,0.69,-1.8790137
11.62,9.573594,0.67,-1.9350132
9.86,10.47391,0.63,0.27669346
9.57,9.049556,0.69,-0.5297081
9.89,9.717301,1.76,1.0926223
13.11,14.203269,15.48,14.605653
32.49,23.017628,72.45,52.836765
16.64,37.94576,178.45,152.3194
38.14,23.374441,326.9,295.86093
37.98,32.41774,486.66,475.6438
27.69,29.793219,632.77,615.2976
26.0,21.818707,742.26,728.7713
24.23,21.30156,785.67,794.5977
20.07,18.796024,765.25,806.52655
21.89,16.146513,762.94,720.22504
28.15,22.67581,678.6,666.1819
35.61,31.092789,549.19,556.8964
54.05,42.376904,381.99,382.6196
59.32,57.678616,233.41,242.13745
66.53,60.582756,101.73,125.49892
66.65,60.714878,24.42,28.802916
65.94,56.60854,4.52,0.96675503
60.4,55.982548,1.26,-1.7141393
54.02,47.288334,0.97,-1.5214424
52.83,42.981503,2.39,-1.5189135
27.16,44.530922,2.42,-1.1797807
32.27,26.229881,2.46,0.68212605
32.02,30.71945,2.61,1.264922
27.9,31.29976,4.27,2.5087628
29.21,31.231716,21.12,19.12672
31.94,39.272896,99.7,55.572327
64.9,38.0828,257.22,192.44875
57.35,66.172516,452.5,408.57794
39.25,49.551044,638.41,606.76904
39.21,32.573906,786.09,777.8497
41.54,31.684767,872.25,896.2642
43.94,35.95375,901.01,901.8988
43.59,37.275608,925.79,855.0128
47.24,36.626247,860.36,876.0197
56.39,44.440872,810.65,760.47754
67.24,54.36213,669.73,642.8092
81.28,70.958855,480.25,500.97943
90.26,86.337006,285.82,312.29422
89.26,90.98627,121.79,152.24457
81.66,81.69501,29.05,37.527363
72.43,72.50234,6.59,-1.4646705
62.28,64.273964,3.36,-1.6783075
58.32,53.05758,3.01,-1.7296102
37.48,51.494984,3.15,-1.3149812
28.2,32.574783,3.45,-1.3149812
9.98,28.327814,3.48,1.7741444
9.83,10.889189,3.55,2.3569398
9.91,11.541574,4.86,3.891728
12.79,16.571688,18.29,17.482338
16.93,24.646652,79.38,64.75248
42.01,27.799294,227.71,178.72684
40.72,49.627243,422.91,396.7296
40.88,36.186172,615.31,592.60583
31.23,35.182426,762.87,758.63513
34.73,28.31432,893.8,867.11237
31.7,30.636925,949.12,887.4649
23.42,28.320646,954.9,924.1813
34.84,23.25607,883.4,881.53076
35.0,35.28667,787.25,779.6679
37.24,42.439465,661.67,650.86127
42.03,48.363033,477.71,503.7392
43.71,53.78682,283.78,315.86343
46.37,52.50474,118.71,146.49146
42.49,49.04427,27.44,39.941986
40.01,44.737022,6.07,0.0023900648
35.85,38.968456,3.07,-1.636121
34.14,34.963154,3.2,-1.836827
36.87,29.95196,3.43,-1.836827
35.45,32.990738,3.65,-1.7796303
34.19,32.042534,3.81,2.30092
14.13,31.887768,3.96,1.7670542
13.49,13.006438,4.96,2.824975
12.8,14.627516,16.64,17.648434
36.45,14.708936,69.45,72.90241
37.11,35.80461,188.54,173.62894
32.86,35.615772,354.74,357.05475
31.47,28.623362,535.28,537.91565
27.63,26.363209,695.14,663.29486
24.25,23.066187,853.87,789.58527
17.03,20.034803,922.69,884.2445
11.2,13.2617445,947.1,936.67
10.2,8.951268,926.26,894.4786
14.29,11.401998,831.14,830.10864
21.42,18.272646,689.05,645.2362
40.32,31.312449,487.13,519.739
44.65,47.476555,288.95,320.52524
49.66,49.845726,120.28,153.06963
50.26,49.595844,28.51,44.31266
52.72,47.93807,6.09,0.7845671
47.16,48.913326,2.82,-1.636121
42.55,40.6234,2.75,-1.5062654
45.84,38.553844,0.35,-1.1375942
44.75,42.23543,0.36,-0.5547979
41.45,42.889145,0.32,3.6572828
38.38,40.36687,0.3,3.5993648
37.82,36.577164,1.3,3.9119258
36.46,35.931427,14.51,17.327238
35.63,37.59146,83.17,52.627537
38.09,34.61484,226.99,169.36984
40.67,36.123264,417.02,377.26315
40.7,35.478195,604.07,593.49927
34.72,34.6518,761.47,759.7263
32.22,29.015892,884.0,877.08777
34.03,25.745298,939.58,915.36035
13.43,28.061584,940.44,947.9878
8.84,11.037027,871.55,903.0891
15.84,8.728174,766.58,783.0556
34.09,19.806286,638.52,630.75244
39.8,42.45602,443.77,477.18805
40.97,45.25273,253.21,285.26862
57.54,46.042583,101.77,142.12189
59.44,54.034702,20.37,29.54065
57.85,56.02989,2.98,-0.32780126
42.47,51.77777,0.28,-1.6719528
37.78,38.692642,0.31,-1.7553523
39.33,34.279884,0.36,-1.0322881
36.64,36.449604,0.36,-1.0322881
34.63,37.851845,0.32,1.1876346
33.64,35.758526,0.31,1.13126
34.44,35.506287,1.68,2.3108644
35.61,41.571587,13.99,19.244986
40.41,47.45236,82.68,59.41356
46.6,51.5671,229.19,178.87378
49.14,54.597084,419.74,386.50052
46.56,47.83322,621.49,596.1396
46.04,43.122353,783.3,765.7774
42.15,43.20233,901.18,907.0909
41.9,40.36084,926.59,902.5275
42.31,37.78438,913.16,936.9156
45.61,39.514576,835.59,827.98315
47.08,45.39895,734.74,786.00757
54.06,49.93493,579.15,590.7878
54.02,59.687492,389.95,425.3687
55.22,59.834057,212.7,249.64664
56.3,58.881557,81.05,107.51442
55.02,55.110867,18.36,15.042668
50.76,49.552044,2.13,-3.9786556
42.3,43.291576,0.33,-3.7409265
17.87,35.883648,0.33,-2.7566679
17.91,18.908936,0.39,-2.5687878
9.57,19.209232,0.41,-2.5687878
6.12,9.53672,0.37,-0.591879
5.37,7.8124413,0.34,-0.4129375
5.29,8.923373,1.33,0.39667502
6.2,12.127277,5.63,9.951356
6.63,18.117008,26.27,47.33041
9.94,15.88056,79.29,95.2347
10.71,17.692068,150.58,156.89273
22.54,11.049873,261.75,274.60638
19.18,21.99058,375.92,397.14127
8.51,18.17877,483.97,453.4105
9.16,7.448729,546.84,522.90106
4.65,7.8002334,575.01,555.3638
3.49,4.379572,568.34,544.3594
6.33,7.7087607,520.99,502.88684
9.94,12.8113365,430.36,411.59848
14.58,18.93348,317.05,309.69785
16.52,23.195587,186.2,207.9819
37.01,20.09796,77.94,95.54261
23.12,34.86547,17.3,13.6608515
16.66,22.74085,2.22,-2.1386592
11.57,15.563667,0.69,-1.1797807
7.77,7.0186024,0.49,-1.1797807
27.72,6.0580935,0.69,-0.5969845
26.96,23.719612,0.59,-0.15713592
4.5,24.011936,0.46,1.1463777
4.41,3.3560271,0.42,1.0682632
6.31,4.0635996,1.26,1.7679423
21.26,12.498565,12.07,7.7245874
40.67,30.763596,82.33,42.730747
44.34,48.028557,220.15,140.42145
45.11,49.836002,410.83,323.7144
44.23,39.806625,618.34,537.3746
30.13,37.491413,793.62,727.9132
32.99,25.278355,919.9,888.4968
24.04,25.514965,971.42,952.5735
17.4,18.637497,976.2,932.7805
10.86,14.114286,888.88,888.8016
27.04,11.133734,739.57,761.8175
42.21,28.948532,578.11,609.68335
48.9,48.25906,382.12,417.39447
52.81,54.08636,215.05,222.54778
53.97,55.170845,80.16,97.08408
54.77,48.822968,19.19,11.367034
51.97,46.56051,2.89,-2.7578557
42.05,44.590443,0.56,-2.3876297
29.75,34.394344,0.49,-2.0189583
14.54,28.06162,0.97,-2.0189583
11.19,13.575391,0.77,-2.0189583
11.18,9.953978,0.57,0.19592033
11.14,10.02843,0.46,0.33997566
12.16,10.784884,0.89,0.5170524
13.77,18.235113,5.87,8.673242
16.6,25.220173,35.83,47.854458
45.83,26.705677,109.76,97.65343
54.82,53.16719,234.5,203.52312
46.39,48.055218,410.3,361.09665
41.96,40.509426,522.09,519.9232
38.15,36.316998,622.42,595.66296
30.19,32.192966,698.24,652.4721
29.23,25.425348,722.88,691.92194
28.91,26.731903,684.23,670.5
34.78,30.078375,612.11,611.1711
42.25,39.02186,506.62,506.8894
47.02,50.256733,376.17,374.3638
48.15,55.258636,213.09,236.30917
73.13,53.568974,83.69,104.524124
80.04,67.278114,17.04,23.987513
61.71,70.36127,3.29,-0.15263842
46.45,53.820885,1.61,-1.340651
36.17,40.488617,1.61,-0.9342673
40.6,29.209898,0.94,-0.34501562
42.28,33.830593,0.8,-0.6968385
41.88,41.715195,0.61,1.6378679
39.7,40.37692,0.59,0.26490706
43.1,37.084602,1.4,1.45703
23.79,46.455936,9.04,3.6616707
40.02,32.169735,56.41,33.106926
51.23,49.97992,157.11,100.02783
52.86,58.918625,300.44,251.00235
50.86,48.16553,452.91,443.78192
43.85,43.96278,538.14,556.904
41.57,38.69839,604.46,616.5694
41.35,36.573696,587.42,642.7906
36.03,36.217335,560.69,595.70874
30.37,31.61111,513.36,547.5279
30.0,30.901226,436.64,442.95468
39.71,34.262863,325.95,329.99722
45.24,43.638798,232.1,248.98836
56.69,51.412914,127.55,163.1753
50.88,61.611904,46.99,61.538418
51.93,50.09349,11.49,11.504963
54.65,50.067123,3.27,-1.098332
50.21,46.363255,1.9,-1.1483613
44.94,41.621117,2.0,-1.014131
50.75,39.68917,2.92,-1.014131
47.2,44.78339,2.78,-1.014131
45.8,44.201923,2.47,0.26490706
43.97,43.80201,2.39,0.26490706
43.0,43.85429,2.55,1.1033802
39.39,42.35369,7.76,5.877452
38.91,40.27461,44.42,39.77582
39.89,38.350143,126.36,99.44686
36.72,40.132717,256.99,238.01509
32.6,32.105625,408.13,430.13873
17.69,27.945356,555.64,565.54596
5.6,16.666372,663.84,643.48663
4.02,6.6151385,724.89,692.8026
3.04,2.2195654,743.69,694.7932
3.79,2.0707448,726.86,701.47974
4.37,6.345356,687.83,626.45917
5.44,9.917824,562.81,558.3455
32.44,16.135412,386.84,411.72815
43.6,41.335903,214.0,241.82591
46.14,48.248905,84.5,89.36095
48.44,45.715317,20.52,19.615507
49.8,47.261112,4.18,0.2074614
49.41,45.889297,1.43,-1.3676605
44.68,43.195744,1.43,-1.502861
37.99,41.674328,1.22,-0.5547979
39.56,35.396034,1.34,-0.7321849
36.38,37.035957,1.13,2.4407372
34.47,35.07954,1.24,2.5577826
32.02,34.654766,1.29,2.5577826
29.71,33.831203,7.6,9.406763
23.9,33.2366,58.73,48.483135
12.31,25.86268,167.37,126.75994
4.16,14.020391,321.36,304.33533
2.11,3.5074573,485.91,484.62384
0.96,-0.55773807,624.89,612.04193
0.63,-1.9768505,753.58,727.23956
0.62,-1.3369833,820.34,810.2343
0.89,-1.3435123,813.76,805.184
1.44,-1.1056798,764.06,764.0667
2.2,2.7201295,659.34,683.0851
3.36,5.8697023,483.98,548.01996
3.8,12.39796,330.44,343.4751
37.01,13.327069,172.97,202.55315
40.68,41.710983,63.19,83.30886
41.92,40.725357,12.63,16.035728
42.99,40.11933,1.72,-2.5505517
44.31,37.905624,0.73,-2.2086885
24.84,39.579174,0.94,-2.0189583
36.73,24.102264,0.65,-1.8353386
35.12,34.548992,0.59,-1.4361619
32.64,35.35156,0.68,0.61566055
24.8,33.404934,0.7,1.4220626
27.92,28.344824,1.36,1.7400856
37.42,34.88761,4.42,4.8676066
43.08,47.864803,30.03,39.4401
47.21,53.47355,98.65,95.01816
46.69,53.852013,199.65,197.96216
43.06,43.43818,328.46,353.89688
37.19,39.331512,479.04,488.91458
27.75,32.769337,599.9,605.31665
8.81,24.61405,678.95,655.5507
4.11,7.1000066,707.35,698.5143
3.62,4.4792833,700.89,683.342
4.15,8.37674,633.15,612.56885
10.27,10.277251,507.56,519.34576
23.44,19.741785,323.7,351.01096
24.99,34.713844,176.02,190.60493
22.63,33.885326,61.99,78.44183
35.43,28.701937,12.54,9.388495
16.77,33.706013,3.49,-1.827711
5.84,17.018993,1.64,-1.152771
0.92,5.4002223,1.4,-1.6999046
0.4,2.0025449,0.69,-2.0189583
-0.03,3.1730137,0.64,-2.0189583
-0.08,1.8487257,0.52,-0.30307823
-0.02,2.0870347,0.49,-0.30307823
-0.07,3.137891,0.73,0.22703059
-0.18,7.115886,3.45,1.7553768
1.69,12.857525,28.63,18.560148
1.84,14.128776,105.47,60.252003
2.28,10.748204,268.63,167.63376
2.06,3.2913558,482.93,391.26428
0.01,1.2425554,697.13,587.7943
-0.38,-0.19852988,839.69,781.01154
-1.97,-2.5176802,889.28,892.1703
-2.29,-4.7210765,897.65,866.70966
-2.37,-4.3469477,844.74,815.1824
-2.0,-1.1412349,731.67,750.3066
-0.06,1.8054732,579.43,572.38007
1.04,6.40378,390.1,417.23444
1.71,8.891869,209.18,235.28642
2.44,5.403791,77.55,96.65314
2.41,4.0720987,14.52,14.398816
2.26,0.6498431,2.8,-0.39099246
1.29,-1.0959841,1.2,-0.12142753
0.02,-2.5273685,1.17,0.012802884
-0.01,-2.749859,0.98,0.039812583
-0.07,-1.8484244,1.0,-0.13660021
-0.19,-0.88492465,1.02,1.2064402
-0.83,-0.8104717,1.0,1.3196368
-0.14,-0.795496,1.36,1.3760114
-0.07,3.39916,9.75,4.10251
0.56,8.086425,61.16,36.911232
2.22,8.491356,180.76,127.17422
2.32,4.832027,349.11,310.64188
1.22,-2.4497979,535.26,497.05054
0.01,-2.8279984,726.57,666.63025
-1.04,-4.0755177,860.36,805.84265
-2.15,-5.3096547,920.37,888.7163
-3.03,-5.7803426,902.69,940.75867
-2.43,-5.905161,821.58,825.8339
-1.06,-1.8396331,725.44,716.3703
-0.08,0.19220495,583.83,596.67706
1.3,6.629925,403.43,425.04953
2.72,8.304771,232.25,239.25037
8.27,6.4383807,91.16,119.3298
9.51,8.982328,17.39,27.466373
9.5,8.683476,3.11,-1.0176209
7.18,6.274533,1.29,0.039936066
2.17,4.4946747,1.01,0.039936066
0.33,-0.2828126,0.66,0.012926374
0.14,0.6725206,0.79,-0.029426612
0.08,1.047008,0.8,1.4958414
0.54,1.1214609,0.81,1.4958414
0.65,2.7310033,1.15,1.6900065
2.75,6.619725,13.24,7.5372252
4.84,11.918874,78.82,47.003784
9.46,11.933973,220.08,158.42085
5.05,14.685964,408.23,359.30933
22.82,4.3370495,603.12,599.269
4.85,17.790688,757.37,767.4843
2.86,1.0664896,840.98,875.3606
1.4,-1.1108577,848.68,901.69727
1.1,-1.5500531,819.68,873.23456
2.25,-1.149394,732.14,761.81226
2.97,2.1157224,599.41,652.65436
4.48,4.3242702,447.81,500.96103
26.25,10.337582,286.84,308.25986
40.49,31.204227,139.32,175.62503
46.76,42.56023,49.14,79.68673
49.01,43.066814,8.83,14.524378
48.59,43.397594,1.88,-1.1973768
44.37,41.11156,0.94,-0.8262509
20.35,35.171204,0.93,-0.8262509
32.78,16.696135,0.85,-0.8262509
8.29,27.029125,0.83,-0.8262509
3.98,7.7022057,0.76,1.2652571
4.1,3.602188,0.74,1.4748349
7.12,3.898548,1.17,1.6012001
31.66,12.34617,6.93,9.949018
31.7,39.532284,57.66,51.39178
46.39,39.02261,173.54,128.72841
45.88,51.189884,334.24,306.31882
38.38,41.682865,511.43,523.5228
28.57,30.85788,674.68,665.1992
7.37,22.88529,763.33,807.6726
3.71,4.1941743,823.39,808.18616
2.72,0.15775253,826.42,806.6779
2.76,0.37637872,799.99,744.8632
3.87,3.48306,721.47,686.9611
6.21,6.5386686,589.21,547.83795
33.47,15.337168,429.2,400.8097
39.65,41.895763,237.88,242.13922
42.53,43.068462,91.89,106.86623
44.2,43.625862,14.8,19.79224
44.76,42.938835,2.06,-1.2037315
34.66,41.366795,1.09,-1.1797807
9.63,26.938837,0.94,-0.5699748
6.08,9.803275,0.84,-0.45858678
4.68,8.465293,0.86,-0.1479439
2.55,3.0372708,0.52,1.3216317
2.96,1.4943975,0.43,1.44167
4.23,2.8092253,0.48,1.6173497
4.89,6.8335085,10.63,6.615663
31.39,9.271001,73.74,46.192383
29.36,33.00213,213.55,155.98328
39.61,29.69993,406.81,362.2493
12.04,33.93769,599.46,588.29895
2.55,10.890471,773.18,771.9759
0.02,-1.4137465,860.41,888.0715
0.7,-2.7537215,912.82,897.53174
-0.07,-1.7244892,905.77,872.2177
0.04,-2.9409647,882.54,820.4909
1.5,0.4347502,777.47,779.17847
1.66,5.1841145,642.88,618.6227
6.01,11.277001,460.01,455.76596
18.43,16.310863,259.28,276.57147
28.66,26.724123,96.11,131.21172
40.23,33.21807,15.08,25.035238
40.71,39.111694,2.57,-1.338932
25.07,36.404358,1.06,0.039936066
3.01,20.896786,0.66,-0.022905398
21.55,2.0900998,1.01,-0.022905398
3.78,20.905382,1.13,0.039936066
10.11,2.6883204,0.67,1.4146602
10.84,8.723432,0.7,1.1598989
3.64,9.844398,0.6,1.2652571
4.8,4.145059,9.93,7.3878217
5.38,8.958507,66.46,53.755337
6.99,7.935642,197.73,163.14677
7.33,8.833482,404.01,359.17285
2.78,4.6336913,639.13,588.68945
0.01,-1.5398248,832.62,790.2807
-2.76,-3.124983,948.75,950.8169
-12.81,-4.710909,1017.4,953.3688
-17.26,-12.871895,1010.17,946.06165
-15.2,-12.136899,956.14,899.98804
-3.96,-9.537211,839.73,848.7196
-1.19,0.4858819,685.46,689.8802
2.79,6.2468824,485.3,481.065
17.12,9.576688,260.81,296.28937
33.04,24.28227,97.35,137.41858
34.69,33.074287,16.01,21.789959
34.69,33.39082,2.39,-1.4190583
35.64,30.112928,0.84,-0.6393374
37.36,28.724281,0.86,0.012926374
33.7,31.292768,0.58,0.012926374
31.87,29.219088,0.52,0.012926374
20.48,33.4135,0.51,1.4146602
30.37,21.701855,0.49,1.4146602
30.74,33.015537,0.56,1.4146602
31.33,37.3938,8.6,7.0794587
36.79,42.16259,62.41,42.1937
39.49,46.823353,176.31,147.96268
51.54,45.507786,333.21,310.79926
47.86,48.292065,495.59,509.09003
28.06,43.04516,655.92,621.64276
4.59,24.422712,757.17,746.923
1.82,2.9405105,813.42,797.7057
1.8,1.644152,819.45,808.75134
2.95,2.5581615,796.87,764.1092
6.07,6.0773907,693.11,715.2585
26.4,11.56462,544.83,538.6754
47.97,32.458557,362.45,392.6629
51.53,53.20293,192.27,220.6798
64.44,54.977646,65.23,94.661224
73.73,57.69171,8.58,15.271705
66.67,60.646187,1.19,-1.3119223
54.63,54.572464,0.5,-0.16365702
48.63,44.51304,0.45,-0.029426612
35.76,42.67451,2.02,-0.029426612
41.03,32.34809,0.55,0.012926374
37.79,40.26471,0.53,0.34565842
34.28,34.916748,0.51,0.34565842
37.56,33.901207,0.59,1.2652571
44.82,41.29756,6.65,7.2558713
49.17,54.169216,57.21,37.085766
52.51,57.686672,182.77,123.94588
51.41,58.689606,355.01,314.8655
47.93,48.536392,566.01,525.6999
42.22,42.298744,776.01,705.49414
23.23,35.75817,933.61,873.90186
7.89,18.444399,1024.46,968.1127
4.46,4.3973613,1041.61,950.4126
5.28,1.122545,993.51,902.3375
20.79,7.893528,885.06,832.93695
39.25,24.957434,691.8,700.80524
47.45,44.68488,466.65,484.10974
50.7,53.72969,241.04,273.4849
64.18,54.933586,80.4,113.30857
70.19,61.921375,11.63,15.583882
71.95,64.13272,1.22,-1.2037315
59.36,60.27647,0.63,-0.09429433
51.26,51.1792,0.61,0.039936066
37.84,44.942314,2.27,-0.1581058
35.08,34.01764,0.96,-0.8262509
33.45,32.34731,1.01,0.34565842
33.38,31.29402,0.98,0.34565842
35.15,32.46386,0.91,0.34565842
37.59,39.503174,5.69,2.555612
56.8,46.620373,46.14,38.424137
63.63,64.19685,157.74,91.55602
76.7,65.69167,333.06,242.94102
70.79,68.78065,550.59,496.74762
68.12,63.56614,750.68,663.99634
39.06,58.437286,902.28,867.4429
23.49,31.190716,989.41,901.21564
16.91,18.418528,991.39,946.5202
26.65,14.169309,945.86,898.2075
44.03,24.568207,825.25,842.9011
56.59,46.246162,649.6,649.3936
61.1,61.190525,440.8,461.9956
56.99,64.48689,224.98,255.26007
81.29,59.45187,76.09,106.39817
94.37,75.83008,9.16,15.026032
65.55,84.21285,1.15,-1.7959144
57.66,55.464027,0.61,-1.2221339
47.21,48.209053,0.54,-1.2221339
40.66,39.611206,0.34,-0.6506802
36.9,35.459076,0.33,-0.029426612
35.43,35.455227,0.28,1.5749968
35.31,33.630432,0.28,1.5749968
35.95,34.699207,0.28,1.490985
37.51,40.425945,5.05,6.0478067
44.41,49.113243,58.05,45.412388
47.36,56.08317,197.47,139.57457
63.86,57.34297,393.1,365.18292
58.18,57.737534,629.16,594.76416
56.5,53.843807,826.5,805.45685
37.83,47.785213,945.01,928.65436
29.42,30.145082,994.56,964.2543
23.1,24.272888,957.75,942.85
28.73,20.49645,862.36,894.19104
30.07,31.230999,713.85,779.48376
35.75,35.735405,528.86,577.3409
41.52,45.044624,313.72,368.77148
52.1,48.86134,141.24,188.9107
99.6,59.402378,37.78,63.247906
107.21,95.10634,4.8,0.67981386
53.6,91.30789,0.52,-2.5174854
40.39,45.51164,0.32,-2.5687878
36.03,33.256947,0.36,-2.5687878
36.96,31.4381,0.52,-1.5842835
36.01,32.071922,0.56,-1.5749131
33.54,34.292606,0.39,0.7668714
32.4,31.697212,0.35,0.7668714
32.8,31.65265,0.37,0.59045786
33.24,36.729523,3.26,4.046836
35.89,42.642868,36.34,43.37286
43.94,44.917854,130.95,120.17797
47.52,51.93017,280.71,245.39476
42.47,46.107384,472.29,422.0014
23.61,36.111687,652.36,574.69965
3.07,20.25143,749.35,756.3754
1.05,2.4246297,829.74,822.8148
0.6,-1.5992856,861.85,805.89777
0.01,1.3691753,823.83,810.0868
1.39,3.342653,687.33,703.5208
10.7,6.8595686,558.92,553.5917
26.12,19.74997,365.08,373.62115
36.11,35.4823,171.01,209.34917
39.73,43.18906,46.99,72.15436
41.3,38.76689,5.57,6.155989
36.85,36.916035,0.64,-1.6752234
35.24,29.47179,0.44,-2.5689113
33.39,27.056206,0.38,-0.13647674
26.62,28.102367,0.64,-0.058773175
24.69,24.333277,0.7,0.012926374
25.35,23.553236,0.7,1.1598989
24.89,23.62769,0.76,1.1598989
33.87,24.771162,0.86,1.1598989
34.33,34.985336,4.75,5.8386745
35.29,36.25632,56.98,43.340942
32.77,35.743576,203.49,137.76273
32.1,30.492552,432.54,356.75613
30.18,27.19263,684.35,613.70966
12.99,23.605045,890.78,848.5378
3.21,7.5847945,1014.26,972.82623
0.48,-2.352006,1025.42,971.3824
0.04,-3.5741675,1023.66,955.106
0.03,-3.8684025,954.87,907.92694
0.09,-0.6626874,833.27,846.9275
1.54,2.6110773,637.08,714.44916
10.08,8.359346,417.67,477.1133
33.71,16.628572,204.33,256.6
36.21,35.097675,59.5,89.81874
39.12,33.625443,5.49,6.817095
40.59,32.16278,0.85,-0.69508505
38.9,31.45062,0.61,-0.27070716
37.02,29.876122,0.65,-0.32362235
35.1,29.036327,6.81,0.043020274
32.05,29.14309,5.7,0.012926374
32.0,29.290949,5.01,1.1598989
31.89,29.765318,6.32,1.1598989
27.68,30.742044,7.78,1.490985
21.62,26.850912,11.26,6.0556564
21.3,23.637335,51.1,45.379005
20.77,20.064665,164.37,136.78021
20.09,19.097082,339.71,311.12213
15.57,16.708439,549.15,533.86115
5.92,11.441925,728.69,696.11163
1.47,2.5657296,823.94,828.0883
0.37,-2.3831031,872.91,842.2419
0.06,-2.618407,876.46,861.06805
1.14,-2.5750632,833.34,808.4552
2.42,2.597198,774.13,770.10956
8.96,6.1354604,615.74,626.49115
35.17,15.44087,400.86,450.19955
47.2,41.08944,195.88,240.66068
55.64,49.11784,55.06,81.50564
58.3,51.815353,7.35,10.30779
57.12,52.660347,3.83,-0.11235442
53.9,50.232838,2.29,-0.029426612
52.03,46.8012,2.1,-0.029426612
45.73,47.242336,0.38,1.1302187
43.47,42.83951,0.36,0.4923279
42.74,44.399406,0.35,4.238194
42.32,44.830223,0.35,5.83681
45.27,46.100777,0.32,5.9687185
49.67,52.285225,3.43,11.118579
63.58,61.15281,44.59,45.638924
81.0,70.25903,186.02,125.059784
104.51,86.622925,399.41,338.2203
55.8,95.65905,640.98,583.11664
42.9,48.73426,848.05,806.4553
31.58,38.322132,991.6,969.1582
19.3,27.614708,1050.19,967.0304
11.78,17.604292,1055.3,948.75415
14.23,13.011203,977.82,900.2353
32.33,16.216913,836.4,847.1158
38.73,34.995007,637.93,697.06104
48.63,47.387196,409.63,447.88425
57.69,59.146965,201.62,226.97408
106.46,60.87747,54.65,79.31979
103.66,97.93018,5.99,5.0887337
67.67,92.894196,0.5,-1.636121
52.6,60.4012,0.3,-1.3573344
48.51,48.167244,0.25,-0.7745379
47.92,43.472755,0.38,-0.5969845
39.8,44.07711,0.33,-0.12130406
36.96,37.551132,0.29,1.4146602
38.2,36.30421,0.31,1.4146602
35.32,38.76907,0.32,1.3885984
46.99,40.16244,2.19,4.131351
52.56,59.427094,28.45,35.917133
56.06,64.6196,106.31,102.89028
48.63,65.39374,215.13,222.4142
43.0,46.560734,334.79,351.29916
35.5,37.94447,430.27,447.151
23.4,29.488468,512.04,521.44415
14.12,18.86921,585.58,553.8784
7.03,10.013056,620.28,591.1777
10.57,5.5062823,596.52,601.08734
18.16,12.735057,557.88,572.9828
31.64,24.730877,438.07,468.895
48.77,40.671036,275.72,320.16748
54.19,57.26469,132.2,167.88638
70.04,60.111504,39.47,66.12885
72.57,67.60039,6.11,4.28657
61.22,66.58596,3.38,0.06422901
49.16,54.96706,1.98,0.012926374
40.43,45.37854,1.35,-0.029426612
40.92,35.76263,1.04,0.012926374
40.72,38.697887,1.08,0.26937413
37.09,39.178528,0.94,1.3885984
36.24,36.230072,1.01,1.3885984
35.66,35.91164,0.8,1.2129925
37.88,41.86692,3.58,2.7286878
51.3,50.611702,45.6,29.774769
70.14,65.6646,188.52,113.72297
65.39,77.56239,405.4,320.10632
58.58,58.67762,642.31,575.08655
47.06,54.21418,808.73,773.63446
44.36,39.10816,899.18,900.1896
32.2,37.491413,950.11,903.49445
26.69,25.613997,937.66,933.48114
30.15,21.28251,862.14,880.72614
54.0,29.31873,726.0,760.5737
79.12,55.210205,541.35,584.8606
90.3,84.07261,344.94,384.4974
94.16,95.21051,166.24,205.15326
113.39,95.63538,43.76,77.166794
107.73,101.801094,3.96,5.4982057
98.42,91.95028,0.93,-0.41370752
84.38,85.10181,0.82,-0.96145153
60.35,70.81346,0.92,-0.8262509
58.76,51.953766,0.37,-0.8262509
51.86,53.034504,0.33,-0.8262509
50.65,51.88351,0.29,0.5552361
53.69,49.08145,0.28,1.0006562
54.55,53.79264,0.29,0.9902807
66.98,58.59676,2.46,4.0006995
84.25,76.507515,27.83,38.58402
102.68,92.57445,110.76,104.418015
100.5,109.98868,253.26,238.27129
82.38,92.05562,422.45,444.32468
71.85,73.98353,557.08,573.1483
67.41,64.00821,633.75,661.1633
62.77,60.464188,657.67,694.13855
62.91,51.392662,636.26,687.4466
51.16,54.06436,604.27,631.42896
56.14,48.826904,555.22,561.90424
59.03,57.920765,443.51,447.7475
80.62,68.702614,296.92,302.9424
91.73,88.37186,139.12,176.91554
95.38,99.367355,34.09,55.510143
95.69,90.685776,3.15,0.5599456
96.45,84.181435,0.56,-0.1924762
85.23,84.4222,0.34,0.039936066
77.95,74.53687,0.34,-0.13647674
76.21,68.834045,0.25,0.26937413
69.13,65.62135,0.31,0.2621318
76.67,66.53426,0.36,1.3478476
75.67,73.841995,0.37,1.2553556
76.09,73.724205,0.36,1.142159
81.65,84.023796,2.16,2.5494652
101.64,95.89858,23.69,25.98501
107.99,118.8535,101.51,80.14955
102.68,114.74192,229.76,201.48677
89.22,93.36949,372.12,381.51804
75.14,79.92181,460.42,508.79984
41.45,65.51047,511.85,530.40137
27.84,39.16425,480.21,551.3082
24.16,23.966888,463.68,499.69962
11.66,21.825388,428.73,435.95724
19.25,13.218644,397.22,364.22232
45.15,26.59561,311.64,320.58292
75.29,53.55037,204.98,222.45248
89.47,81.61117,103.13,129.23932
84.93,92.738625,23.36,29.343563
92.75,78.190475,1.46,0.45704302
85.72,81.83412,0.33,-0.59681296
70.67,75.7806,0.31,-0.59681296
48.87,61.925884,0.32,-0.4276422
45.4,46.19833,0.75,-0.59681296
42.27,44.592224,0.79,-0.59681296
42.05,45.59056,0.79,0.34565842
41.39,44.570778,0.92,0.32820547
41.55,45.82282,0.82,0.32820547
42.06,49.351578,2.17,1.5000097
40.83,52.081978,22.71,25.388182
42.56,48.538895,119.25,76.06454
45.3,45.983486,305.77,240.33986
31.53,44.001644,524.24,484.92535
12.82,27.599602,704.24,648.04443
4.12,11.832082,834.12,788.6776
3.17,1.4369808,919.24,904.1722
2.19,0.3067516,931.74,940.447
2.3,-1.0193954,837.53,885.0088
3.92,2.001242,706.04,769.1525
10.14,9.141329,522.24,561.6586
38.22,19.45563,300.35,355.10007
43.7,49.939144,124.13,186.84087
43.34,50.729527,24.52,40.576763
48.82,47.176533,2.0,1.0010622
45.06,48.637634,0.55,-0.8262509
45.55,41.992516,0.36,-0.8262509
43.7,39.817078,0.36,-0.058773175
41.61,39.390163,0.24,-0.07199354
40.94,38.727207,0.27,-0.07199354
41.32,41.034927,0.26,1.8898556
40.71,41.24064,0.29,1.9862373
40.11,40.363205,0.26,1.45703
38.19,42.20835,1.96,2.7508268
37.75,40.30013,23.42,22.804762
36.68,37.952126,119.82,84.74787
27.77,34.175846,301.48,245.54736
4.09,23.26261,517.36,499.69135
1.86,-0.5332111,671.52,645.21106
0.73,-1.9244838,748.28,776.15796
0.54,-2.2808282,818.16,799.2298
0.45,-2.618407,816.38,797.37885
0.43,-1.88341,764.65,757.6442
1.03,0.978521,656.66,673.2978
3.5,4.329446,501.99,542.2735
31.63,12.425996,307.73,353.9596
62.39,40.62769,127.1,187.903
67.56,63.53132,24.17,37.834454
65.59,64.850655,1.86,0.7891029
61.87,55.850544,0.41,-0.1479439
46.34,53.62232,0.31,0.012926374
43.65,42.817455,0.33,0.012926374
43.15,39.537735,0.25,0.012926374
40.41,40.191444,0.37,0.012926374
39.23,41.86883,0.34,1.4156082
12.42,39.69575,0.31,1.3885984
39.33,19.602526,0.24,1.3316871
43.84,47.958195,2.03,2.4994802
59.71,58.65801,25.53,25.364769
75.35,71.95092,129.4,101.61073
70.68,83.145065,306.91,269.88705
62.41,66.70651,513.2,516.2605
48.77,53.390667,673.26,667.9214
28.81,43.714626,795.15,786.03687
10.2,25.710146,841.58,853.8495
6.08,8.02431,847.07,858.97345
6.98,6.524597,792.83,823.90826
19.15,10.747656,693.78,705.42584
40.1,24.280436,532.75,562.055
65.68,48.904724,345.54,381.0251
85.0,70.787384,148.71,208.32053
109.16,93.66081,28.82,54.541767
127.69,101.16643,1.67,1.072762
76.5,106.88068,0.39,-0.13647674
57.94,66.36281,0.37,-0.8262509
50.93,51.183826,0.4,-0.1924762
51.53,45.455753,0.33,-0.8262509
49.91,48.513885,0.33,0.036961857
47.51,49.013615,0.28,0.66471255
45.93,46.310204,0.29,1.2955699
49.62,46.42837,0.26,1.2391953
52.34,57.62884,1.45,2.2094474
102.44,67.053085,20.93,21.269426
122.65,119.17498,129.43,84.633224
106.33,127.26787,320.08,249.14714
93.68,93.5717,541.52,494.1576
81.82,81.91468,720.94,692.66504
67.85,70.684906,824.58,815.15485
53.87,58.816673,855.01,858.4261
42.29,44.980907,852.99,866.81555
70.25,36.925655,775.14,821.46625
82.76,65.48647,632.82,680.4253
92.81,79.34478,465.41,532.5748
101.76,97.379944,285.97,319.59268
130.54,108.4567,122.8,159.0232
194.69,130.60094,19.36,50.19624
182.36,179.02168,1.67,1.4783483
126.33,165.80673,0.41,-0.21730666
106.84,106.081795,0.34,-0.029426612
95.33,85.77615,0.3,0.36918184
86.4,77.61847,0.19,0.3736284
79.06,75.22829,0.23,0.3736284
68.0,77.94666,0.21,1.1499976
65.96,68.16686,0.23,1.2715057
69.55,66.97753,0.21,1.4047589
89.84,74.40882,1.49,2.2680063
106.4,106.288155,17.53,17.544748
114.78,124.3924,81.86,81.93138
112.33,126.52722,192.03,195.43767
100.45,102.2189,325.89,325.43085
90.61,91.823814,455.56,439.07626
84.95,81.982376,549.54,544.3953
66.44,75.807144,595.65,588.23975
72.13,59.360283,594.73,607.88885
81.69,66.13407,546.54,607.1829
80.01,79.27394,477.5,492.70197
89.51,80.65965,361.97,413.7433
103.21,96.53946,225.81,253.16562
129.1,114.60922,97.05,135.6033
177.41,141.26004,15.34,31.124813
168.25,160.5579,1.19,-0.27250943
120.24,149.10547,0.21,-0.13647674
92.42,101.62121,0.2,0.039936066
76.64,82.685005,0.22,-0.13647674
94.72,69.782906,0.39,-0.022905398
88.82,83.60103,0.35,-0.5071969
86.08,89.17638,0.35,0.31959662
85.41,86.32574,0.36,0.31959662
88.07,88.26754,0.4,0.31959662
97.26,97.45386,1.79,2.1051812
114.8,116.263695,15.24,17.205303
146.17,141.99565,73.97,63.403984
147.49,154.24086,192.6,158.06775
124.84,129.56525,344.08,317.93408
112.27,116.94662,506.74,451.07202
108.13,103.091835,638.71,610.1689
101.34,93.89629,706.97,673.18854
100.46,92.676285,717.84,708.95905
100.89,93.60846,655.57,670.34705
100.66,97.21145,556.33,579.2709
98.44,102.11102,389.34,423.36276
132.91,106.9403,219.1,260.9355
164.71,141.90448,84.92,117.841125
183.82,169.12761,14.67,23.32677
143.47,170.9135,1.49,-1.4091343
118.26,125.67147,0.84,-0.66868424
98.77,101.55606,0.36,-0.022905398
80.74,88.322044,0.4,-0.5071969
76.36,72.700134,0.31,-0.8262509
81.05,71.233315,0.41,-0.8262509
79.96,84.15353,0.41,0.34565842
69.34,82.238556,0.42,0.34565842
76.03,73.4922,0.44,0.34565842
88.33,85.7961,1.4,1.1292092
110.91,106.59792,10.69,10.629513
117.14,145.1443,48.57,49.825138
116.2,136.49042,117.37,111.51582
107.88,108.25389,214.94,187.96823
88.76,96.38211,268.59,307.19632
92.14,80.975006,301.63,333.22772
87.67,84.82793,370.01,341.3323
69.71,80.32847,376.38,380.5614
76.17,64.12127,341.45,357.94333
87.48,74.799805,282.12,289.349
86.1,88.541824,206.27,218.42696
80.41,98.876884,118.31,142.12242
86.75,95.6604,47.41,55.75066
90.4,94.767944,5.44,10.121334
74.4,87.789955,0.59,-0.77494836
68.31,59.693913,0.64,-0.8262509
54.03,62.230213,0.86,-0.8262509
47.05,49.020767,0.72,-0.8262509
57.42,43.98203,0.86,-0.8262509
52.87,54.11498,0.76,-0.8262509
49.46,54.825615,0.66,0.34565842
47.32,51.206562,0.6,0.34565842
46.94,49.53776,0.55,1.1520605
47.27,53.756775,1.29,1.8517396
48.64,54.57271,12.33,10.544323
53.65,58.394894,68.54,50.999084
65.98,58.6777,158.14,155.03496
68.63,62.11278,289.21,252.15707
39.67,62.96077,438.93,382.7678
11.19,37.03837,548.68,506.62357
9.72,9.991943,628.66,585.08716
8.88,8.006102,666.6,632.8173
12.84,7.4680905,637.71,624.4661
24.04,17.743252,538.85,559.4923
32.63,30.52083,379.66,424.96008
74.46,40.918125,210.61,250.50385
97.14,81.68782,77.33,97.59268
103.4,99.06095,10.55,9.430728
76.12,97.56691,0.99,-1.3523551
65.45,68.48501,0.95,-0.5071969
58.87,54.43745,0.58,-0.8262509
51.89,51.505573,0.43,-0.8262509
51.13,48.0987,0.44,-0.8262509
48.25,46.550297,0.49,-0.5071969
44.13,46.787273,0.59,0.34565842
41.71,43.39592,0.65,0.34565842
41.82,42.206512,0.65,0.66471255
40.68,43.910397,2.06,0.87576735
43.91,42.38613,13.63,8.757039
49.87,47.823547,70.34,47.181652
23.54,52.2187,176.15,133.06981
13.69,22.415686,319.33,272.24072
7.4,12.106599,493.35,429.72708
7.89,4.6102014,628.25,573.6189
5.85,4.613752,727.91,664.81177
6.81,3.612718,729.91,711.38354
10.82,5.3451986,682.78,660.49036
10.67,11.835519,617.17,597.6763
29.39,15.551948,453.62,488.41595
56.81,41.139168,263.93,310.30426
69.85,68.75666,102.94,142.92435
70.71,74.55947,18.15,21.339756
67.62,69.13012,1.12,-0.15601866
57.89,62.070152,0.89,0.012926374
49.25,53.548576,0.71,0.012926374
44.47,43.500576,0.7,0.039936066
42.08,40.935005,0.56,-0.1924762
40.58,41.125404,0.62,-0.058773175
39.57,42.092358,0.66,1.1520605
38.46,39.919277,0.72,1.007734
40.0,41.06276,0.58,1.007734
43.92,48.236275,1.75,2.265822
57.74,58.539745,13.27,11.8047695
63.98,70.73212,77.17,57.26824
61.92,70.044426,201.79,164.42102
58.75,56.701405,370.36,326.0836
59.2,55.447643,569.92,497.85107
42.36,53.67689,735.19,652.4754
34.66,38.699608,840.03,739.10345
22.67,30.545074,846.86,854.6557
29.66,22.164862,802.64,799.08984
38.65,30.580631,674.45,691.6284
44.49,41.911797,487.99,543.9316
56.15,54.583893,276.0,316.24353
77.93,64.190926,101.5,144.35251
116.4,85.00976,12.9,20.329803
97.44,107.249855,1.06,-0.6843684
60.39,81.167984,1.25,-0.13647674
51.54,54.16193,1.05,-0.5071969
45.2,47.219013,1.05,-0.24961801
44.59,42.94328,0.48,-0.5071969
43.61,43.845177,0.41,-0.24961801
43.87,44.41598,0.34,1.3216317
42.68,44.243813,0.44,0.34565842
43.49,45.36985,0.32,0.34565842
50.7,50.50367,1.02,1.4482638
54.87,66.92127,9.38,8.757039
108.24,72.20781,56.4,63.4216
106.63,115.01183,139.92,153.01537
89.34,94.70345,245.45,271.17905
75.45,79.0711,357.04,381.6937
47.91,68.00938,439.56,436.4765
51.98,44.207096,470.26,480.74115
49.47,44.783672,466.19,474.03275
44.09,46.183384,418.32,437.53262
43.12,44.573162,339.51,389.62918
54.63,46.761715,235.63,264.196
59.14,60.329323,129.77,155.39876
113.15,70.35463,45.08,66.12646
178.93,114.87541,5.79,5.063358
145.76,172.79869,0.73,-1.9676554
70.53,121.85184,0.69,-2.0189583
49.36,63.108635,0.63,-1.4361619
44.38,47.430763,0.68,-1.4361619
38.1,40.653934,0.6,-1.4361619
35.24,35.983383,0.45,-1.3123044
31.68,35.208076,0.3,0.4237731
31.09,32.644573,0.37,0.40357554
35.74,33.87312,0.29,0.3977113
39.2,44.13997,1.0,0.61566055
51.23,56.30919,8.29,5.8115115
60.28,76.15461,66.31,43.99163
66.66,75.12205,182.12,147.06087
49.55,65.7954,382.56,298.34174
30.69,45.110344,594.36,487.35458
8.72,28.291729,810.25,682.0143
7.12,9.362114,938.28,830.2966
5.71,9.949849,970.38,910.3916
6.53,7.551914,916.12,851.5877
13.72,12.19955,790.5,776.5432
28.96,23.28798,551.41,582.373
36.3,44.24851,308.51,333.0313
43.69,53.903744,112.15,167.77115
52.83,65.963425,11.17,23.510681
49.92,66.75498,0.45,-1.0158517
46.2,49.852493,0.56,-0.5969845
32.31,42.76777,0.49,0.012926374
22.78,29.197023,0.58,0.012926374
10.53,23.12277,0.72,0.012926374
8.66,11.847504,0.67,0.039936066
8.29,12.04805,0.62,1.3885984
3.85,12.122502,0.66,1.4146602
3.89,8.640363,0.54,1.4156082
4.38,18.243902,0.73,1.3436768
28.99,21.050898,13.99,7.981273
43.13,52.681282,86.32,51.64057
59.36,55.407322,222.41,164.09567
38.24,56.909943,414.75,344.75937
25.98,32.991302,602.84,541.30493
5.55,20.772429,740.3,710.5345
3.4,3.7948515,823.93,792.1654
3.48,-0.4402778,852.06,807.83966
22.36,1.5329254,804.81,813.7169
29.43,24.962877,686.16,692.0784
36.82,35.24043,499.49,521.4402
52.36,45.20577,286.11,314.02548
83.09,63.690372,104.04,128.63649
139.61,93.335365,10.08,17.434881
92.38,126.19966,0.48,-1.7141393
55.55,83.24916,0.39,-1.697855
50.96,51.068302,0.34,-1.152771
46.83,41.149635,0.44,-0.5969845
37.59,39.46818,0.44,-0.5969845
38.61,32.810562,0.42,-0.12130406
38.54,38.868614,0.41,1.4146602
38.08,38.068787,0.51,1.1520605
37.56,38.353348,0.39,0.34565842
42.76,42.3838,0.59,1.1520605
55.09,59.941082,15.46,11.821489
63.41,71.02966,91.81,46.500095
67.94,71.05794,232.73,182.43643
58.56,66.63904,402.9,376.42953
50.74,52.40233,599.96,533.5553
48.14,42.84428,701.89,713.43884
43.89,41.535225,741.69,743.38245
41.13,39.245857,728.75,750.8573
39.44,35.92572,648.82,665.34674
42.11,38.87997,508.49,555.7613
43.88,46.458157,347.44,379.54382
50.71,51.86611,184.25,213.49313
58.88,61.41865,62.9,83.915504
76.57,71.47458,6.11,8.285785
72.96,73.359085,0.26,-1.5386715
56.7,62.17854,0.23,-1.7296102
50.86,49.1131,0.18,-1.3695107
42.06,44.621655,0.26,-1.3291838
38.94,38.113228,0.29,-1.2156125
38.43,36.614845,0.32,-1.2156125
38.14,37.992146,0.34,1.3757293
37.39,37.627724,0.33,1.492775
37.45,37.498367,0.31,1.4146602
38.59,39.7392,0.66,1.1520605
38.01,42.875008,14.13,10.545406
40.27,41.399223,75.58,49.243866
43.72,43.264633,186.94,144.18213
51.04,43.32991,329.87,289.72302
27.91,43.005264,472.92,451.79
9.25,24.31814,592.02,540.72534
9.01,7.865174,648.19,602.15533
8.48,7.313907,661.56,644.63654
7.48,7.4619346,627.47,606.2189
8.38,11.119812,525.43,529.83325
30.42,13.712375,375.3,405.9415
47.61,40.679905,208.2,222.45834
59.02,61.005604,72.42,86.37917
74.71,67.86387,6.9,9.783175
67.16,69.258194,0.33,-0.9178487
54.66,59.331837,0.34,-0.15713592
45.16,47.78574,0.37,-0.022905398
37.42,42.073032,0.41,-0.1924762
37.6,34.82267,0.36,-0.1924762
31.35,36.238937,0.39,-0.1924762
30.42,29.29824,0.39,1.1520605
29.77,29.451204,0.39,1.1259987
31.27,29.2424,0.38,1.1259987
30.17,33.388443,0.41,1.2652571
28.99,32.69734,13.13,11.821489
26.62,34.617302,91.09,55.182476
10.84,25.33157,252.22,170.80138
6.77,10.536567,477.93,397.1912
8.8,5.76475,697.89,591.05536
7.6,4.7514973,859.76,804.56903
3.43,4.7479467,944.38,893.3136
3.71,0.26974714,971.5,924.5532
3.76,1.0047442,927.75,871.0708
6.85,4.497319,795.19,829.5703
18.92,13.138371,560.69,608.71716
29.1,31.558071,309.17,371.93082
77.8,42.82998,102.48,169.28864
80.09,82.15448,6.74,16.052364
58.17,77.085,0.34,-1.1014683
49.62,52.970856,0.35,-0.022905398
46.75,45.355644,0.42,-0.1924762
44.72,40.035477,0.35,-0.1924762
41.99,39.63873,0.33,-0.1924762
42.3,38.707714,0.29,-0.13647674
43.59,44.346962,0.31,1.44167
49.26,44.421417,0.32,1.44167
49.84,52.0711,0.29,1.3216317
72.96,57.05274,0.3,1.1520605
110.25,84.04646,7.47,5.625204
141.92,124.65317,62.01,46.42433
121.97,149.09668,166.64,128.74536
100.9,106.98362,302.3,269.12997
88.26,91.57152,424.1,416.7774
77.49,78.727165,523.36,511.10532
67.8,68.64614,597.7,569.57733
63.14,61.13512,637.14,598.8229
70.4,54.896984,634.24,584.94183
79.79,68.59379,554.81,541.04584
97.76,77.2408,377.44,408.606
125.6,99.8783,204.3,237.24464
181.12,132.33156,68.22,98.838646
306.04,187.06558,5.05,5.7164793
249.48,287.82922,0.31,-1.7500074
136.58,210.37547,0.33,-2.0189583
95.93,115.8424,0.3,-2.0189583
62.1,78.94229,0.33,-1.4361619
57.6,52.599216,0.46,-1.4361619
57.07,50.89804,0.44,-1.4361619
57.68,55.043114,0.39,0.25365594
67.06,55.52791,0.39,0.25365594
83.19,66.00545,0.39,0.3977113
101.75,92.70962,0.4,0.31959662
144.19,121.654076,5.74,3.3293939
249.9,174.14732,49.4,41.492054
196.31,254.17249,140.82,96.69548
129.68,183.10204,278.13,212.44955
103.39,117.50069,437.26,360.34567
92.7,94.654106,609.31,502.05878
77.77,84.99763,720.05,618.10187
72.23,69.9299,743.36,692.1265
69.59,65.89688,762.58,686.2593
73.41,67.095085,658.03,635.20636
80.31,75.02232,471.76,486.5183
103.8,91.94072,259.26,274.99762
143.97,121.68473,80.27,124.063225
254.12,181.95802,4.32,9.281333
142.39,252.35725,0.29,-1.128478
96.11,123.001755,0.27,-0.12130406
65.38,84.703094,0.28,-0.022905398
44.06,54.951996,0.29,-0.1924762
36.89,41.27647,0.38,-0.1924762
31.88,35.935238,0.37,-0.1924762
30.66,32.638237,0.34,1.2652571
26.51,34.214993,0.36,1.007734
26.55,28.4959,0.34,1.1520605
53.09,34.788364,0.36,1.1520605
96.06,80.60966,5.53,4.9971585
171.69,145.59058,59.54,41.05936
135.14,194.75119,181.86,103.744286
100.68,126.04317,358.65,276.93918
77.23,93.108,581.05,496.2354
48.84,71.060394,774.82,684.3329
29.62,45.37763,875.57,800.6805
28.12,27.627592,700.33,860.0089
27.2,24.573736,632.79,645.85004
50.29,30.040646,483.67,556.47864
69.55,52.774914,369.65,373.423
95.88,74.14105,183.23,243.76646
131.28,106.96018,57.98,81.991745
159.42,143.69322,3.79,2.8710136
91.3,137.51161,0.38,-0.5186722
44.16,82.007385,0.4,-0.5089586
32.29,41.775463,0.39,-0.1924762
16.97,27.885042,0.47,-0.1924762
13.2,15.878203,0.57,-0.1924762
11.42,12.9824,0.52,-0.8262509
9.28,10.756741,0.49,0.34565842
6.45,9.100258,0.48,0.4237731
11.48,8.507257,0.46,0.40357554
20.82,18.978428,0.46,0.27971774
29.04,34.88141,3.8,3.803131
39.59,55.010117,34.73,41.390877
55.18,53.145573,85.56,102.8272
42.57,51.813183,146.26,179.65161
27.17,40.01049,217.47,246.92656
11.27,23.270058,230.52,285.26892
4.48,6.724247,229.52,278.5107
5.92,1.2035692,225.86,253.83997
5.23,3.4573684,208.05,222.69412
7.91,9.028323,190.16,175.33481
17.83,12.031574,125.69,157.70413
30.96,24.901545,72.78,80.824104
69.76,43.47681,23.03,33.623013
69.38,72.12705,3.47,-1.5068978
59.84,61.202576,0.59,-1.8322544
39.25,52.022552,0.56,-1.0678604
33.99,32.361443,0.51,-0.802387
16.69,27.032497,0.51,-1.4361619
16.96,13.848336,0.44,-0.7463876
12.44,16.541908,0.38,0.012926374
11.37,13.830704,0.33,1.2390543
9.23,10.727263,0.31,1.3577489
8.85,10.03558,0.28,1.4146602
8.49,12.598374,0.26,1.007734
16.46,20.66286,5.7,3.2948828
51.49,28.625343,49.21,31.459576
52.62,63.064632,134.07,86.921906
25.47,50.817852,275.56,210.45575
5.37,22.639584,436.86,391.98395
3.99,5.369575,583.05,516.01373
3.81,0.08887872,681.1,599.33826
3.75,0.5213763,717.59,671.6504
3.12,1.3335835,681.88,637.2166
3.79,4.351063,603.44,547.2879
3.67,7.447746,411.08,451.75372
27.65,14.410762,209.58,239.5781
48.48,37.282387,61.15,79.83168
57.17,53.555748,3.68,5.7979193
56.74,55.634098,0.55,-0.5712273
48.56,50.128143,0.42,0.012926374
32.74,43.475475,0.42,0.012926374
29.44,24.860361,0.44,0.012926374
21.5,24.618387,0.42,-0.029426612
16.22,20.459623,0.45,0.012926374
14.48,14.899586,0.43,1.4156082
9.81,13.443181,0.43,1.2553455
11.41,9.176429,0.41,1.1338371
12.69,11.449351,0.47,1.1338371
15.45,15.099117,6.6,8.715809
23.16,21.134592,77.69,48.911724
24.58,25.858238,251.65,154.82019
21.75,23.425308,471.66,397.05746
11.92,16.997786,678.91,584.9232
4.11,9.018396,833.96,806.6422
3.69,-0.13829231,884.35,895.2221
3.41,-0.425152,885.88,860.38904
3.5,0.3098444,816.65,809.3977
5.05,3.5155585,657.96,690.16705
8.28,9.338657,420.25,500.34897
47.44,17.665482,213.24,254.88382
68.92,56.210793,53.4,88.089294
67.27,71.78175,3.28,5.736471
60.79,61.79693,0.46,-0.1924762
49.72,53.129627,0.44,-0.8262509
33.79,41.734726,0.5,-0.8262509
27.45,29.42849,0.57,-0.8262509
26.35,23.355833,0.57,-0.1924762
19.02,23.579689,0.52,0.012926374
18.83,18.034824,0.5,1.4146602
20.87,18.109278,0.5,1.44167
22.08,20.61745,0.49,1.1520605
24.53,23.4043,0.53,1.1520605
31.83,25.659298,5.87,2.555612
35.6,31.38567,50.78,51.122
53.43,32.966084,159.26,136.88773
62.45,45.45879,307.96,264.78937
44.93,51.034645,451.27,461.33145
23.84,36.969185,541.6,565.9746
9.76,18.566813,565.77,600.1048
9.91,5.1985497,531.54,557.50757
9.57,5.886216,489.35,519.4956
10.05,9.091928,359.72,434.02997
18.2,13.011514,219.59,287.3948
80.06,29.3693,104.84,155.9704
105.09,89.40738,25.5,49.28774
117.96,105.715836,2.41,-0.33413944
89.6,101.483955,0.41,-0.8262509
71.98,77.90665,0.53,-0.8262509
52.95,60.09419,0.5,-0.8262509
13.88,44.169014,0.48,-0.8262509
16.3,13.36944,0.4,-0.8262509
8.35,15.48721,0.41,-0.8262509
4.66,10.077872,0.41,0.34565842
3.25,7.4593563,0.39,0.34565842
3.19,7.5187545,0.38,0.34565842
3.73,13.324019,0.39,1.2652571
16.91,24.757448,4.43,5.348453
46.6,40.49441,47.55,41.05936
42.36,58.995445,137.95,95.92153
9.89,45.20385,282.24,221.53918
15.06,11.868288,445.62,381.9847
7.19,16.0174,552.13,515.3659
4.56,9.38971,594.9,556.5154
3.98,5.0144463,585.42,606.0308
3.8,6.071118,515.26,549.14923
3.78,8.594466,401.72,440.0682
4.39,12.560978,227.53,295.40274
5.78,16.860636,99.92,145.40274
11.48,20.889217,21.97,29.161018
40.69,29.79046,1.36,-1.0153188
22.42,39.305424,0.48,-0.8262509
5.12,24.686,0.45,-0.8262509
2.99,11.661547,0.47,-0.13647674
0.5,1.8521361,0.47,0.039936066
0.12,1.9169265,0.47,0.012926374
0.19,2.0581632,0.54,0.012926374
0.06,1.7906668,0.41,1.2652571
0.07,2.365692,0.38,1.44167
0.37,2.8963118,0.41,1.1520605
2.16,13.163564,0.48,0.34565842
3.98,20.6663,4.31,1.6772625
14.33,34.5027,42.75,29.875092
18.37,28.397312,128.54,98.47131
14.12,18.487207,250.91,192.35265
13.58,11.741562,396.09,368.51154
11.44,11.14757,504.84,516.99414
10.64,6.3462844,541.97,558.42505
9.52,8.626957,514.12,547.2227
9.98,7.9719386,461.65,469.9991
13.24,11.863661,343.7,390.24295
17.72,17.503815,219.43,272.84598
22.37,30.064363,114.46,138.4264
52.09,34.08676,23.38,36.245716
71.72,65.43963,1.2,0.9865978
54.96,64.55133,0.58,-0.1924762
33.49,48.032543,0.6,-0.24961801
27.97,25.875784,0.63,-0.8262509
22.92,20.222786,0.56,-0.5071969
25.01,18.514643,0.44,-0.5071969
23.04,21.387934,0.41,-0.8262509
19.76,21.745466,0.41,0.34565842
18.87,18.183323,0.4,0.34565842
21.92,18.498205,0.4,0.34565842
28.25,27.19385,0.39,0.66471255
55.49,43.661247,3.91,1.6772625
82.67,78.959465,39.74,32.8694
81.49,90.47626,140.82,88.57239
74.77,75.12526,298.88,216.96754
64.23,61.564457,461.18,401.9781
40.71,54.764034,573.66,530.7669
21.12,33.37889,663.64,583.4809
16.11,17.671257,663.91,645.57385
16.66,12.734783,617.66,620.7498
32.21,17.308031,521.05,507.2675
71.01,34.336243,344.94,363.8943
84.3,79.34929,165.42,207.3272
95.53,96.253876,37.16,60.448635
105.08,103.83409,1.19,2.2682822
94.36,92.11219,0.64,0.039936066
70.15,75.95426,0.57,0.012926374
52.97,58.258114,0.51,0.012926374
30.94,41.108047,0.45,-0.029426612
23.86,25.881334,0.41,-0.029426612
20.83,20.564077,0.4,-0.029426612
16.55,20.836882,0.38,1.2814072
15.38,15.928062,0.38,1.2390543
17.54,16.22571,0.39,1.2814072
41.77,22.863773,0.4,1.2652571
78.27,52.427376,4.55,1.274276
89.94,92.12077,46.53,28.108082
92.83,98.1068,146.94,104.01921
82.0,85.562805,272.21,237.04234
68.72,71.46945,389.05,373.46466
44.86,61.43637,477.08,512.46265
13.95,37.217876,521.68,545.69293
8.01,9.859874,514.1,515.91925
8.57,5.4513125,483.01,477.73865
9.44,10.1728,361.13,387.48013
26.67,15.205778,236.34,265.21814
62.12,34.637608,123.44,142.9217
71.14,71.76156,24.06,37.402298
73.46,76.03661,1.05,0.61499596
73.76,67.161194,0.54,-0.022905398
58.55,61.091606,0.49,0.039936066
32.52,48.78603,0.48,0.039936066
27.32,25.681004,0.47,0.039936066
13.72,21.23748,0.47,-0.50411266
9.78,10.009806,0.46,-0.023028895
9.99,7.474648,0.42,1.2064402
9.52,8.564107,0.41,1.4146602
10.24,9.033664,0.45,1.4146602
12.39,16.710644,0.5,1.2814072
35.89,26.806816,4.21,4.862793
67.85,52.46104,52.28,35.652397
70.78,78.03017,190.34,123.74959
67.16,65.083626,376.47,317.72433
51.1,60.041176,551.59,479.71634
13.77,43.237003,680.32,636.24335
6.02,8.797978,743.39,721.811
6.39,2.9436357,711.25,747.4076
6.08,3.9383612,607.77,655.01776
12.93,6.955459,451.34,524.093
39.71,16.276993,277.11,342.76047
55.21,47.02754,119.49,162.25143
81.29,63.217907,18.7,38.517193
56.93,83.77631,1.09,-1.6857663
26.7,55.30453,0.5,-0.5071969
19.48,26.09794,0.44,-0.1924762
10.94,16.46876,0.45,-0.8262509
3.91,7.1153135,0.47,-0.96048164
4.55,0.25316122,0.53,-1.4361619
4.53,1.0798463,0.45,-1.4361619
3.56,2.2598639,0.42,-0.1194587
3.35,2.0474577,0.38,0.27971774
3.17,1.510328,0.44,-0.116374485
3.24,2.193181,0.48,0.27971774
3.37,4.723251,2.79,1.611321
3.87,7.8026385,29.79,39.904625
10.76,3.565337,91.12,90.95842
16.23,9.8746,197.72,187.63525
3.28,13.675256,346.6,322.25323
2.47,-1.0071485,459.59,447.5257
1.67,-1.5548099,533.39,520.0135
0.74,-1.9466747,551.85,535.7173
0.91,-0.69474226,500.43,500.16675
2.53,2.5109706,409.61,424.85385
17.74,8.13661,278.76,295.7994
25.79,30.61851,126.39,159.61594
28.12,36.91236,18.63,32.18958
22.03,34.50731,0.97,-1.4652165
24.2,22.592392,0.56,-1.5162839
23.8,20.99964,0.44,-1.4361619
18.41,19.416927,0.44,-1.4361619
19.33,14.57362,0.44,-1.4361619
7.97,15.285736,0.55,-2.0189583
3.61,6.95003,0.38,-1.4361619
3.35,2.0162253,0.35,0.27971774
1.65,1.8076692,0.34,1.0861197
2.02,1.1739807,0.34,0.4237731
2.58,2.7458086,0.41,0.4237731
3.38,3.7481563,3.19,2.954864
3.72,3.4248505,34.63,25.05119
3.09,5.859115,112.28,76.04673
1.32,1.9876974,215.29,210.5451
0.14,-2.3052907,335.61,319.15112
0.07,-4.0290523,487.95,402.7573
-1.17,-4.0290523,554.6,508.24063
-1.07,-5.363929,561.81,523.7072
-0.32,-4.853546,509.15,527.6752
-0.51,-0.5927746,405.72,421.92468
-1.47,2.4143662,274.18,289.3948
2.24,8.590204,106.28,151.09404
14.16,13.569544,16.25,20.57579
19.44,19.864616,1.02,-1.3910315
18.76,19.685602,0.56,-1.4362854
8.8,16.212067,0.6,-0.8263745
1.84,5.888019,0.69,-0.82316667
0.92,-1.2262056,0.67,-0.50732046
0.73,-0.7485549,0.61,-0.19259967
0.28,-0.2228933,0.5,-0.82316667
0.25,3.0997033,0.52,1.1551447
0.29,3.554194,0.48,0.34565842
1.18,4.4875774,0.51,1.2652571
8.53,8.979591,0.76,1.1598989
17.99,19.126787,3.77,3.717627
25.56,31.565603,51.61,31.699139
26.71,33.473488,227.22,120.091515
25.79,23.341467,463.04,344.39038
23.42,22.485714,714.7,566.66675
22.49,20.793661,873.25,816.3302
21.82,20.793661,942.74,897.0837
20.26,19.916903,948.52,928.5714
20.41,17.742983,850.66,848.3013
22.35,20.856916,667.25,705.7979
23.15,26.50867,409.38,497.29404
25.76,30.62457,167.88,234.04248
43.59,33.276657,30.31,54.374435
51.12,45.735504,2.03,0.56032634
39.69,43.814342,1.22,0.2423643
24.21,30.399837,1.07,0.3736284
23.26,19.47912,1.01,0.3736284
19.55,19.664574,0.84,0.3736284
3.29,17.552475,0.9,0.3736284
15.94,3.6150625,0.91,0.3736284
15.72,15.322875,0.88,1.1760594
15.7,15.397327,0.83,1.1760594
15.73,15.950384,0.82,1.1760594
21.4,20.660234,0.96,1.1760594
44.88,30.993652,3.41,3.7337875
71.22,53.81107,52.93,39.978077
70.8,73.66417,227.25,148.4917
46.36,63.085716,471.01,380.8085
26.19,38.87228,640.09,623.72
24.05,20.453087,796.12,760.7874
23.08,18.976376,874.09,860.8858
24.86,18.876894,876.6,856.01526
24.31,21.303944,895.94,804.16504
22.87,22.91709,705.84,736.3613
28.78,25.383156,438.35,502.82413
68.57,35.370678,179.24,249.5011
88.62,75.18108,27.22,62.315567
84.42,88.830315,1.46,0.7747257
81.23,74.23617,1.42,0.3736284
46.13,66.38857,1.39,0.41598144
23.9,37.68567,1.16,0.44299117
22.69,19.131033,1.11,0.3801497
37.27,19.997976,1.03,0.41598144
35.89,31.417347,1.12,0.2665784
34.98,34.42368,0.94,1.6403985
35.76,32.956524,0.85,1.5473695
32.97,34.8723,0.92,1.4909952
39.62,35.639706,1.16,1.6403985
58.25,49.807606,3.18,3.9885492
81.68,71.76612,42.33,37.608845
90.82,85.62338,176.26,125.004944
76.1,83.00162,394.32,299.3754
52.05,67.52492,642.3,540.669
45.02,46.145344,801.84,753.8326
25.78,37.217876,894.47,837.2216
18.6,21.188356,891.29,872.62537
21.58,16.862934,792.32,817.84814
25.67,22.016855,624.42,681.1002
50.66,30.760983,383.25,464.35242
79.14,59.372646,156.28,222.11185
95.01,92.63137,21.01,52.283993
99.82,99.74072,1.48,-0.04879775
90.7,90.83343,1.2,0.20001136
73.82,78.83054,1.09,0.3736284
66.69,60.23058,0.9,0.41598144
50.26,53.503273,0.79,0.3736284
54.57,42.855595,0.76,0.3736284
51.12,47.516396,0.85,0.3736284
48.47,48.82684,1.02,1.4647926
48.52,47.17607,1.47,1.5071455
51.42,49.712097,2.06,1.5071455
58.05,58.6557,2.42,1.6335105
83.92,71.3423,4.26,4.2400007
99.98,98.321655,44.95,33.500725
102.03,111.280235,203.41,116.62384
85.4,93.513855,444.2,345.65137
62.64,77.50049,687.8,594.66895
53.65,53.32655,867.98,807.87427
28.98,45.355812,949.69,880.98553
16.46,23.981096,932.9,918.8124
25.31,12.789805,845.29,863.5763
32.26,24.817884,761.57,737.7441
59.84,35.65011,399.21,549.1954
70.62,68.27545,149.79,229.33511
92.8,81.11909,20.27,45.61864
94.55,96.924355,1.58,-0.04879775
93.32,86.24966,1.2,0.012926374
69.97,83.13186,0.97,0.2423643
38.99,59.492313,0.87,0.41598144
32.09,33.25035,0.82,0.41598144
45.14,30.530573,0.73,0.41598144
43.27,42.694286,0.87,0.41598144
36.3,43.360928,1.0,1.766763
45.23,36.327293,1.11,2.2143698
53.62,46.522953,1.29,2.2417574
59.56,62.208355,1.86,2.362575
81.74,76.53046,4.11,4.57059
98.63,96.266556,50.29,32.39777
103.15,111.105194,227.75,128.22844
98.7,95.016426,501.77,371.55978
80.43,89.96767,797.21,641.8598
75.74,71.45418,961.51,908.7928
69.81,64.72311,1056.9,942.2526
65.08,58.61179,1059.08,917.82874
64.41,54.050358,941.19,874.9498
67.56,58.085514,721.21,813.9367
78.87,70.19461,429.3,528.9234
81.59,85.778854,156.6,248.92738
88.61,90.74962,15.69,47.091976
85.28,92.37821,1.59,-0.04879775
79.73,79.75868,1.25,0.012926374
61.18,69.306114,1.14,0.039936066
37.48,50.720497,1.07,0.41598144
27.88,30.663824,1.17,0.41598144
28.62,26.22011,1.02,0.41598144
28.92,29.518606,1.1,0.41598144
30.91,28.176743,1.16,1.6335105
32.28,30.772251,1.17,1.766763
32.06,32.955215,1.09,1.9879384
32.49,36.916386,1.13,2.0649672
30.14,38.16486,3.07,3.6175327
30.47,38.89967,39.01,35.196705
30.14,33.317215,174.28,119.43751
31.05,29.997526,397.26,305.053
29.05,27.182686,641.39,538.08325
28.96,26.59532,815.33,728.30457
28.33,26.365692,895.21,828.41205
25.34,26.158026,886.61,848.8272
28.03,23.690592,783.84,793.7167
28.15,29.771578,583.88,680.4069
31.88,31.351053,337.15,442.00354
76.56,41.859932,113.95,200.09888
76.92,85.25332,11.06,28.760704
93.45,80.9535,1.09,-0.77494836
70.73,83.22775,0.95,-0.8262509
45.85,62.385788,1.11,-0.59681296
37.3,38.723396,1.11,-0.4276422
22.23,30.9818,1.08,-0.4231956
20.63,22.247755,0.88,-0.104141705
20.38,20.391586,0.92,0.344282
21.21,18.709522,0.92,0.69776154
21.56,20.503326,0.9,0.69776154
19.8,21.753815,0.97,0.69776154
20.65,21.13497,1.2,0.69776154
19.05,21.714838,2.44,1.256823
20.35,21.339775,28.16,24.839485
27.77,19.493118,134.46,74.81143
25.54,23.77022,300.37,206.93814
25.17,21.66965,500.45,417.31827
24.05,21.66965,644.48,586.4834
16.12,20.251587,733.79,659.9547
10.33,12.996115,742.38,707.66113
21.0,8.472623,662.92,683.9818
28.96,23.01093,500.06,552.89307
45.41,32.253136,287.64,371.1463
73.53,56.556,101.65,162.58215
79.63,80.8197,8.6,16.276451
59.5,83.30101,1.39,0.028397229
34.14,56.95352,1.23,-0.8262509
17.84,31.115635,1.24,-0.8262509
18.46,17.842632,1.14,-0.59681296
18.44,16.35593,1.12,-0.59681296
18.63,17.45887,0.39,-0.1924762
18.22,18.504461,0.43,-0.5071969
18.14,20.988693,0.45,1.5312092
18.91,21.063147,0.37,1.5312092
19.21,21.616205,0.35,1.6401216
19.21,26.1403,0.33,1.7601594
46.43,30.499464,0.7,2.8229141
96.9,56.331192,24.3,27.171612
96.64,103.41812,115.59,88.585945
60.54,86.08109,260.11,241.31856
42.18,54.508118,414.12,420.47604
33.53,39.752945,515.88,537.841
26.26,29.237928,575.36,570.3482
27.91,23.162321,583.23,587.518
37.21,25.542871,503.95,557.6769
56.46,37.89228,342.34,452.18414
73.23,57.318336,208.37,272.2218
99.78,82.36026,73.98,128.86928
197.21,109.50192,7.27,15.816302
191.57,195.30797,0.47,-0.027977414
91.03,169.3893,0.49,0.3801497
73.02,73.76829,0.45,0.21057902
38.05,57.496956,0.41,0.21057902
23.72,29.48086,0.41,0.15343721
22.27,20.345695,0.45,0.21057902
21.11,21.509693,0.43,0.344282
19.44,20.521864,0.35,1.0238941
25.13,18.700485,0.35,1.3377922
19.21,24.596275,0.42,1.3377922
45.23,23.43973,0.44,1.142159
69.06,56.371822,0.89,1.484457
144.47,84.31389,18.16,23.39696
109.44,156.14383,102.68,82.523994
87.74,97.2597,381.43,214.54977
76.58,77.91414,640.27,519.70966
71.25,65.991165,769.16,740.7559
67.19,61.81425,826.66,788.8159
65.44,58.15451,827.88,791.9487
68.78,54.954197,642.11,751.77374
74.56,63.98518,534.91,554.296
82.27,74.24515,296.4,398.90225
102.62,90.80507,95.42,181.28899
210.87,121.51113,6.06,15.322496
168.51,197.10114,0.43,-0.085174076
86.82,148.33937,0.52,0.3801497
75.12,77.54459,0.33,0.32377508
67.44,58.29738,0.32,0.2665784
54.08,54.18783,0.52,0.44299117
40.45,44.619083,0.52,0.44299117
37.39,34.456585,0.58,0.41598144
38.57,35.43988,0.43,1.2814174
33.54,37.438602,0.42,1.0238941
37.95,32.406902,0.44,0.68087316
52.19,41.82348,0.79,1.1682208
88.36,67.46781,0.89,1.1648269
132.55,112.38339,25.38,19.965446
105.57,146.26059,137.93,70.36778
83.74,95.22856,361.22,218.95929
70.28,76.78593,642.79,503.96536
57.42,65.06688,840.83,749.95074
51.72,52.81941,974.18,877.20496
53.62,49.36519,946.96,917.6274
56.63,50.871494,829.29,864.2905
63.5,58.376293,615.25,692.46674
70.71,65.102684,376.92,455.90646
106.84,80.38072,114.99,225.4029
184.09,128.5512,8.86,26.91086
246.79,183.00644,0.77,-0.1980577
110.69,224.05983,0.52,0.37696362
81.93,97.4718,0.44,0.44299117
68.96,71.88929,0.49,0.44299117
63.26,60.527718,0.43,0.3801497
64.42,55.298836,0.34,0.44299117
60.36,56.51719,0.24,0.44299117
52.99,60.580368,0.66,1.2814174
55.29,54.12329,0.64,1.1682208
63.05,55.619328,0.24,1.3377922
70.24,68.9336,0.68,1.2814174
97.47,87.27906,0.94,1.8072314
135.38,126.4443,8.54,25.975567
107.43,147.21948,86.77,85.58375
80.83,95.630806,323.49,203.67209
71.76,73.681244,283.5,478.15988
61.13,64.74758,647.39,401.75247
50.34,52.871315,528.47,688.55725
46.28,44.12563,703.0,560.17065
53.85,41.181442,452.43,642.56537
60.7,53.500454,324.41,422.80872
71.43,63.466286,192.62,267.43805
117.02,80.302765,57.12,113.01312
166.67,130.0726,4.58,7.00195
173.31,185.74513,0.62,0.0026480411
109.46,155.2358,0.3,0.18078335
89.75,95.14854,0.3,0.41598144
87.77,79.87597,0.32,0.41598144
70.8,75.70753,0.33,0.41598144
59.58,63.87938,0.31,0.44299117
40.92,56.576096,0.34,0.44299117
30.99,42.835243,0.33,1.4308207
16.94,33.23968,0.32,1.4308207
31.16,19.750578,0.32,1.4047589
49.01,39.786663,0.35,1.4578302
71.66,67.79639,0.44,1.9836445
82.12,99.66584,13.9,19.013086
81.07,96.217186,93.91,74.39782
64.76,75.64732,225.69,217.06285
43.71,55.465622,366.37,349.1508
29.27,40.713203,469.84,484.08423
19.78,28.164902,492.11,533.94116
12.44,20.158978,475.08,532.5277
18.73,16.011602,403.28,469.38956
34.99,24.565311,297.75,360.61423
45.58,40.082466,164.82,221.91057
68.04,58.595707,58.6,77.872536
90.62,83.967415,5.18,8.27258
78.67,96.490074,0.37,-0.021644894
51.79,73.75865,0.36,-0.08448636
19.09,51.821743,0.34,0.03138035
9.6,20.025103,0.33,0.18078335
3.0,9.572207,0.27,0.18078335
0.95,6.976953,0.33,0.20055087
0.47,4.3161306,0.38,0.31412214
0.31,2.4648924,0.37,1.2165362
0.16,1.4631158,0.45,0.920091
-0.57,2.358064,0.38,0.57706976
-0.7,3.162016,0.4,0.65751123
-0.62,4.583487,0.45,0.33845714
-0.05,4.5281234,4.3,16.575455
0.23,4.0545034,35.78,56.400314
0.73,0.3646611,82.72,116.187325
1.1,-0.7422925,114.21,169.42621
0.5,-1.2874854,130.12,182.73576
0.19,-3.0080342,131.34,171.34337
0.92,-4.0873528,116.82,159.30995
1.18,-2.1440487,82.13,125.76205
0.92,2.4528255,57.85,85.9146
1.51,5.9102817,32.72,59.034405
1.57,11.71402,10.3,27.922852
2.2,11.241767,1.35,-0.15382089
3.11,6.356996,0.28,-0.4893467
2.09,4.902312,0.34,-0.6585175
1.46,-1.0537971,0.38,-0.6585175
0.75,-1.0795388,0.38,-0.4892232
0.08,-2.2339408,0.37,-0.4892232
0.5,-1.570533,0.43,-0.4892232
0.1,0.32700723,0.4,-0.6583939
-0.03,-0.06335396,0.39,0.28407747
-0.05,-0.15890189,0.34,0.28407747
-0.05,0.30430752,0.33,0.9461528
-0.02,1.4261613,0.36,0.28407747
0.0,1.6540978,0.36,0.28407747
0.55,1.729045,5.78,7.029481
0.94,2.7287276,48.68,43.672157
1.91,1.3685211,117.13,119.285355
1.7,1.2090826,172.07,201.00206
2.36,0.31105512,219.75,262.08765
2.45,0.8167535,245.82,265.9144
2.05,1.4741883,249.53,267.4649
2.0,1.8771975,207.31,233.82585
2.67,4.282949,153.08,149.39906
3.07,7.517677,89.34,85.790276
4.2,13.035154,21.7,34.235584
12.2,13.193878,2.2,-0.025727753
25.42,18.216112,0.42,-0.08448636
12.77,22.84613,0.37,-0.2540572
5.27,10.713722,0.39,-0.2540572
5.09,4.579497,0.33,-0.08448636
4.18,4.579497,0.31,-0.2540572
12.03,2.4690976,0.3,-0.024619102
8.79,12.77482,0.22,0.31412214
8.84,9.820787,0.31,1.1862231
10.47,9.89524,0.22,1.2600508
14.5,11.774084,0.29,1.0644178
18.81,20.348337,0.33,0.9461528
53.31,30.44722,0.39,0.28407747
82.46,71.05066,6.54,8.097389
93.3,94.57255,51.18,40.303093
89.5,87.80507,131.72,125.72722
76.76,80.83596,226.28,216.1386
68.64,67.73649,302.57,281.08237
69.52,61.270393,351.73,353.8571
69.13,61.13512,354.65,348.16006
73.73,62.380447,305.72,311.10016
74.99,70.73543,216.41,244.5167
82.88,74.05822,114.66,126.657555
94.34,90.51886,31.36,39.42881
109.92,106.45364,1.9,0.4905484
130.2,112.72053,0.72,-0.1980577
104.44,108.898674,0.28,-0.021644894
95.75,85.38847,0.26,-0.1980577
90.55,73.59645,0.31,-0.2540572
80.28,71.13521,0.3,-0.6583939
72.52,64.36258,0.4,-0.6583939
69.12,58.721363,0.38,0.10908381
65.97,65.93497,0.41,0.99783236
65.56,63.755814,0.38,1.3117304
67.06,60.81324,0.39,1.4317684
71.38,70.537575,0.49,1.3117304
95.28,83.18798,0.65,1.1682208
163.39,122.80645,6.51,4.5594726
201.62,187.15262,43.26,40.487934
146.63,186.59796,108.17,112.83473
109.69,128.28513,167.77,199.32698
88.83,97.354294,206.91,235.68875
80.21,80.25293,218.39,245.63779
75.88,73.31953,178.38,228.73341
76.66,69.723206,125.05,177.38191
73.97,74.84704,82.43,117.59361
77.59,74.08048,44.66,61.092655
77.67,86.54947,10.26,24.882372
88.79,88.28366,1.1,-0.7160464
58.72,96.27816,0.34,-0.88783187
30.76,57.725353,0.25,-0.88783187
19.87,30.594364,0.31,-0.88783187
19.68,19.105679,0.3,-0.88783187
19.11,16.787039,0.36,-0.88783187
23.33,18.599503,0.4,-0.88783187
19.9,23.33999,0.43,-0.88783187
19.55,21.065886,0.32,0.28407747
20.06,21.271725,0.38,0.28407747
19.21,23.109203,0.29,0.28407747
19.56,26.633045,0.41,0.28407747
31.01,33.98365,0.51,0.28407747
82.93,61.737324,2.86,5.6258636
99.53,119.69667,17.92,40.893475
86.36,102.67696,69.59,80.2315
74.11,79.98053,139.89,139.22269
55.47,65.925835,248.35,204.61707
38.32,49.620537,332.41,272.92844
34.93,37.144444,382.66,310.5464
30.47,34.45573,374.08,332.6077
30.85,35.752163,288.94,313.65134
56.66,38.612408,152.84,190.85327
81.51,68.935715,40.23,59.302055
108.82,97.451195,4.32,3.8505409
111.28,113.54392,2.75,-0.09100757
95.09,96.86384,0.62,-0.048654594
81.52,75.42494,0.44,-0.1980577
58.65,65.719864,0.41,0.30760086
41.54,49.227764,0.42,0.41598144
47.65,35.899662,0.34,0.44299117
42.31,42.887596,0.44,0.3801497
41.35,43.588566,0.42,1.4317684
43.67,42.510185,0.37,1.2975675
45.43,45.50518,0.35,1.1499976
72.59,51.845657,0.37,1.3739094
92.84,87.529816,0.61,1.4308207
112.17,119.45227,6.16,5.6513553
113.35,131.62341,68.4,24.241987
98.38,107.09873,182.35,118.20267
82.31,94.415085,283.62,250.187
68.26,72.751236,338.11,339.25415
51.51,61.362778,349.95,354.33795
43.95,46.60968,285.69,350.53903
38.59,40.21357,191.25,271.799
35.15,36.815075,101.95,155.86888
25.91,37.859474,47.99,63.751663
25.79,34.185375,8.68,26.333231
26.41,38.12906,1.12,-0.7251623
26.45,30.220259,0.48,-1.0199481
23.91,24.833954,0.42,-0.88783187
21.54,22.24453,0.37,-0.2540572
19.69,22.362934,0.4,-0.1980577
17.43,20.008493,0.36,-0.048654594
4.12,19.35912,0.4,-0.09100757
2.1,5.9233184,0.42,0.13843037
1.54,5.1150723,0.39,1.0808651
1.82,5.275598,0.39,1.1760594
5.03,6.1575637,0.34,1.1760594
15.62,17.353558,0.41,1.1760594
34.73,31.443138,0.68,1.1760594
63.79,51.68494,6.69,10.340329
69.71,76.061264,75.11,52.868813
52.01,64.760864,215.98,163.03864
43.87,49.961926,365.85,321.38135
30.27,43.388405,440.24,449.09662
21.39,27.71059,468.67,487.17218
20.19,20.701105,408.57,475.44324
18.75,18.609795,312.21,372.44394
18.51,22.260025,201.74,243.51595
18.3,24.540028,90.62,97.56523
19.88,29.129004,18.22,29.074722
20.62,29.542696,0.82,-0.8290728
18.39,23.213331,0.47,-0.88783187
9.08,19.68697,0.42,-0.6583939
1.3,5.026791,0.45,-0.88783187
0.12,-1.3311831,0.48,-0.88783187
-0.88,-2.1831331,0.48,-0.88783187
0.73,-2.7159555,0.43,-0.88783187
0.23,0.3636524,0.5,-0.88783187
0.12,0.6911821,0.49,0.28407747
0.18,-0.08631496,0.48,0.28407747
-0.12,0.39400378,0.5,0.28407747
0.1,-0.02253981,0.55,0.33845714
0.77,2.9564378,0.66,0.9461528
5.74,6.9431047,7.05,5.554715
14.34,11.303392,68.49,47.551006
17.84,12.328165,200.47,142.94452
21.63,16.533133,332.97,290.61255
20.88,16.788322,441.32,396.0395
18.74,14.911862,499.0,469.6843
16.24,12.85913,493.89,483.25223
17.39,10.488892,422.3,439.0459
21.86,15.543497,285.08,325.21915
27.22,24.267082,140.88,154.92647
31.2,32.572845,26.0,40.6776
29.87,36.27003,1.74,0.9177081
29.8,29.946844,0.39,-0.09100757
26.78,25.161556,0.58,-0.048654594
20.65,20.231295,0.49,-0.048654594
2.95,15.923998,0.44,-0.048654594
1.92,0.38207668,0.41,-0.048654594
2.41,0.38533866,0.39,-0.048654594
1.35,1.8155887,0.41,-0.048654594
0.97,0.91978854,0.39,1.3530793
0.38,0.7589382,0.43,1.2198263
0.33,0.2965133,0.51,1.1805576
0.21,0.8720187,0.49,1.3561635
0.2,0.118417576,0.66,1.407459
0.91,0.22037579,6.12,6.3778663
2.13,1.4848778,68.47,42.425335
2.1,-1.435028,200.24,151.06927
2.0,-2.3457062,351.39,300.40363
2.26,-2.3457062,470.21,424.31787
2.5,-2.3457062,531.5,521.46204
3.03,-2.019693,511.18,535.05774
4.39,-1.2568142,427.87,470.8142
7.98,2.8327157,287.24,353.89468
20.35,11.342504,131.36,184.5454
25.88,28.008238,25.44,40.576584
35.22,33.426937,1.13,0.89069813
30.52,35.958694,0.57,0.37696362
27.12,28.348862,0.5,0.41598144
24.02,22.663645,0.44,0.3736284
20.11,19.179523,0.41,0.3736284
20.23,16.079517,0.29,0.41598144
20.46,17.095024,0.35,0.41598144
17.05,18.391798,0.38,0.3736284
17.06,19.175806,0.39,1.2975675
16.07,19.324965,0.38,1.1760594
27.26,18.146,0.41,1.1760594
35.39,32.834526,0.51,1.1760594
81.78,46.651638,0.71,1.1760594
141.32,92.83716,5.46,6.132055
142.81,153.14499,49.6,37.93336
107.91,127.50148,151.19,117.32707
87.38,93.08216,242.1,229.60852
79.5,80.53864,297.85,309.4341
69.88,72.327,294.98,338.42905
68.06,63.47673,267.14,289.97137
71.09,64.21173,198.39,243.91747
79.12,70.45876,125.8,163.7678
86.26,79.24222,50.06,76.64578
124.15,93.14629,7.26,14.773781
166.21,129.69812,0.92,-0.2592668
158.64,163.03958,0.55,-0.4231956
123.19,131.50127,0.47,-0.4231956
98.51,105.67693,0.42,-0.104141705
92.89,83.863,0.39,0.21057902
82.89,76.61414,0.33,0.44299117
90.61,68.81799,0.31,0.41598144
86.81,78.85975,0.3,0.41598144
82.83,84.632095,0.3,1.2814174
83.81,79.79041,0.29,1.3377922
84.25,83.00946,0.3,1.3377922
93.72,90.43224,0.32,1.1682208
117.85,116.62412,0.33,1.1682208
171.96,160.6891,3.49,4.9814634
187.49,200.92142,29.99,36.138798
162.66,184.91031,96.7,73.93477
164.44,152.63472,173.29,168.80324
125.22,148.67664,252.93,240.40506
115.7,113.88072,290.73,293.0764
105.53,104.19313,304.81,287.14615
102.24,94.56863,276.84,268.2435
116.39,99.03153,168.16,184.84998
148.65,120.63021,78.91,64.73638
204.83,153.60802,7.9,13.193608
337.87,200.64604,0.87,-0.28803736
325.5,306.39072,0.34,0.10908381
182.97,289.97064,0.33,-0.17016925
125.03,165.38019,0.33,-0.4892232
102.35,109.277054,0.33,-0.17016925
85.49,89.2475,0.33,0.31412214
50.85,77.52703,0.36,0.31412214
57.81,50.791313,0.34,0.14455147
52.76,60.57316,0.34,1.3365742
51.69,58.46767,0.34,1.2553556
55.89,59.743378,0.37,1.1601614
75.01,66.09095,0.42,1.2553556
116.79,85.876656,0.54,1.142159
211.24,148.02203,4.48,3.4097137
211.59,222.90941,30.24,20.801804
147.18,188.23288,93.9,72.787674
115.57,132.90201,167.77,156.65562
96.41,108.33906,194.07,235.54008
91.49,86.16708,284.84,230.37097
88.24,84.27406,273.89,294.3201
91.56,80.673454,237.42,263.66745
91.85,89.841606,145.43,203.57442
101.5,101.21942,70.94,89.25125
104.76,129.96986,9.3,20.167276
104.25,153.64478,0.79,-0.2569315
80.03,140.6994,0.38,-1.0757118
72.96,77.9554,0.33,-0.88783187
61.91,64.16572,0.32,-0.88783187
43.19,56.801918,0.31,-0.56877786
37.39,43.22683,0.31,-0.08448636
51.03,34.71058,0.27,-0.021644894
50.43,45.56622,0.27,-0.08448636
38.16,49.90169,0.27,1.3530793
31.83,37.33011,0.27,1.3530793
35.06,34.232567,0.27,1.2600508
43.95,43.573563,0.3,0.28407747
58.75,62.709938,0.38,0.9461528
79.89,107.76903,3.88,4.051195
89.73,116.09564,35.25,34.262577
80.48,97.527275,106.0,88.55714
61.87,73.25269,204.48,185.166
56.92,57.888035,300.84,250.80844
44.15,53.405197,362.81,308.16946
44.49,43.575787,342.44,347.535
44.82,44.48401,303.14,286.6732
50.7,49.82995,198.86,221.42589
60.13,57.712658,90.19,87.94308
84.6,70.95361,10.62,18.220816
96.32,93.333885,0.55,-0.06905151
102.81,94.62017,0.34,0.14455147
89.1,92.32091,0.3,0.44299117
66.66,76.76088,0.29,0.41598144
59.91,56.772243,0.28,0.3736284
54.76,51.333004,0.28,0.3736284
26.09,48.810703,0.26,0.3736284
26.09,27.869032,0.28,0.3736284
26.04,26.08263,0.27,1.1499976
27.55,26.235594,0.25,1.1499976
30.31,29.193844,0.26,1.1499976
63.12,39.48034,0.28,1.4047589
98.14,76.13028,0.34,1.2975675
128.44,121.670906,3.54,4.5366187
135.33,145.99957,34.27,38.73294
108.56,127.0495,116.99,97.539154
95.06,94.19119,221.23,207.80807
82.55,81.87357,279.89,289.90692
79.78,71.24197,271.56,306.13052
80.32,69.25254,271.15,279.23846
80.8,71.97697,241.14,243.81526
78.65,74.87448,173.21,188.7565
83.29,80.66392,74.72,95.74097
98.92,93.263245,6.71,14.027223
105.89,109.357735,0.43,0.31788108
81.37,104.78486,0.3,0.21057902
57.59,74.46371,0.27,0.3801497
56.06,50.39206,0.27,0.344282
55.83,50.684555,0.27,0.41598144
51.08,48.600002,0.28,0.41598144
52.71,42.53944,0.38,0.41598144
48.97,47.935703,0.37,0.41598144
45.88,48.98941,0.36,1.2715057
42.48,45.565712,0.35,1.2715057
39.15,43.86174,0.36,1.229153
37.88,44.227505,0.4,1.3478476
39.83,47.441063,0.48,1.2975675
41.48,53.513653,2.69,4.5366187
61.4,57.354958,45.42,37.296783
55.64,62.191162,166.04,110.00051
39.11,52.730038,318.84,260.91516
37.46,36.25198,433.3,399.46548
31.54,33.674408,493.51,477.912
28.04,27.274866,472.12,491.5664
28.66,23.83899,396.61,431.6566
33.07,31.109198,246.07,328.0267
53.89,39.32528,99.76,143.02289
66.39,64.94305,8.06,21.871437
76.56,76.957115,0.41,0.42493105
68.1,78.104866,0.32,0.3736284
57.98,63.52248,0.27,0.41598144
47.71,52.57709,0.27,0.3736284
43.04,45.878887,0.27,0.3736284
38.37,40.734924,0.26,0.41598144
34.61,38.305668,0.3,0.44299117
33.1,36.159683,0.35,0.41598144
34.64,32.957966,0.33,1.4308207
30.76,34.759468,0.3,1.2814174
28.69,33.11069,0.32,1.4578302
28.64,32.828865,0.37,1.4578302
30.99,34.39991,0.48,1.4308207
34.83,36.24814,2.01,3.4003577
36.5,40.406815,29.69,39.079086
35.24,33.985657,109.46,89.76416
32.99,29.38394,213.43,171.95433
29.59,26.292439,291.18,280.40698
18.28,24.928972,327.43,319.09662
12.18,16.70613,320.85,339.44223
19.33,12.330794,271.82,304.6029
32.06,20.840603,168.06,225.43094
38.82,37.657692,71.87,103.185875
51.27,47.69053,6.95,11.076249
56.7,62.946293,0.39,-0.43792054
46.65,60.028618,0.36,-0.104141705
37.55,44.083107,0.27,-0.104141705
34.56,33.36718,0.24,-0.104141705
32.34,31.329943,0.25,0.21057902
29.01,29.014277,0.26,0.21057902
26.36,27.570713,0.27,0.15343721
28.28,25.70686,0.29,-0.104141705
29.38,29.821436,0.27,1.142159
30.12,31.103685,0.28,1.142159
31.57,33.59942,0.3,1.2553556
43.33,38.665386,0.33,1.2814174
66.9,57.115456,0.43,1.2814174
91.43,90.63427,2.5,3.3995786
95.85,111.905815,30.93,30.018497
81.02,95.32726,128.03,86.90036
64.42,75.22286,252.88,201.14462
60.01,56.830273,343.48,316.26355
54.13,55.767788,382.89,369.91446
56.42,50.187626,358.59,370.2625
59.98,51.2464,274.08,312.23154
67.8,60.60094,162.84,194.82204
71.51,73.96701,68.07,65.50273
73.82,81.786736,7.32,10.228555
75.64,84.48294,0.8,0.42826626
59.78,80.94104,0.51,0.31412214
41.94,55.776344,0.36,0.2665784
37.02,37.40827,0.31,0.2665784
30.33,31.87477,0.31,0.15652142
22.77,27.18704,0.28,0.3473662
12.34,21.360828,0.24,-0.48613897
7.18,15.022027,0.23,-0.48613897
7.23,9.416944,0.23,0.580154
5.21,9.193107,0.24,0.25801566
6.5,10.052514,0.26,0.2610999
16.97,15.485049,0.28,0.2610999
26.18,32.62808,0.31,0.28716168
30.38,47.795216,2.23,1.2683353
31.69,48.784367,17.17,22.822735
30.49,32.767876,56.83,56.82523
28.57,29.851028,104.58,106.70658
26.75,26.218794,141.21,157.12851
21.07,22.828503,151.95,169.16803
15.89,18.944763,136.34,153.16974
16.73,14.85186,101.02,123.53643
23.15,19.264301,61.54,82.37403
26.61,31.127829,23.87,37.805458
28.36,38.469383,2.09,1.8859998
29.77,46.932022,0.31,-0.83665276
28.54,42.690582,0.25,-0.8847476
26.5,29.522417,0.23,-0.8879554
21.84,22.819498,0.22,-0.8879554
9.09,19.686317,0.23,-0.8879554
2.57,6.3632255,0.24,-0.8879554
6.2,0.87774193,0.16,-0.8879554
3.83,6.3556886,0.16,-0.8847476
4.07,4.045617,0.17,0.25801566
4.7,3.7462196,0.17,0.25801566
5.93,5.0441675,0.16,1.233989
18.34,11.322359,0.17,0.2610999
26.57,31.359211,0.18,0.2610999
29.21,47.840855,0.74,1.4589658
39.26,45.062767,3.65,14.943399
36.2,39.05211,15.01,40.84868
29.33,33.77194,41.01,58.33368
29.22,27.234222,64.0,71.59636
28.65,25.776531,76.83,91.824585
28.88,26.20611,78.15,79.690056
31.29,28.012045,66.89,66.547165
49.29,32.564205,33.92,54.58276
39.52,53.35161,12.06,18.720997
53.79,46.662125,1.65,-0.85124665
52.09,62.12761,0.18,-0.88783187
48.63,52.92471,0.17,-0.88783187
45.11,44.00055,0.16,-0.88783187
41.85,37.41384,0.15,-0.88783187
36.24,31.824146,0.15,-0.88783187
27.74,26.652431,0.15,-0.88783187
29.18,24.110651,0.14725,-0.88783187
31.06,26.365871,0.15325,-0.88783187
31.21,29.834862,0.1555,0.25801566
35.65,29.909315,0.1595,0.25801566
35.96,34.810467,0.165,0.25801566
35.61,38.517185,0.16775,0.25801566
41.84,44.83512,0.1755,0.25801566
54.5,53.584156,0.827,0.20332612
71.04,64.73688,4.93925,8.6332035
74.14,68.16569,28.5235,25.87854
72.33,66.73232,69.15075,56.604233
66.54,67.109245,101.7495,106.162674
64.31,60.632984,118.381,138.36815
63.69,56.1615,115.655,127.92027
62.12,56.722622,91.9325,95.83591
65.48,60.756077,49.209,50.727837
65.83,65.146286,15.883,19.770266
66.98,73.662964,1.5795,-0.9416997
67.06,76.8223,0.193,-0.88783187
65.25,70.342674,0.17875,-0.88783187
45.06,56.693203,0.169,-0.88783187
42.38,39.651485,0.16725,-0.88783187
40.57,36.212357,0.16925,-0.88783187
32.54,33.291416,0.1675,-0.88783187
14.16,26.403162,0.166,-0.88783187
8.99,12.622343,0.15875,-0.88783187
5.97,8.397619,0.15175,0.25801566
4.65,7.346429,0.1525,0.25801566
3.92,5.208538,0.1585,0.25801566
6.88,10.703689,0.16325,0.25801566
20.94,23.367012,0.15975,0.25801566
64.61,39.589947,0.2055,0.41290376
85.05,75.745316,2.62475,8.905281
76.6,84.2234,10.44575,31.767736
60.93,72.66704,21.519,55.030518
38.36,55.921463,31.46975,67.041885
42.83,34.419544,42.20575,60.46986
31.24,38.978474,35.21225,59.151405
27.46,28.497452,27.43925,48.10599
26.44,28.945234,17.7245,37.183094
41.33,30.30532,5.9875,17.409344
63.1,51.35602,1.56425,-0.76734895
59.12,68.270546,0.21125,-0.88783187
52.86,60.464485,0.1815,-0.88783187
37.42,48.16324,0.16775,-0.88783187
19.58,31.965822,0.16725,-0.88783187
14.52,19.87426,0.16125,-0.88783187
7.52,13.344562,0.16025,-0.88783187
3.9,7.1031966,0.1815,-0.88783187
2.07,4.9998965,0.1965,-0.88783187
1.5,1.9749581,0.19425,0.25801566
0.92,0.79981834,0.195,0.25801566
0.57,1.3742702,0.19475,0.25801566
0.71,2.8387718,0.2,0.25801566
0.99,3.1541452,0.207,0.57706976
1.87,7.7412057,0.3015,0.55961704
3.83,10.000756,5.22225,11.568844
6.41,6.7924247,25.929,28.980492
5.98,10.237306,48.1785,52.037224
5.1,7.9820433,68.4505,76.64864
5.7,8.271365,83.44225,81.719025
4.83,7.6266665,82.64625,73.03403
4.9,5.663724,67.8145,63.04583
4.86,7.753897,43.0745,44.150803
5.52,13.608811,12.38775,20.623629
16.06,16.81102,2.007,-0.6034202
30.44,27.17544,0.227,-0.88783187
31.74,36.082676,0.20375,-0.88783187
18.86,30.511995,0.19,-0.4892232
8.94,17.990322,0.184,-0.4231956
9.6,5.7941265,0.1815,-0.4231956
5.6,6.8678436,0.18375,-0.4231956
3.81,5.95083,0.17475,0.21057902
3.51,4.242546,0.22875,0.41598144
3.01,2.5803227,0.19025,1.4047589
2.14,2.053915,0.21925,1.2553556
0.92,2.1283038,0.17125,1.3117304
0.66,4.186369,0.17525,0.99783236
1.08,4.7395554,0.198,1.142159
1.65,4.509119,0.7065,1.142159
2.37,3.2972317,8.78875,11.780808
3.54,3.2635114,44.25825,36.36085
3.34,2.9284308,81.94575,76.1766
3.67,2.2465684,111.8815,121.5285
4.08,2.0963764,123.636,134.7309
4.22,2.383236,114.4245,132.38803
4.98,3.1182325,85.697,93.409836
5.84,8.65538,46.38975,60.00215
8.43,11.230024,11.1545,20.755243
17.34,18.00759,1.23525,0.06472501
27.28,28.300213,0.38625,-0.08448636
31.03,30.552237,0.3435,-0.024619102
26.3,27.82365,0.238,0.14495163
21.32,21.580816,0.207,0.14455147
14.36,19.103973,0.17225,-0.104141705
14.38,11.889203,0.174,-0.4231956
6.47,12.548352,0.17625,-0.4231956
4.3,7.511566,0.16925,-0.4231956
4.58,5.6143537,0.165,0.335757
4.17,5.6888065,0.1605,0.335757
4.52,6.3210287,0.16,0.335757
4.72,10.062877,0.164,0.335757
10.54,16.466341,0.16775,0.335757
42.23,24.478783,0.16875,0.36181876
67.32,59.37666,3.71425,12.024085
77.83,67.34926,31.3195,39.022793
76.46,73.67151,69.1685,67.35801
72.7,72.05074,102.18225,115.65167
75.67,67.38209,114.57125,136.0849
66.11,70.789505,111.88475,128.83177
61.61,64.62695,82.61625,104.52188
64.18,61.373306,51.59075,57.226276
64.77,65.51866,18.79825,24.44629
75.97,68.39791,1.33325,0.38610363
99.61,80.0632,0.24525,0.344282
102.9,99.2156,0.31025,0.3801497
79.48,87.22259,0.19975,0.15343721
68.67,64.53027,0.16375,0.21057902
57.85,55.248646,0.1575,0.3801497
50.79,45.33285,0.156,0.344282
37.54,40.873867,0.15775,0.21057902
30.65,31.385794,0.1655,0.3801497
23.33,29.707047,0.1675,1.142159
14.76,22.062551,0.16225,1.142159
10.18,14.4362135,0.165,0.99783236
10.98,13.840509,0.16825,0.335757
29.02,19.494684,0.17275,0.335757
53.97,40.366745,0.17325,0.6548113
73.68,66.60237,3.93225,5.8611455
81.56,70.02281,35.18825,35.480885
80.69,77.25044,82.7535,60.360497
77.91,77.93137,126.0165,110.51717
76.46,73.516716,150.28975,138.0956
69.86,70.11447,145.88175,129.09229
64.61,65.35156,115.98325,96.32439
76.09,62.530037,67.043,55.97367
97.37,78.31942,21.231,12.666694
111.59,103.24364,1.70275,0.2523982
119.16,118.09917,0.274,0.3801497
105.0,117.0087,0.26925,0.21057902
99.77,93.124504,0.24075,-0.4231956
84.79,88.51044,0.17175,-0.104141705
75.16,71.74182,0.1775,0.344282
71.97,59.73631,0.17425,0.3801497
63.6,59.55813,0.17375,0.2665784
56.06,53.835453,0.16125,0.3801497
51.3,52.320072,0.165,1.2553556
51.1,51.839138,0.165,1.3117304
51.73,48.99563,0.1615,0.6548113
53.15,56.600407,0.16,0.335757
63.42,62.382343,0.16075,0.99783236
83.81,70.80473,0.164,0.335757
97.78,94.08897,3.68925,1.2904363
94.5,93.44481,43.61225,18.473705
83.05,87.41252,98.71225,53.570164
72.97,73.33443,149.12025,113.67163
69.81,66.58557,165.2445,151.62769
71.33,63.571243,157.07025,146.2067
74.67,67.31323,119.2425,109.70445
86.22,72.337715,65.4865,55.487904
105.2,90.381874,17.0485,10.681685
112.51,113.0084,1.26575,-0.27849215
123.59,118.446655,0.17925,0.21057902
116.69,123.014015,0.16325,0.44299117
103.66,104.38875,0.16625,0.44299117
94.22,94.990776,0.1625,0.44299117
88.19,84.19733,0.1575,0.2665784
64.3,77.03748,0.15375,-0.4231956
55.04,56.652843,0.16125,-0.4231956
61.75,49.40413,0.17075,-0.4231956
56.4,58.38345,0.1675,0.335757
51.16,52.833797,0.16075,0.335757
47.98,49.524788,0.1625,0.335757
47.86,54.37473,0.1755,0.335757
52.47,59.624264,0.18,0.335757
69.24,70.08259,0.182,0.335757
81.03,81.889114,0.7185,1.5988002
86.51,80.980515,4.738,23.19009
70.76,83.47618,12.061,47.204063
54.46,68.07964,19.4815,53.174503
47.25,50.552307,20.24725,50.849224
42.28,44.033737,21.3085,43.267063
39.57,44.411217,16.78,39.530407
33.56,44.378128,10.81875,26.657051
35.87,42.179382,3.7725,5.5734
33.94,48.524334,0.70725,-0.8365293
29.63,48.656258,0.21275,-0.88783187
29.24,34.207214,0.1985,-0.88783187
28.67,31.051796,0.188,-0.88783187
26.34,27.744438,0.18025,-0.88783187
26.26,23.546852,0.1805,-0.88783187
3.73,22.32087,0.1885,-0.6583939
2.39,4.162971,0.192,-0.4231956
1.97,4.262664,6.2555,-0.4231956
1.92,3.1607022,5.0915,0.335757
3.88,3.5495355,4.18325,0.335757
6.65,6.6779404,4.511,0.335757
13.32,13.92997,4.81125,0.335757
24.98,25.481537,4.87,0.335757
40.45,35.955853,4.64775,0.335757
84.81,53.160103,7.15825,0.36181876
85.52,83.02758,35.2965,2.028834
65.97,81.395454,75.99725,19.228712
63.86,61.033375,106.66225,56.91633
61.86,57.26987,121.8295,70.84804
62.7,55.54372,111.46875,68.696945
68.57,55.575962,80.71075,40.887676
87.92,65.11283,43.01975,17.748676
105.56,85.52255,17.716,2.7201457
110.81,106.856895,3.519,-0.59754634
106.45,110.98217,4.20925,-0.4231956
92.34,100.93059,5.67525,-0.104141705
78.51,79.33421,7.36275,0.15343721
68.85,64.4083,8.3425,-0.4231956
63.64,55.919983,8.969,0.3801497
52.43,49.513096,9.32975,0.15343721
37.53,43.49194,9.1965,-0.104141705
34.09,30.991909,0.18475,0.6747651
25.1,31.617943,0.177,1.4658102
18.59,23.112606,0.1735,1.4658102
15.47,18.413452,0.175,1.4658102
12.38,16.537724,0.1735,1.4658102
10.18,15.971959,0.17425,1.4658102
9.49,13.803703,0.205,1.4658102
12.4,15.651718,2.71925,2.5417957
19.22,17.53301,27.69825,19.923277
19.33,20.378525,65.915,48.758812
12.95,19.227106,106.52025,89.16093
11.55,14.238219,118.36225,117.807846
13.25,10.520709,122.16075,106.124405
21.25,16.2584,97.514,84.01442
26.86,26.791225,47.2865,43.19036
25.5,32.306873,13.0375,8.897665
30.39,35.955418,0.852,-0.4522781
26.95,41.35477,0.22325,-0.44703642
26.02,29.634548,0.1945,0.03253198
25.34,23.154926,0.19375,1.3044043
24.98,22.477116,0.1965,0.7665285
22.46,20.877335,0.19725,0.27571362
21.3,21.41875,0.197,0.043067876
18.61,18.50243,0.20075,0.043067876
14.34,17.299652,0.25425,-0.88783187
13.98,11.831543,0.26775,0.25801566
13.6,12.004903,0.2735,0.25801566
17.46,12.928407,0.27775,0.25801566
17.83,17.832348,0.2695,0.25801566
18.92,18.224413,0.25175,0.25801566
20.55,19.522362,0.308,0.25801566
21.88,20.211275,2.4035,3.4199517
23.06,21.400396,23.1245,26.574205
23.6,21.195267,54.9535,62.45271
24.04,21.101566,79.33675,88.05889
24.8,21.134651,93.0915,96.377045
29.7,22.308653,81.0815,92.44876
33.79,26.813465,58.92975,71.86786
35.35,33.21924,31.9485,32.197247
37.42,37.320324,7.2115,3.3907037
41.88,43.33427,0.81775,-0.8365293
46.63,45.97879,0.34525,-0.88783187
46.76,45.547173,0.36475,-0.88783187
42.57,39.903103,0.39275,-0.6583939
41.51,35.18074,0.3235,-0.6583939
33.17,33.170376,0.283,0.14495163
31.9,25.229153,0.257,0.14455147
25.85,26.486404,0.259,0.44299117
29.2,23.20021,0.20325,0.41598144
25.06,31.097065,0.19125,1.4047589
25.27,26.561615,0.19025,1.4047589
22.21,27.114674,0.18625,1.4047589
24.08,29.651878,0.19675,1.4047589
29.65,34.20559,0.183,1.4317684
57.31,40.21904,0.1935,1.2553556
69.58,67.319664,2.60625,2.5494652
70.93,67.69033,33.225,20.599062
61.91,67.83417,66.9785,60.346603
54.41,59.294327,94.75575,90.84741
50.02,51.660603,119.03,105.88208
49.2,49.8982,141.47,105.84929
48.98,50.826138,110.718,90.619156
50.31,53.137165,49.78425,45.37558
51.62,55.421577,9.519,9.725042
51.06,61.63174,1.09525,0.16038643
59.44,61.883644,0.3515,-0.6583939
47.17,65.299644,0.26025,-0.6583939
31.24,44.38406,0.19425,-0.6583939
25.01,29.772905,0.18325,0.14495163
23.34,24.699955,0.18625,0.21057902
19.27,23.264015,0.18975,0.44299117
11.98,19.01996,0.19825,0.41598144
3.29,15.524527,0.18,0.41598144
2.02,4.5901814,0.18375,1.4047589
1.46,3.4976785,0.186,1.3117304
1.57,3.1321964,0.186,0.6548113
1.65,8.215889,0.18975,0.335757
2.27,13.380682,0.19125,0.335757
2.18,16.888742,0.213,0.335757
18.29,14.81303,1.26325,1.2508823
8.33,21.798126,5.8135,22.396708
7.55,8.990653,15.55425,40.94738
6.12,10.964882,21.33825,46.57399
5.06,7.847915,27.79175,51.7663
2.84,8.880113,28.5315,50.895153
4.5,6.2377343,27.9745,39.907677
4.76,8.656818,13.35025,30.247324
5.34,14.375679,4.32875,3.4572191
8.47,18.516941,0.68575,-0.83665276
19.47,18.732347,0.24075,-0.8879554
24.91,24.611185,0.233,-0.8879554
10.17,24.607107,0.22225,-0.8847476
3.54,7.730276,0.2115,-0.8847476
2.1,0.6349177,0.20375,-0.8879554
-0.75,-0.4010896,0.19075,-0.8847476
-1.69,-1.6705937,0.1835,-0.8847476
-3.22,-1.1959715,0.1825,-0.88783187
-3.3,-1.2767574,0.181,0.2610999
-3.58,-1.2023045,0.18325,0.2610999
-2.91,-0.6492474,0.184,0.31239536
-2.76,3.5777879,0.18875,0.2610999
-0.47,7.589279,0.20325,0.25801566
5.59,9.920988,0.22775,0.25801566
19.7,17.888504,1.72175,0.53926885
18.73,21.403994,12.7605,11.643314
25.66,17.279993,34.379,25.90916
25.18,23.177248,54.19075,39.282394
24.21,23.088535,71.651,53.568165
24.99,21.757898,63.64325,55.452835
26.84,23.895073,52.811,51.579235
26.18,27.482273,26.40475,30.0352
27.09,30.65234,5.62525,3.8907304
28.11,36.35794,0.614,-0.8365293
28.68,38.483982,0.184,-0.88783187
28.07,35.286972,0.18425,-0.88783187
27.28,27.753685,0.18825,-0.88783187
26.64,22.615816,0.19275,-0.88783187
25.09,21.292755,0.196,-0.88783187
22.96,20.448038,0.19475,-0.88783187
19.62,20.043976,0.19325,-0.88783187
5.12,18.278072,0.17725,-0.311199
4.79,7.9264207,0.17825,0.25801566
4.71,6.4263916,0.17725,0.25801566
6.34,5.6076856,0.176,0.25801566
6.69,13.180429,0.181,0.25801566
21.48,17.2638,0.17775,0.25801566
27.89,31.699825,0.197,0.25801566
29.22,36.292248,1.6355,1.0676281
30.29,30.494951,11.52375,5.533647
38.16,30.66078,34.82325,14.37778
42.65,36.01972,59.9665,31.067392
47.29,41.37838,68.8235,33.842995
42.49,42.35629,72.674,38.24195
46.12,39.409367,59.0925,32.182938
45.35,44.936718,32.57725,12.451043
33.18,47.09282,7.4995,1.09768
41.58,38.297306,0.494,-0.20275454
47.86,46.432655,0.227,-0.2540572
46.61,46.901768,0.2065,-0.88783187
39.24,39.53042,0.208,-0.88783187
31.86,29.939991,0.19875,-0.88783187
29.97,25.632235,0.1875,-0.88783187
27.75,24.20566,0.18875,-0.88783187
24.15,21.985174,0.18875,-0.88783187
22.96,20.458382,0.1905,-0.4482946
22.83,21.818197,0.189,0.48562804
22.86,21.89265,0.1875,0.17726435
23.1,22.878204,0.188,0.48562804
24.48,26.841625,0.1915,0.48562804
27.53,31.27302,0.19425,0.48562804
36.84,36.26753,0.22825,0.48562804
70.62,47.39688,3.261,1.2952409
92.19,69.38374,32.264,12.645791
61.8,85.47606,87.43825,39.46015
62.0,57.592537,138.5385,103.17463
61.88,57.565,171.753,133.91977
61.77,57.15466,168.7575,134.56953
61.79,59.05954,126.73775,100.45764
76.36,61.149696,62.98975,51.77613
97.44,80.389854,11.43675,9.185945
115.32,103.12352,0.21775,-1.0244094
102.0,120.42821,0.227,-0.4892232
99.18,100.279976,0.2195,0.19024964
52.87,87.68144,0.21075,0.44782755
47.5,47.191883,0.219,0.18919788
42.2,42.454315,0.22775,0.9953961
35.53,38.162777,0.22525,0.9953961
33.12,29.626314,0.2305,0.8258252
32.42,28.226847,0.1655,0.15343721
31.61,29.05251,0.25575,0.335757
32.26,28.890352,0.2475,0.335757
31.87,29.680021,0.25,0.335757
31.66,31.945114,0.24075,0.335757
33.16,32.412342,0.24,0.335757
34.99,32.548073,0.239,0.335757
39.25,38.51832,1.62675,1.3711876
44.16,41.861267,12.46725,21.082434
50.95,44.371544,34.73275,44.724567
51.51,46.68591,53.80375,59.4505
53.41,48.95616,68.588,66.75962
54.76,49.037655,65.66675,70.068695
55.79,50.61218,48.812,52.52613
69.21,56.375652,23.592,32.810738
80.85,73.76456,5.58125,3.8428195
101.77,89.84582,0.28275,-0.371893
106.28,108.61324,0.261,-0.4231956
88.49,105.01529,0.257,-0.4231956
58.31,77.435135,0.257,-0.4231956
42.23,50.243614,0.2545,-0.4231956
32.8,37.594467,0.24525,-0.4231956
29.42,27.28954,0.21,-0.4231956
28.31,26.817053,0.16925,-0.4231956
25.7,27.42634,0.164,-0.4231956
24.72,23.266083,0.17275,0.335757
25.28,23.340536,0.1735,0.335757
27.45,24.484009,0.17525,0.335757
27.34,27.812283,0.174,0.335757
27.11,28.339115,0.174,0.335757
26.89,28.238226,0.17375,0.335757
27.43,27.58889,1.16375,1.1453694
27.59,27.80845,9.95975,9.078634
29.21,27.123003,31.3255,24.750763
45.77,28.55115,49.68725,47.835144
48.28,43.41662,64.17925,56.471863
48.52,45.36102,71.51475,57.349594
48.14,46.964672,54.8355,44.746258
50.76,51.116337,25.3025,18.67347
57.34,56.21218,4.666,1.5908413
67.97,68.2695,0.211,-0.371893
78.27,78.04338,0.19525,-0.4231956
76.28,80.80549,0.195,-0.4231956
58.46,70.262535,0.19075,-0.4231956
51.5,50.32396,0.1915,-0.4231956
42.07,45.6124,0.191,-0.4231956
32.87,37.52799,0.18925,-0.4231956
29.39,29.151678,0.1735,-0.4231956
28.99,28.564737,0.1695,-0.4231956
28.58,31.49834,0.1665,0.335757
28.26,30.308865,0.1665,0.335757
28.23,29.95037,0.1625,0.335757
28.04,34.404785,0.16275,0.335757
41.03,37.6494,0.1585,0.335757
85.16,53.911907,0.1615,0.335757
116.11,94.92373,1.14475,0.69776154
122.59,110.76372,9.017,11.776403
114.38,111.187675,20.4265,30.469563
107.92,110.82747,35.28625,40.336796
106.04,100.62843,48.64875,49.30286
101.3,100.14997,40.008,56.362545
103.07,98.09725,30.70225,36.304157
108.15,100.68718,14.4075,16.31438
116.07,106.28584,3.521,0.10482339
124.26,121.51468,0.151,-0.4231956
137.45,128.02963,0.154,-0.4231956
120.86,137.91426,0.15425,-0.4231956
95.57,101.59082,0.1485,-0.4231956
85.17,78.1103,0.1505,-0.4231956
82.19,73.2733,0.15025,-0.4231956
66.81,66.53483,0.14875,-0.4231956
59.42,56.360664,0.15225,-0.4231956
65.55,52.716293,0.1575,-0.4231956
55.49,60.034267,0.16175,0.335757
50.45,52.59713,0.16575,0.335757
49.08,49.63808,0.17025,0.335757
48.43,54.299904,0.16175,0.335757
49.62,57.96262,0.162,0.335757
74.49,66.48936,0.172,0.335757
92.03,84.15204,1.22475,0.69776154
98.6,94.597664,9.23775,4.232424
90.07,97.93547,30.1155,10.763167
84.09,87.645256,50.4685,26.530281
80.55,81.504486,59.915,36.97027
79.24,79.06962,54.434,30.461357
76.95,77.733696,40.988,23.44418
80.02,78.77422,21.7765,8.366341
89.83,82.60969,4.3095,-0.3015427
87.4,100.77842,0.17875,-0.4231956
101.1,98.645355,0.16475,-0.4231956
66.47,101.77911,0.155,-0.4231956
35.17,62.999416,0.15025,-0.4231956
29.62,34.60318,0.154,-0.4231956
27.74,28.831882,0.1555,-0.4231956
26.19,26.39281,0.15325,-0.4231956
24.11,26.769707,0.158,-0.4231956
23.78,25.269653,0.159,-0.104141705
22.29,24.952534,0.1615,1.142159
21.11,24.099865,0.169,1.142159
19.76,24.24288,0.166,1.142159
17.79,26.849512,0.171,1.142159
19.27,29.255754,0.1715,0.335757
21.61,31.958643,0.1775,0.335757
23.73,34.632645,1.31825,0.69776154
24.57,27.74253,9.48875,4.5167823
22.73,27.940336,27.02375,23.881523
22.92,25.071262,39.18025,42.280243
22.02,22.981993,39.99675,46.070713
22.26,20.602125,30.67775,41.692226
22.56,22.61577,18.595,23.258045
24.32,25.116673,8.07775,7.80751
24.12,28.71955,2.576,0.0397241
25.35,31.045027,0.16275,-0.6585175
25.9,32.5267,0.17025,-0.6585175
23.46,25.662931,0.1605,-0.6553097
20.92,19.47716,0.151,-0.6553097
8.46,16.828447,0.14925,-0.8879554
5.05,4.7752166,0.15125,-0.8847476
2.98,3.0095475,0.14775,-0.8847476
0.58,0.022159263,0.15175,-0.8847476
-0.4,-0.44918936,0.1515,-0.88783187
0.02,-0.25276253,0.1505,0.25801566
0.13,-0.0083087385,0.158,0.25801566
0.04,0.54474974,0.16325,0.25801566
0.85,4.0165596,0.16725,0.2610999
1.22,9.036293,0.1725,0.2610999
5.5,9.036293,0.1815,0.2610999
23.11,13.655469,0.66275,0.8141864
25.0,21.474512,5.64475,4.1366916
23.51,21.515284,17.689,19.865206
21.92,19.416111,25.96525,31.834282
19.7,20.169699,29.38625,35.99062
22.63,15.90768,24.8725,30.914255
26.08,21.955975,16.256,21.886192
26.59,27.721012,8.85025,6.4307246
26.9,30.223606,2.67425,-0.071512006
27.85,31.661812,0.17525,-0.4231956
29.08,34.810017,0.1665,-0.4231956
29.06,30.375082,0.16725,-0.4231956
27.94,26.030054,0.16925,-0.4231956
26.74,22.107388,0.17225,-0.4231956
26.32,20.35459,0.17325,-0.4231956
25.83,19.04541,0.17775,-0.4231956
25.12,20.20698,0.18,0.44299117
25.18,23.19877,0.19375,0.41598144
22.56,25.527576,0.194,1.1499976
22.46,23.90998,0.20725,1.1499976
22.36,24.584137,0.2205,1.1499976
24.55,28.888262,0.243,1.1499976
26.91,35.23746,0.26725,1.1499976
40.23,35.63423,0.2795,1.1499976
84.71,50.95119,1.501,1.4922956
101.29,82.961754,24.0895,15.184347
93.71,94.172714,89.283,46.08806
87.58,86.787384,156.25825,111.68018
85.59,82.532814,203.17125,154.8875
81.09,80.85046,201.45725,165.19041
81.62,77.41853,146.233,133.19727
81.28,79.15221,64.41225,61.436214
89.17,84.95406,7.8475,9.739097
86.11,97.73925,0.42125,0.42493105
89.62,92.53979,0.55875,0.3736284
65.83,92.383026,0.16525,0.3736284
46.5,60.920547,0.1705,0.3736284
31.52,41.05778,0.1695,0.41598144
29.92,27.758135,0.1675,0.3736284
27.73,26.557842,0.167,0.3736284
25.34,25.782764,0.1675,0.3736284
25.44,25.960457,0.16525,0.3736284
24.93,25.197235,0.166,1.1499976
24.12,25.271688,0.1715,1.1499976
23.46,24.527782,0.17425,1.1499976
23.66,26.862675,0.1765,1.1499976
23.75,27.219604,0.18025,1.1499976
24.92,29.28888,0.1915,1.1499976
27.02,33.972347,0.81575,1.9596082
29.13,32.71381,22.80775,16.781105
30.76,33.54443,97.71475,58.305656
31.6,33.292583,165.581,131.58864
31.58,31.915718,206.4515,186.26764
31.14,29.826427,191.57775,198.32965
32.18,32.61571,130.79375,147.33836
32.28,37.490543,53.46825,65.60295
32.96,40.517174,6.69975,6.1502132
34.5,44.687187,0.182,0.26188162
35.73,47.44351,0.182,0.21057902
34.34,41.77164,0.171,0.44299117
32.37,35.534805,0.16775,0.32377508
31.5,29.31983,0.16325,0.44299117
30.39,29.485064,0.161,0.44299117
28.35,29.485064,0.157,0.44299117
27.3,27.4463,0.1595,0.41598144
26.24,27.55862,0.167,0.3736284
25.34,25.637611,0.15975,1.4317684
26.69,25.994648,0.1675,1.2715057
27.02,25.580393,0.18025,1.1499976
27.55,28.326893,0.18525,1.1499976
28.36,29.29928,0.188,1.1499976
29.49,32.207687,0.194,1.229153
31.39,32.554737,0.56625,1.3856372
34.39,32.53497,18.34075,16.781105
35.62,34.207054,68.08,54.993248
38.0,34.389645,123.694,115.211174
39.51,34.97582,149.64075,149.98581
52.26,34.432266,134.40575,141.69528
66.08,50.415615,94.3205,102.32155
70.01,65.881134,37.59425,45.414238
74.58,70.96147,4.04425,4.4093537
88.13,80.38,0.2285,0.4942938
93.75,94.155785,0.185,0.44299117
91.64,92.82621,0.1625,0.44299117
80.83,83.5576,0.1595,0.44299117
67.78,72.069786,0.1605,0.41598144
59.32,61.55885,0.159,0.41598144
56.88,55.178955,0.16225,0.41598144
42.86,52.503433,0.1645,0.41598144
43.38,43.158703,0.159,0.3736284
43.92,46.977436,0.15525,1.1499976
43.82,46.84215,0.1655,1.1499976
43.7,48.00593,0.16475,1.1499976
45.43,53.87496,0.1655,1.1499976
53.82,59.945614,0.16725,1.1499976
72.52,70.3837,0.174,1.1499976
95.2,88.58782,0.5705,1.1760594
114.29,96.19493,16.999,13.907501
106.35,113.34122,81.217,41.096054
97.27,101.322334,148.64875,108.37751
83.11,92.96502,184.5075,164.97067
76.65,83.01606,175.3865,165.07124
76.86,77.65528,120.307,121.448296
85.61,83.50207,49.63275,57.17927
94.0,96.225296,5.1935,6.6213684
99.77,108.20535,0.32725,0.42493105
109.11,114.8815,0.28725,0.3736284
106.03,112.94397,0.1715,0.41598144
101.72,99.76684,0.164,0.41598144
94.73,92.19774,0.1605,0.44299117
91.06,84.47252,0.15575,0.41598144
85.77,82.96511,0.15425,0.3736284
78.26,79.83262,0.154,0.3736284
83.09,74.326294,0.1575,0.3736284
80.61,84.88829,0.15975,1.1499976
77.1,82.534966,0.16675,1.1499976
75.8,79.727196,0.1675,1.1499976
78.34,82.66033,0.1695,1.1499976
82.75,91.073425,0.17275,1.3478476
90.58,96.82024,0.17725,1.3117304
109.96,106.77478,0.5135,1.2814174
122.88,111.30671,11.75625,12.464992
110.47,119.180336,62.3025,47.161385
94.47,103.42074,116.9335,97.667496
91.05,84.63349,145.3645,140.60965
93.45,84.00928,135.87825,147.589
107.86,89.12707,93.72675,107.804565
125.29,107.30413,37.90625,46.489838
135.14,130.0582,4.49275,4.581954
161.79,139.90437,0.16625,0.44299117
156.79,172.68965,0.1575,0.44299117
166.68,153.6582,0.161,0.44299117
139.18,150.03354,0.1565,-0.4231956
111.31,125.714134,0.1555,-0.4231956
97.05,101.08785,0.1535,0.15343721
98.11,88.71067,0.12425,0.344282
89.96,92.972404,0.13975,0.21057902
87.86,86.62019,0.14275,0.21057902
86.14,89.37326,0.1435,1.142159
84.1,88.144,0.15125,1.2553556
83.12,88.466255,0.1505,1.4317684
84.4,93.02484,0.14375,1.142159
88.01,99.19532,0.143,1.2553556
109.86,103.60771,0.15425,0.99783236
144.18,125.5762,0.22425,0.68087316
157.34,143.08058,4.453,5.946798
144.89,148.9262,27.3965,33.347538
129.96,135.54538,53.53025,63.53351
121.54,121.17994,63.69075,66.89684
120.57,110.461334,62.317,57.73559
124.15,114.84343,41.1115,33.771164
130.54,126.76741,16.46175,14.8895
167.58,133.5728,2.107,-0.41416854
176.04,174.46942,0.147,-0.4231956
170.01,181.88145,0.146,-0.4231956
146.96,167.37897,0.154,-0.4231956
128.62,131.64891,0.153,-0.4231956
108.36,113.61613,0.15475,-0.4231956
102.16,96.71696,0.15575,-0.4231956
99.17,94.39121,0.143,-0.4231956
89.49,94.28394,0.143,-0.4231956
91.06,87.31594,0.1185,-0.104141705
87.25,96.55966,0.12025,1.142159
84.88,90.49277,0.12825,1.142159
84.54,88.6649,0.13225,0.6548113
84.7,94.79403,0.13175,0.335757
89.37,99.67682,0.13125,0.335757
103.09,105.0511,0.1365,0.335757
144.41,125.849724,0.1495,0.335757
156.23,145.11516,2.3135,1.7444746
153.14,152.5118,25.61675,19.086723
141.93,149.44293,51.462,43.82581
132.23,138.58615,64.736,52.40604
127.88,128.96956,59.4675,45.933815
126.78,124.97835,40.23,24.651346
134.2,129.4693,15.09575,9.957535
149.68,139.0423,1.22775,-0.1359287
173.11,156.28845,0.13,-0.4231956
174.95,180.85207,0.12925,-0.4231956
162.88,173.88496,0.1295,-0.4231956
151.97,149.34886,0.131,-0.4231956
132.56,131.6529,0.132,-0.4231956
115.4,115.71531,0.13275,-0.4231956
104.35,100.64805,0.13775,-0.4201114
90.86,93.626976,0.135,-0.4201114
95.73,83.93799,0.1355,-0.4201114
90.8,96.73935,0.1365,0.39013663
86.88,93.55219,0.14925,0.39013663
86.3,89.24793,0.14975,0.70919096
88.34,95.108376,0.1435,1.3148146
96.52,101.29488,0.1415,1.2584398
124.31,115.069824,0.14225,1.4348526
176.52,147.00574,0.1515,1.2553556
200.02,170.8238,4.70625,8.099473
178.66,190.02863,42.987,31.230389
149.14,175.13931,90.80525,64.9969
137.34,143.53644,126.20325,118.27102
130.23,137.19011,121.8335,133.22275
135.37,128.20631,85.3125,89.40933
152.28,134.10051,33.12875,43.033302
194.59,156.23907,2.81525,3.1265934
246.97,200.41765,0.143,0.3736284
245.68,243.567,0.133,0.3736284
200.8,238.76474,0.1365,0.41598144
167.87,184.30806,0.13725,0.3736284
138.77,153.7697,0.13675,0.41598144
112.06,126.37792,0.13425,0.2665784
102.82,100.838165,0.1305,0.44299117
92.11,95.75788,0.1325,0.44299117
72.68,89.59064,0.14325,0.2665784
50.03,75.117874,0.129,1.4317684
41.62,56.14842,0.141,1.2715057
37.66,50.178158,0.14325,1.1499976
36.07,46.40577,0.135,1.1499976
34.47,45.97817,0.135,1.1499976
34.91,47.271473,0.14925,1.4047589
37.5,50.09229,0.1575,1.2715057
39.45,57.20652,3.833,9.194177
42.22,48.787445,26.67525,33.47546
41.6,51.38324,44.7135,59.87982
40.42,45.933525,47.90375,69.696655
38.83,44.084167,39.0775,66.57688
37.55,39.816475,22.9045,48.620163
38.03,43.248783,7.2775,18.032427
39.99,53.165627,0.809,-0.07163545
39.96,58.553417,0.1425,-0.42331913
43.01,58.22477,0.13775,-0.42331913
41.88,57.61349,0.14425,-0.4201114
41.06,44.986145,0.1405,-0.4231956
40.83,41.131496,0.142,-0.4231956
42.27,38.628574,0.13975,-0.104141705
40.74,42.653774,0.13575,0.15343721
39.21,39.719868,0.135,-0.4231956
18.31,37.401775,0.1345,-0.4231956
12.53,18.6273,0.13825,0.335757
13.98,13.144631,0.14975,0.335757
16.41,12.571109,0.146,0.335757
20.37,16.84107,0.13375,0.335757
22.63,21.354717,0.126,0.335757
28.68,24.65441,0.12825,0.335757
41.38,29.93255,0.149,0.335757
52.67,40.488808,3.3385,3.616477
62.89,48.145576,21.22925,29.046206
65.4,55.59065,40.1955,41.04472
66.63,57.312824,57.09725,52.789536
67.93,62.316204,54.778,48.635906
66.26,65.11055,40.519,36.23154
69.49,65.971504,17.443,17.651155
77.29,72.91196,1.2025,0.47916472
77.89,84.72493,0.15125,0.44299117
80.84,86.80655,0.1455,0.44299117
82.54,83.811676,0.139,0.2665784
83.75,74.4734,0.13125,0.41598144
77.85,74.974594,0.128,0.2665784
73.86,70.21367,0.138,0.2665784
73.23,65.520805,0.136,0.3801497
69.31,66.00682,0.12475,0.44299117
67.6,62.0901,0.1215,0.44299117
67.89,71.157364,0.1245,1.4047589
68.64,71.23182,0.12875,1.4047589
69.22,71.905975,0.12875,1.4047589
69.24,77.32624,0.1245,1.4317684
75.77,82.0209,0.12675,1.2553556
87.69,89.00576,0.13725,1.142159
103.11,103.46645,0.15525,1.142159
109.2,105.09392,3.329,6.373898
128.42,105.49269,29.6105,27.563545
146.34,123.780685,61.0165,51.280777
136.09,135.06865,75.92525,65.240746
131.35,134.27164,73.35475,66.25997
133.01,127.02689,46.927,46.512066
147.59,132.71259,17.14475,21.274012
166.38,144.57146,1.1905,0.32514107
195.37,173.57495,0.1325,0.21057902
213.74,203.6375,0.12225,0.3801497
188.74,206.58693,0.12175,0.2665784
155.38,181.28992,0.11975,0.3801497
126.64,133.84038,0.1175,0.2665784
113.86,113.741394,0.1195,0.2665784
102.74,100.20504,0.1155,0.2665784
87.64,93.620186,0.116,0.3801497
76.9,84.10119,0.11825,0.21057902
73.61,80.23538,0.12175,1.142159
72.18,75.27677,0.12775,0.99783236
70.42,75.50889,0.12625,0.335757
71.86,81.15236,0.12275,0.335757
75.31,87.03061,0.1195,0.335757
94.33,91.71182,0.12325,0.335757
204.04,113.12877,0.13375,0.335757
245.65,198.18858,2.156,1.9342109
227.69,231.05724,18.7195,30.469563
203.74,206.59549,39.79775,42.59834
236.55,188.58826,53.52825,62.493103
251.61,212.31194,52.9625,62.74569
228.39,239.71512,35.00625,41.823677
220.15,213.82745,11.95325,13.702869
227.97,202.2493,0.63375,-0.08298036
280.23,224.60474,0.12075,-0.4231956
276.26,280.4882,0.1175,-0.4231956
217.9,268.49927,0.11775,-0.4231956
184.93,186.626,0.11975,-0.4231956
130.4,173.12689,0.1185,-0.4231956
100.43,117.12611,0.11675,-0.4231956
86.37,95.00923,0.119,-0.4231956
70.96,80.67464,0.1205,-0.4231956
64.21,68.58408,0.1155,-0.104141705
54.48,66.31804,0.11775,0.335757
53.4,58.84381,0.12625,0.335757
54.3,58.90582,0.12625,0.335757
54.95,64.40569,0.1215,0.335757
66.23,70.81343,0.1195,0.335757
93.33,87.06576,0.12125,0.335757
108.35,136.99292,0.1325,0.335757
134.6,136.30733,1.76575,1.5986466
120.48,153.54935,19.4105,13.411063
112.17,133.37854,44.15275,28.329937
93.09,133.57199,64.14625,49.027126
89.7,119.114426,61.77275,58.98855
89.76,117.54703,39.4675,35.069084
97.78,108.32487,13.14475,11.268434
120.19,131.92352,0.59025,0.528405
154.98,161.66742,0.121,-0.104141705
152.77,192.09299,0.121,0.21057902
119.64,158.85524,0.12,0.21057902
99.25,113.59948,0.1235,0.15343721
76.33,98.37471,0.1205,-0.4231956
62.39,74.24465,0.11925,-0.4231956
55.38,63.381092,0.11825,0.21057902
47.93,54.3766,0.1195,0.2665784
48.48,49.291924,0.12,0.44299117
46.25,51.931183,0.119,1.2553556
43.6,49.868595,0.1195,1.3117304
40.46,48.702923,0.12025,1.142159
38.37,50.859745,0.12425,0.335757
36.22,52.75024,0.12775,0.335757
41.95,57.29961,0.13175,1.3117304
49.18,65.75842,0.141,1.3117304
50.49,66.4202,1.79075,2.0167942
44.83,54.367554,15.3605,11.159074
42.73,48.14074,27.78625,28.816118
41.42,46.29022,36.5695,45.134575
39.96,45.142086,29.8495,44.51014
38.45,44.16042,16.42825,24.379036
39.59,45.906933,3.6015,5.448835
39.2,50.225918,0.406,-0.39134306
40.53,56.200943,0.12575,-0.4231956
41.8,58.218613,0.12425,-0.4231956
41.23,49.713295,0.11975,-0.4231956
37.83,44.84083,0.118,-0.4231956
31.45,35.097687,0.12075,-0.4231956
19.06,27.273216,0.121,-0.4231956
8.01,20.649132,0.1235,-0.4231956
5.02,10.149508,0.1295,-0.4231956
7.8,11.087092,0.13025,-0.4231956
9.41,11.760133,0.12975,0.335757
5.66,13.04852,0.13825,0.335757
5.22,10.752253,0.1325,0.335757
2.92,14.65498,0.13275,0.33884117
2.81,16.026608,0.13625,0.33884117
4.97,17.740072,0.1445,0.33884117
31.51,23.75563,0.16175,0.33884117
40.59,34.84769,0.9215,1.4410901
34.14,39.89434,8.25475,17.347101
40.32,32.900555,25.61075,29.610683
37.17,37.502632,37.006,44.291553
38.06,34.91983,35.895,40.647614
37.89,36.41521,23.96775,24.421722
38.43,40.0778,6.48275,6.3209925
40.15,44.370136,0.83075,-0.4542864
25.78,45.08823,0.13775,-0.4201114
16.43,34.028698,0.13825,-0.4231956
23.62,23.130365,0.13725,-0.4231956
13.59,26.141245,0.13625,-0.4231956
13.55,13.706463,0.13575,-0.4231956
13.01,12.118798,0.1345,-0.4231956
12.2,12.118798,0.13275,-0.4231956
8.26,12.418465,0.12975,0.21057902
3.8,9.07244,0.17875,0.15343721
3.19,3.996954,0.191,0.6548113
2.33,1.2412726,0.1795,0.335757
0.59,0.71662444,0.17575,0.6548113
2.06,0.8145715,0.18225,1.2584398
1.72,1.7679851,0.19625,1.4348526
2.88,1.4125807,0.21875,1.3148146
5.27,3.6700673,0.25725,1.1965387
11.35,9.661882,1.65725,2.0247424
12.55,9.719635,16.30125,11.919231
13.6,13.331639,36.01975,29.200705
14.09,11.988176,45.7815,44.978924
15.64,11.909668,42.3045,39.40642
11.37,14.364843,26.3915,19.173437
15.05,12.59385,7.56575,3.5842597
16.37,21.19273,0.81875,-0.4574942
16.75,21.537647,0.2345,-0.4893467
17.23,20.192514,0.24425,-0.48613897
16.86,17.273048,0.23875,-0.48613897
16.68,12.73052,0.23475,0.15343721
16.31,12.410325,0.2345,0.21057902
16.1,11.635344,0.2225,0.15343721
15.89,12.58141,0.21875,-0.4231956
15.74,13.684355,0.19725,0.21057902
19.02,13.853652,0.1415,-0.4231956
18.06,17.245934,0.13775,1.142159
15.73,17.232954,0.13525,0.335757
15.38,14.756037,0.133,0.335757
16.65,15.91028,0.1335,0.335757
14.87,16.617819,0.13375,0.335757
14.01,15.532913,0.138,0.335757
17.38,14.32537,0.14325,0.335757
20.31,20.908386,0.65425,1.1296418
23.98,20.449774,3.988,11.159074
30.9,23.891575,10.22025,26.838223
33.3,30.17992,10.8975,32.845413
36.44,29.693058,10.3495,23.891624
36.83,34.175465,6.2835,18.767876
38.87,37.589237,2.2915,3.6397228
45.79,40.928406,0.434,-0.39134306
53.99,51.422104,0.13775,-0.4231956
66.14,56.31933,0.1375,-0.4231956
52.71,64.16489,0.134,-0.4231956
50.71,46.351715,0.1335,-0.4231956
43.82,42.090782,0.1325,-0.4231956
39.84,37.653458,0.135,-0.4231956
34.35,31.755388,0.13475,-0.4231956
22.36,30.528011,0.13275,-0.4231956
18.63,23.432102,0.13375,-0.4231956
17.05,20.615551,0.13025,0.335757
17.91,19.658388,0.13275,1.4047589
22.18,21.461056,0.132,1.4317684
18.17,29.94504,0.1365,1.4317684
32.59,30.576632,0.1365,0.6548113
36.29,43.366398,0.14325,1.4047589
47.16,48.321857,0.15375,0.335757
70.15,49.149387,0.79725,0.34609112
76.06,69.63206,6.81525,9.240788
78.08,73.144356,22.59625,19.067165
76.55,74.62879,40.17875,21.69736
74.58,72.52145,42.5075,25.042276
76.46,70.4658,30.47875,17.368235
75.98,81.3447,7.3215,4.3242674
76.92,87.86341,0.632,0.2424316
79.24,91.95845,0.14875,0.3801497
78.74,95.18247,0.156,0.3801497
74.02,87.15235,0.13575,-0.4231956
69.95,71.87171,0.13475,-0.4231956
66.09,63.460407,0.1345,0.21057902
55.25,60.871708,0.1455,0.21057902
44.18,47.15323,0.13925,-0.4231956
37.61,38.269077,0.13375,-0.4231956
31.94,31.961758,0.1595,-0.4231956
28.23,30.303549,0.16775,0.335757
24.38,27.446278,0.1685,0.335757
21.97,22.840462,0.17275,0.335757
21.05,26.041222,0.16625,0.335757
22.8,31.762808,0.16425,0.335757
29.08,34.692085,0.1714999999999999,0.335757
57.41,45.36241,0.1785,0.335757
61.12,57.43006,1.38325,0.42684248
56.38,62.373158,7.68075,4.7161365
43.2,54.62003,19.46175,20.07987
48.97,43.893,29.2335,24.34279
53.65,52.681923,26.59075,25.812153
45.81,55.65639,18.16275,17.920631
52.1,52.114162,5.19475,1.4916964
52.57,61.72066,0.6715,-0.39134306
54.86,70.014984,0.1655,-0.4231956
54.68,70.35326,0.1695,-0.4231956
53.71,58.120857,0.16175,-0.4231956
52.97,53.638313,0.158,-0.4231956
51.84,47.95297,0.1625,-0.4231956
50.25,47.49876,0.19075,-0.104141705
48.87,43.82382,0.1955,-0.104141705
47.62,43.006294,0.196,-0.4231956
44.85,43.237118,0.2235,-0.4231956
47.54,42.358818,0.21,0.335757
47.98,46.132965,0.20525,0.335757
45.78,46.626842,0.213,0.6548113
45.73,49.24943,0.20925,0.6548113
47.88,53.77977,0.18,0.335757
50.24,58.74328,0.1735,0.335757
59.25,64.18775,0.1775,0.335757
72.52,64.40948,1.0425,0.9569515
87.79,69.90124,6.70125,5.4118047
81.67,84.14981,15.21825,16.805613
62.71,75.90396,21.144,31.150612
60.9,57.072914,18.70725,29.982113
59.21,58.12617,11.773,18.151852
59.35,64.67886,3.1135,2.2527628
62.53,67.636116,0.34925,-0.27871698
64.73,73.16971,0.1325,-0.4231956
70.19,73.184166,0.166,-0.4231956
93.04,74.57442,0.1645,-0.4231956
99.94,85.20059,0.164,-0.4231956
80.67,84.634964,0.17125,-0.4231956
63.97,68.6149,0.192,-0.4231956
60.26,54.463654,0.1655,-0.4231956
54.7,54.180416,0.166,-0.4231956
56.03,49.475178,0.2015,-0.4231956
54.66,52.867672,0.19275,0.335757
52.41,50.942806,0.18175,0.335757
52.95,51.904438,0.2015,0.335757
58.69,56.270092,0.1905,0.335757
68.05,67.35177,0.157,0.335757
75.81,75.60293,0.15225,0.335757
111.18,82.77826,0.15975,0.335757
131.83,109.021225,0.7304999999999999,1.5691874
105.3,127.82372,4.79,6.8843155
126.41,100.105774,13.46575,16.926239
141.36,116.698456,18.66475,20.344524
135.7,130.40796,15.461,13.122796
138.7,124.41696,8.8805,5.715081
145.48,134.27069,2.68875,-0.11729739
144.04,136.71893,0.491,-0.44264567
140.28,142.1612,0.156,-0.4231956
139.78,142.03163,0.16225,-0.4231956
137.54,137.74535,0.1565,-0.4231956
130.08,122.13043,0.15725,-0.4231956
114.58,109.15431,0.1605,-0.4231956
99.69,94.97896,0.18525,-0.4231956
88.62,85.70495,0.1815,-0.4231956
77.05,75.25672,0.17725,-0.104141705
74.09,67.33083,0.17075,-0.4231956
73.34,67.268776,0.16,0.335757
73.04,67.59352,0.15,0.335757
72.91,68.736984,0.15275,0.335757
73.22,76.22565,0.1495,0.335757
74.18,82.26116,0.148,0.335757
101.51,82.90193,0.155,0.335757
154.23,115.82068,0.1605,0.335757
174.71,153.72656,0.6144999999999999,0.42684248
174.45,167.32475,3.789,1.9011382
162.55,166.46182,9.54825,9.253497
158.97,158.94038,14.63575,15.905676
153.44,147.75719,12.53375,12.585101
149.58,146.54955,6.31025,5.9602885
152.63,146.93074,2.00975,0.11277337
156.77,153.83841,0.4235,-0.39134306
164.55,159.66693,0.1435,-0.4231956
153.14,171.03986,0.1415,-0.4231956
138.83,148.71576,0.14225,-0.4231956
111.58,126.6849,0.14375,-0.4231956
82.53,96.0825,0.1395,-0.4231956
83.12,71.96175,0.1545,-0.4231956
73.35,74.21721,0.14625,-0.4231956
64.64,63.19374,0.1585,-0.4231956
58.79,59.002174,0.18325,-0.4231956
46.4,59.6945,0.15925,0.335757
39.91,45.90964,0.1545,0.335757
35.75,42.64592,0.16425,0.335757
35.71,38.41096,0.16475,0.335757
35.03,39.406857,0.159,0.335757
34.63,40.57564,0.167,0.335757
36.6,46.292408,0.16775,0.335757
40.01,45.952965,0.46475,0.42684248
40.67,48.20246,2.574,3.7731402
40.12,46.99978,5.539,10.85981
41.43,46.975,9.65725,16.494867
41.23,48.89134,10.457,14.337925
40.19,49.98398,7.65075,4.320709
38.39,50.258945,2.43,0.11277337
38.56,50.67565,0.377,-0.44264567
38.83,54.39311,0.13175,-0.4231956
38.2,54.20846,0.1365,-0.4231956
38.25,46.4292,0.135,-0.4231956
37.34,39.613453,0.1345,-0.4231956
35.6,35.876377,0.135,-0.4231956
34.1,34.806118,0.149,-0.4231956
32.51,33.156887,0.14475,-0.4231956
31.12,30.467798,0.1435,-0.4231956
23.74,33.119022,0.16525,-0.4231956
22.6,21.341465,0.1575,0.335757
21.24,20.699364,0.16275,0.335757
20.19,19.40335,0.16875,0.335757
22.33,19.078575,0.1714999999999999,0.335757
22.47,23.19307,0.16625,0.335757
25.61,23.85933,0.1725,0.335757
30.36,25.856228,0.1485,0.335757
34.69,31.882336,0.72275,0.42684248
41.4,32.744465,3.804,1.5677639
45.2,39.634026,10.76975,2.5792823
52.56,42.739056,13.1895,4.8913927
55.23,48.561695,11.9025,4.0555677
55.69,50.98374,6.9585,1.9590404
57.37,52.57598,2.4355,-0.18161772
58.84,58.290756,0.553,-0.39134306
60.67,64.69044,0.129,-0.4231956
61.91,65.2025,0.137,-0.4231956
60.06,60.22836,0.1325,-0.4231956
57.37,53.972206,0.13,-0.4231956
56.06,47.91394,0.1305,-0.4231956
51.67,46.1817,0.141,-0.4231956
39.51,45.34868,0.13525,-0.4231956
30.63,32.798817,0.135,-0.4231956
18.02,27.863708,0.15125,-0.4231956
11.93,18.732513,0.14125,0.335757
10.14,13.637073,0.1385,0.335757
7.19,10.33195,0.15,0.335757
11.42,13.231873,0.14975,0.335757
23.57,20.290333,0.14875,0.335757
40.75,33.748154,0.15925,0.335757
59.11,51.246075,0.15325,0.335757
64.48,61.246586,0.42025,0.42684248
63.92,61.449707,2.257,1.8065156
63.11,59.005867,4.81975,7.8234754
67.47,58.070377,7.76625,15.532346
66.75,65.86844,7.77975,14.002803
65.54,64.638435,5.10925,6.7530813
62.38,63.756607,2.1005,0.115857586
67.36,64.715996,0.33825,-0.44264567
67.06,73.64223,0.141,-0.4231956
69.66,72.3413,0.15275,-0.4231956
57.89,69.52988,0.14325,-0.4231956
53.66,52.92758,0.133,-0.4231956
44.41,46.009304,0.13,-0.4231956
42.24,40.318504,0.13125,-0.4231956
38.8,35.231735,0.14,-0.4231956
33.22,31.069567,0.1475,-0.4231956
34.27,26.592133,0.1659999999999999,-0.4231956
36.69,30.517454,0.169,0.335757
22.3,32.37059,0.16375,0.335757
21.44,20.988544,0.1695,0.335757
23.33,23.653698,0.1765,0.335757
42.02,29.280096,0.17825,0.335757
64.23,50.305595,0.21325,0.335757
81.93,72.08347,0.2915,0.335757
96.11,78.57833,0.882,0.42684248
101.76,88.57275,5.146,1.8621558
91.66,94.38977,15.71675,5.183221
89.17,88.952835,23.60875,10.537157
88.04,82.69248,22.97075,7.312818
90.64,83.02649,13.42325,1.6855085
95.45,88.03524,3.38975,0.12674521
106.9,94.99864,0.515,-0.39134306
104.37,108.90425,0.23875,0.15343721
101.07,108.20953,0.22125,-0.4231956
94.38,97.58953,0.23575,-0.4231956
81.99,81.26176,0.2195,-0.4231956
76.21,68.93481,0.182,-0.4231956
68.59,65.47442,0.17275,-0.4231956
62.23,58.382324,0.1585,-0.4231956
45.03,52.71967,0.146,-0.4231956
39.97,40.61765,0.131,-0.4231956
32.1,38.472137,0.123,0.335757
27.51,30.191866,0.12725,0.335757
27.14,25.168543,0.133,0.335757
26.87,29.35733,0.1325,0.335757
30.12,35.22494,0.14075,0.335757
39.22,40.953465,0.15,0.335757
44.6,51.192013,0.17025,0.335757
46.96,49.34662,0.637,0.63642
47.85,47.020256,3.551,1.9011382
44.79,48.19547,10.58175,9.625097
40.89,46.524815,19.5085,13.351822
41.72,42.166553,23.84525,11.0581455
40.43,43.693367,18.249,5.5957565
39.29,44.5373,5.02625,0.38498238
41.01,43.3968,0.473,-0.85610306
39.88,50.434124,0.18575,-0.024742581
39.21,46.285202,0.153,-0.33946347
37.67,40.03509,0.145,-0.33946347
32.0,34.100056,0.145,-0.024742581
26.27,26.20213,0.145,-0.4893467
21.29,21.144474,0.14775,-0.4893467
15.08,17.286861,0.142,0.14763568
13.2,15.121297,0.14675,-0.17016925
18.46,15.702859,0.15825,0.20055087
18.6,19.112396,0.16475,0.6548113
19.8,19.395346,0.16425,0.335757
24.15,19.436808,0.1755,0.335757
25.92,26.843195,0.189,0.6548113
29.95,34.804485,0.19475,0.335757
38.85,42.13217,0.2215,0.335757
42.2,48.00382,0.254,0.335757
46.87,45.846962,0.911,0.42684248
48.88,43.663074,4.9182500000000005,1.7283773
45.36,45.94077,11.795,4.9669094
44.99,42.996864,16.49925,9.585442
47.79,43.616722,12.067,10.432719
45.73,47.094673,6.6645,5.7228875
53.3,48.42,2.27125,-0.18332495
63.24,59.361526,0.389,-0.5086733
64.36,68.82189,0.2545,-0.4892232
63.67,70.17025,0.2455,-0.4892232
60.8,64.301216,0.24025,-0.4892232
60.46,57.64,0.222,-0.4892232
59.67,53.813175,0.2075,-0.104141705
51.55,52.43832,0.19575,0.21057902
43.95,44.220303,0.19525,-0.104141705
39.14,37.317993,0.16975,0.15343721
42.0,33.762714,0.17025,-0.4231956
39.48,40.49615,0.1645,0.335757
39.75,36.406734,0.156,0.335757
45.0,37.898407,0.16125,1.142159
42.96,48.66042,0.16425,0.335757
49.95,52.3598,0.1815,0.335757
59.26,65.453476,0.20925,0.335757
85.31,76.056244,0.225,0.335757
89.29,92.04307,0.6227499999999999,0.955475
97.56,90.735115,2.93325,3.8567035
91.92,95.034256,8.1535,9.229798
95.85,92.32033,14.918,10.938949
87.49,93.66765,12.57,5.6029344
91.94,86.07089,7.7905,1.6155087
98.57,96.16979,2.08275,0.15659104
99.86,108.540344,0.499,-0.39134306
109.27,112.25818,0.218,-0.4231956
109.11,114.64357,0.19475,-0.4231956
98.33,107.339325,0.19075,-0.4231956
88.63,90.098755,0.184,-0.4231956
73.3,77.08613,0.19625,-0.4231956
65.49,61.432323,0.192,-0.4231956
60.98,55.277138,0.18375,-0.4231956
57.8,54.895775,0.1644999999999999,-0.4231956
58.61,53.541,0.16875,-0.4231956
55.29,55.867573,0.16725,0.335757
51.82,50.026,0.1545,0.335757
45.07,50.002796,0.15775,0.335757
44.41,44.134567,0.16,0.335757
44.21,43.789402,0.17575,0.335757
47.16,47.38511,0.2015,0.335757
57.2,51.47829,0.21525,0.335757
63.09,58.149876,0.60975,0.42684248
63.55,60.407207,2.125,1.6251904
64.36,60.103127,4.862,3.4633765
64.56,61.005405,6.0425,7.8556714
65.75,61.097725,6.25275,5.1473784
65.99,62.90671,6.457,1.8556185
63.52,68.54079,1.8645,-0.18161772
60.36,67.115105,0.48525,-0.44264567
59.1,69.354675,0.2319999999999999,-0.4231956
57.22,69.00388,0.20775,-0.4231956
55.09,60.10109,0.19375,-0.4231956
53.96,52.465664,0.18075,-0.4231956
53.31,49.104454,0.187,-0.4231956
49.63,47.825893,0.183,-0.4231956
47.22,44.480354,0.178,-0.4231956
39.22,41.151047,0.1649999999999999,-0.4231956
35.06,36.950665,0.144,-0.4231956
32.6,31.549904,0.1415,0.335757
30.61,28.37099,0.14,0.335757
27.97,29.439291,0.51825,0.335757
25.33,26.935389,0.52125,0.335757
23.32,25.755093,0.5245,0.335757
24.78,25.183159,0.535,0.335757
26.2,28.179588,0.5505,0.335757
27.63,25.08825,0.88175,0.42684248
28.81,25.721647,3.02075,1.5677639
29.66,29.222664,5.1925,2.099715
31.05,29.232016,9.5425,2.9136071
30.04,30.030645,19.596,2.077786
30.35,30.316214,15.71975,0.9373833
31.47,31.362787,8.04825,-0.5648272
32.3,36.690273,0.38975,-0.44264567
33.97,39.30696,1.49425,-0.42331913
34.58,41.175873,1.796,-0.4893467
33.4,36.91645,1.74175,-0.4893467
32.6,31.271782,1.7885,-0.6585175
31.46,29.392208,1.43775,-0.6585175
31.59,28.018679,0.141,-0.6585175
29.93,26.435968,0.141,-0.6585175
27.69,25.500021,0.1385,-0.6585175
23.8,24.285301,0.13975,-0.88783187
23.17,22.799831,0.138,0.25801566
20.95,22.594177,0.13825,0.25801566
18.89,22.005423,0.1365,0.28407747
17.57,23.812862,0.86675,0.28407747
20.48,26.273148,0.9075,0.28407747
26.47,29.648785,0.92825,0.28407747
38.29,35.24171,0.875,0.28407747
43.92,38.940594,1.7677500000000002,0.54431
43.51,44.45702,6.195,1.6282746
43.75,43.097855,15.5005,2.0123885
44.74,43.88438,20.84575,4.9828997
44.89,43.70291,20.607750000000003,7.223913
46.54,44.4379,15.07275,6.282948
46.39,48.53456,4.23325,1.5481948
47.27,50.615303,0.5725,-0.4542864
47.13,52.78243,0.591,-0.4892232
48.58,52.78243,0.891,-0.4892232
49.8,51.390854,0.938,-0.4231956
49.49,46.027046,0.89025,-0.4892232
48.62,40.875248,0.7142499999999999,-0.4892232
48.36,40.264465,0.1415,-0.4892232
46.61,39.356747,0.142,-0.4892232
45.07,38.309483,0.14225,-0.4892232
44.68,38.063915,0.14925,-0.4892232
43.45,40.74557,0.142,0.24056275
42.74,39.3347,0.13325,0.24056275
43.13,39.951534,0.14375,1.142159
44.49,44.552433,0.7435,1.3777986
46.23,50.813473,0.7877500000000001,0.8904513
48.93,54.634773,0.7897500000000001,0.57139647
69.12,59.77275,0.7002499999999999,1.2334719
62.09,69.241,1.323,1.5294479
58.99,60.840683,4.36925,5.456086
58.01,56.810757,14.616,12.784538
55.42,53.369923,22.8305,12.388522
58.29,51.26463,21.97475,12.58887
55.58,54.595444,15.5985,8.272556
57.87,59.240665,6.04675,0.11260586
82.07,63.497547,1.04725,0.2424316
88.31,89.79094,0.8192499999999999,0.3801497
92.09,96.22986,0.84375,-0.104141705
80.95,89.94284,0.83675,-0.4231956
59.32,71.09196,0.83975,-0.4231956
51.68,51.91105,0.6645000000000001,-0.104141705
48.55,46.52286,0.14575,0.44299117
46.27,43.36738,0.145,0.2665784
43.62,38.611286,0.1485,-0.4231956
47.13,38.167076,0.15225,0.15343721
45.45,43.455616,0.14925,1.2553556
45.2,43.019608,0.138,0.335757
45.17,44.458294,0.1415,0.6548113
45.39,49.087505,0.14325,0.36181876
47.82,53.363377,0.1375,0.36181876
51.77,55.572315,0.13575,0.36181876
56.02,63.539337,0.2977499999999999,0.36181876
70.56,54.832336,1.13275,0.9569515
69.21,67.83858,4.70925,1.6067461
72.94,62.76488,11.04125,7.994129
71.21,64.55633,19.754,11.90225
67.98,66.74984,25.016,10.381593
72.23,61.93801,17.125,9.338091
76.72,68.293465,4.463,2.2294765
75.89,77.77991,0.6595,-0.07228931
74.88,81.80066,0.3492499999999999,0.44299117
72.0,79.92333,0.3485,0.44299117
66.67,71.26118,0.245,0.41598144
58.91,60.189762,0.14425,0.41598144
54.27,51.099068,0.145,0.41598144
49.46,45.87053,0.14825,0.41598144
48.54,41.754726,0.14575,0.2665784
46.19,41.63181,0.14975,-0.4231956
40.14,40.725662,0.15375,-0.4231956
35.45,37.653522,0.14725,0.99783236
30.56,32.31843,0.13675,1.4317684
24.35,30.796661,0.138,1.2553556
17.96,28.005898,0.13725,1.142159
16.58,28.921907,0.135,0.335757
26.14,26.560682,0.137,0.335757
42.11,34.422153,0.347,0.335757
41.19,46.10014,1.20325,0.76278543
43.02,43.27744,5.77275,1.91511
37.22,44.62374,15.24625,5.029853
34.01,36.69832,23.21125,12.338877
35.18,34.94169,20.77825,13.437607
35.81,34.73933,11.78525,8.243632
39.46,38.41803,3.996,0.3808521
42.43,43.128826,0.7462500000000001,-0.39134306
42.97,51.044174,0.47225,-0.4231956
44.24,50.448177,0.42125,-0.4231956
41.71,45.483097,0.34325,-0.4231956
37.75,39.33734,0.144,-0.4231956
33.99,32.286636,0.1415,-0.4231956
27.66,29.810005,0.14425,-0.4231956
25.15,22.705013,0.147,-0.4231956
9.4,22.724197,0.151,-0.104141705
5.33,9.512102,0.155,-0.4231956
3.05,5.9094114,0.1485,0.335757
2.78,2.0037885,0.13675,0.335757
2.19,2.2746673,0.035,0.335757
2.86,4.8685822,0.1445,0.335757
3.75,11.733233,0.04425,0.335757
2.9,13.464094,0.154,0.335757
4.97,13.376819,0.11925,0.36181876
4.27,11.489901,0.6335,0.7658697
3.91,6.274356,2.482,1.8789135
3.99,4.071193,6.5925,7.709772
5.14,5.9774103,9.596,11.90225
3.95,6.898086,9.4305,7.3063316
4.06,4.706868,6.96425,4.3329654
4.65,10.061162,2.115,0.33825925
11.96,12.445326,0.44475,-0.39134306
25.98,24.705826,0.166,-0.4231956
27.34,32.79428,0.14575,-0.4201114
12.75,29.906603,0.164,-0.4201114
1.74,14.600696,0.15975,-0.4231956
1.05,2.1758618,0.14625,-0.4231956
0.6,1.5739837,0.1495,-0.4231956
0.14,0.7131945,0.14275,-0.4231956
-0.65,-0.04331485,0.14275,-0.4231956
-1.45,0.36323345,0.056,-0.4231956
-1.6,-2.6860483,0.1485,1.142159
-2.61,-2.2678006,0.037,1.2715057
-2.31,-4.2058797,0.13175,1.4317684
-4.2,-2.6726866,0.032,1.4317684
-4.21,-2.212704,0.13225,1.2715057
-1.66,0.020452362,0.03525,1.3478476
-1.02,-0.1572397,0.39275,1.1452432
-0.25,0.2445166,1.11925,0.42684248
0.32,0.5867771,5.348,1.5677639
0.22,1.1493535,18.7525,2.78168
0.42,-1.0679259,28.54375,4.862468
-0.24,0.3678735,30.15375,5.147289
0.04,0.5416033,21.8875,2.6848292
0.59,3.3048422,6.64775,-0.40727076
1.39,6.823009,0.81325,0.19112895
3.35,9.709765,0.54525,0.3801497
35.0,11.280262,0.5245,0.3736284
43.74,34.679173,0.3482499999999999,0.3736284
41.14,37.668076,0.1455,0.3736284
23.13,33.767838,0.144,0.3736284
12.11,20.093147,0.14625,0.3736284
10.81,11.745701,0.14775,0.3736284
7.96,7.5261154,0.151,0.3736284
6.66,6.009266,0.15025,0.3736284
8.49,4.273362,0.14625,1.1499976
9.44,4.448955,0.14175,1.1499976
9.78,6.9406776,0.1395,1.1499976
12.39,7.3189282,0.141,1.1499976
12.1,14.332561,0.144,1.1499976
39.12,14.559054,0.14,1.1499976
40.23,38.209618,0.547,1.1760594
42.84,38.709568,1.53125,1.5770253
45.39,41.140064,12.9965,4.2584457
45.69,42.689613,37.99725,13.973043
45.34,42.395218,58.2595,30.924694
44.47,40.79507,57.64675,40.24569
45.22,40.244675,34.765,27.001133
46.19,43.728714,7.84325,6.09541
47.44,47.84137,0.77075,0.51810735
48.24,52.735706,0.73475,0.3736284
51.68,55.193886,0.6707500000000001,0.3736284
51.57,54.99464,0.44425,0.3736284
48.07,50.55703,0.13925,0.44299117
46.81,42.159267,0.14,0.41598144
44.93,40.334274,0.14125,0.41598144
45.18,39.19232,0.13875,0.41598144
42.24,41.979115,0.14125,0.41598144
41.29,40.735218,0.144,0.44299117
41.35,42.661423,0.14175,1.4047589
40.99,42.735878,0.13575,1.4317684
41.48,43.356453,0.133,0.6548113
42.11,48.014168,0.132,0.99783236
48.04,53.96465,0.131,0.99783236
56.54,60.84519,0.131,1.142159
63.61,68.521324,0.469,1.2814174
66.65,64.15473,1.56725,2.1037874
73.14,66.9535,12.10375,9.721375
73.72,71.177704,30.616,25.965837
74.52,70.659096,45.15375,39.45233
74.64,70.56007,42.65875,39.30563
74.42,71.90285,26.89675,21.21606
77.56,74.766685,8.397499999999999,3.5262032
87.45,83.33237,0.94325,-0.07228931
96.43,95.959175,0.63375,-0.4231956
87.78,101.36928,0.6567500000000001,0.15343721
79.94,88.33755,0.407,-0.4231956
74.2,74.32928,0.13075,0.21057902
72.65,65.21792,0.13,0.21057902
71.06,64.84921,0.12975,0.21057902
67.13,62.722496,0.1305,0.21057902
60.14,59.416557,0.132,0.44299117
57.07,56.689854,0.136,0.2665784
52.79,54.55406,0.13425,0.335757
41.09,51.675743,0.12725,0.335757
34.2,41.88204,0.12275,0.335757
33.5,39.069496,0.422,0.335757
36.1,44.267807,0.42425,1.142159
51.72,47.859524,0.4297499999999999,1.3117304
57.69,65.85209,0.589,1.0238941
58.19,57.82396,1.249,2.0167942
58.07,59.219215,7.4205,7.641589
57.41,59.174477,22.1145,20.384193
55.11,58.09738,34.557249999999996,26.809023
56.58,54.99507,35.941,25.07034
55.75,58.931404,21.9525,18.962421
56.11,58.54236,7.641249999999999,6.846468
56.51,63.488228,0.74,0.41105717
57.31,65.57009,0.6365,0.2665784
55.98,67.90915,0.7555000000000001,0.41598144
55.5,58.44746,0.6034999999999999,0.41598144
54.44,55.256584,0.45025,0.2665784
49.83,53.374134,0.373,0.44299117
44.05,49.22532,0.123,0.2665784
44.52,45.83337,0.12325,-0.104141705
41.03,46.084957,0.12625,0.344282
44.11,44.213436,0.1565,0.344282
37.21,45.288414,0.1709999999999999,1.142159
36.3,36.790485,0.14525,1.4317684
37.39,36.710087,0.1485,1.4047589
40.11,42.050404,0.153,1.4578302
41.71,51.36749,0.165,1.4578302
43.72,54.81034,0.19875,1.4578302
52.93,56.995388,0.94125,1.4308207
60.29,55.64761,2.00525,1.5770253
60.09,61.451775,13.054,6.7847514
57.95,60.220104,42.10625,18.887005
48.39,56.481407,66.341,36.694637
39.29,48.730545,63.6825,50.194553
38.98,40.962135,38.164,30.200005
42.39,41.689297,11.46,8.913235
47.42,50.134388,1.4115,0.63545537
49.96,57.769146,1.211,0.3736284
50.27,58.581516,1.16525,0.3736284
44.51,53.21312,0.711,0.3736284
40.58,45.351467,0.1885,0.3736284
37.87,39.264236,0.1635,0.3736284
37.54,36.479084,0.1765,0.3736284
38.42,36.133118,0.16475,0.41598144
36.03,37.442425,0.17475,0.2665784
35.43,36.940407,0.152,0.44299117
31.86,33.296925,0.16925,1.4317684
30.01,30.64698,0.1735,1.3117304
22.34,31.318594,0.176,0.6548113
16.94,29.74147,0.1735,0.335757
14.07,29.749716,0.188,1.142159
16.15,26.547724,0.22125,1.2553556
24.77,29.447487,0.264,1.6403985
31.09,31.98587,0.78575,2.4670444
33.03,34.569904,8.2155,9.127712
24.97,32.642086,27.87425,21.265192
17.38,26.19719,43.52975,35.300526
18.76,18.73715,39.8235,37.604713
12.21,20.432516,22.92975,20.258518
9.96,17.898222,5.7475,3.552971
13.46,17.006157,0.57925,-0.39134306
13.83,23.233963,0.2025,0.344282
13.27,22.953949,0.15175,-0.4231956
8.71,17.833939,0.1445,-0.4231956
6.46,9.936177,0.14475,0.2665784
5.95,6.727809,0.145,0.41598144
2.0,6.3546886,0.14475,0.41598144
1.08,0.99230736,0.14325,0.41598144
0.7,1.2825549,0.14175,0.3736284
0.93,3.8289673,0.19425,0.41598144
1.33,2.476976,0.1725,1.2715057
0.91,3.422214,0.1725,1.229153
0.85,2.958018,0.174,1.1499976
1.06,7.2621427,0.1689999999999999,1.1499976
1.28,11.906255,0.17625,1.229153
2.72,12.471625,0.21025,1.2715057
7.27,13.435811,0.95975,1.3478476
10.02,12.08259,2.0,1.4958444
28.78,12.661709,10.4755,6.1374884
38.94,29.150291,35.586,17.268713
41.1,34.58241,56.1995,29.401283
44.48,37.030663,57.42775,38.636032
45.13,40.225464,36.72325,26.328093
46.92,43.634796,11.17825,6.771737
49.28,47.10354,1.23975,0.7048181
50.64,53.477776,1.16,0.41598144
50.91,54.243958,1.14575,0.41598144
50.62,49.328106,0.6677500000000001,0.41598144
49.5,43.796135,0.14,0.3801497
45.79,41.408997,0.142,0.44299117
39.27,38.02759,0.146,0.41598144
29.05,30.438648,0.14725,0.41598144
7.72,25.911224,0.123,0.44299117
9.43,8.981485,0.07675,0.3801497
0.75,7.4262815,0.14975,1.3117304
0.14,0.6014344,0.14925,1.2553556
-0.92,0.6230673,0.147,1.1499976
-1.26,0.9400709,0.14725,1.1499976
0.11,1.0769079,0.1555,1.1499976
0.27,1.8029935,0.15075,1.4047589
1.14,3.5939884,0.87925,1.3856372
0.87,4.145893,2.10475,2.1852727
0.37,1.326072,13.22075,8.039118
0.8,1.7823318,43.24175,27.605923
0.88,2.095649,70.42750000000001,49.700363
1.49,2.130935,70.74825,62.050816
1.99,3.101236,48.06075,41.359375
1.85,5.7647586,18.62375,11.486443
1.68,8.75353,2.2807500000000003,0.45203164
1.11,10.558246,1.18575,0.4428677
0.57,10.498483,1.1749999999999998,0.37350494
1.43,6.463974,0.70575,0.37350494
0.25,2.7683196,0.17575,0.37350494
0.02,1.8091294,0.17875,0.37350494
-0.5,-0.23416896,0.1745,0.37350494
-0.93,0.2802657,0.17325,0.37350494
-1.85,-0.94641495,0.17075,0.41585797
-0.09,-0.36996627,0.18625,0.37350494
-0.1,-1.4673752,0.2002499999999999,1.3258854
-0.21,-1.3182173,0.16875,1.2043773
-0.04,-0.644062,0.16025,1.2043773
0.44,0.34685066,0.1785,1.2043773
1.67,2.5732877,0.18625,1.2043773
1.65,3.3708975,0.21525,1.2043773
2.95,4.509238,0.7075,1.3856372
3.69,4.830179,1.62875,2.1852727
4.58,4.9389877,11.755,11.779368
4.71,5.076533,40.86925,35.78627
4.55,4.467967,69.5005,56.778645
3.55,2.7465525,68.6545,64.84675
3.45,4.716269,44.9635,40.285595
8.28,7.742034,16.235,11.828806
22.95,15.586268,1.3715,0.4775955
33.8,32.92707,0.96975,0.41598144
33.56,41.97791,0.9895,0.44299117
33.35,35.72985,0.7172499999999999,0.41598144
25.64,30.019247,0.2895,0.15652142
22.16,21.255295,0.25575,-0.42331913
21.76,19.539715,0.2175,-0.42331913
10.3,20.419859,0.21825,0.41585797
4.22,7.3207088,0.21775,0.38002622
7.96,3.1625645,0.1815,0.41585797
6.01,9.641422,0.1665,1.2043773
5.17,8.42695,0.182,1.4591386
2.59,8.655066,0.179,1.4348526
2.43,9.201286,0.0815,1.2322372
2.61,14.603296,0.192,1.2043773
11.89,14.929065,0.2825,1.4591386
23.85,26.544514,0.7715000000000001,1.3006517
36.42,28.105064,1.8035,2.0277162
37.25,37.74815,14.256,11.833748
35.25,38.08901,49.19525,34.03423
31.11,35.37269,78.21075,64.36202
26.03,32.590565,79.142,70.87639
21.21,28.669273,53.6495,48.748047
28.71,27.439041,19.28875,16.256855
34.92,37.500744,1.40325,-0.18543957
36.54,44.863678,0.93775,0.2664549
38.84,46.22747,0.86725,0.2664549
36.35,41.95935,0.6637500000000001,0.4428677
29.01,35.135113,0.221,0.41585797
14.35,27.512745,0.18825,0.37350494
9.65,15.070676,0.175,0.37671262
7.74,10.433509,0.18875,0.37671262
4.34,10.132864,0.1995,0.37671262
2.33,7.5237684,0.1465,0.41585797
1.88,3.402082,0.04925,1.2043773
1.72,1.4821445,0.15025,1.3258854
1.9,2.3010068,0.04625,1.4591386
2.01,6.6426744,0.148,1.4861481
2.17,11.153387,0.04425,1.4861481
3.92,13.302619,0.1445,1.4861481
20.08,15.3792095,0.603,1.4852004
39.89,23.732176,1.5595,2.2768617
40.22,40.00883,12.1565,11.771053
34.32,39.85952,42.77775,33.95636
29.91,33.864872,75.077,59.257103
31.46,29.495071,76.60625,67.51999
42.91,31.083895,54.56375,49.77622
47.74,45.059902,20.70025,15.072976
56.25,53.32412,1.87575,0.40980214
74.49,60.946503,0.7907500000000001,0.3736284
74.25,78.6257,0.684,0.3736284
83.58,71.94767,0.49675,0.3736284
94.88,74.50986,0.141,0.3736284
91.11,78.08931,0.14225,0.41598144
84.3,75.11719,0.13825,0.3736284
83.92,70.41479,0.135,0.3736284
76.11,70.99782,0.1355,0.3736284
67.14,66.586266,0.138,0.41598144
