actual_price,predicted_price,actual_P,predicted_P
85.92,85.0018,0.0,4.960653
89.02,90.26099,0.0,4.960653
95.86,104.289024,112.0,80.631004
111.66,109.15861,858.0,948.9351
94.02,106.81715,2389.0,1942.7733
62.59,76.39824,3858.0,3591.0361
35.0,50.74198,4837.0,4658.0625
4.51,26.18149,4715.0,5331.5967
3.43,3.005898,3690.0,4905.926
1.32,6.204769,3461.0,3725.4573
2.94,7.440033,3522.0,3308.3674
8.43,11.354309,3516.0,3219.9888
18.82,28.173233,3649.0,2986.0967
61.0,41.421646,3017.0,2915.7947
92.0,80.25383,1702.0,1897.8312
117.2,117.841805,628.0,823.78424
143.95,156.0892,64.0,77.084625
218.84,184.47311,0.0,7.9610453
148.57,184.67911,0.0,-5.285326
118.86,133.39912,0.0,-10.401924
99.37,108.53304,0.0,-10.401924
92.02,106.03596,0.0,-1.3916954
76.94,99.77222,0.0,-1.3916954
74.1,88.72954,0.0,4.9378905
69.61,85.76426,0.0,4.9378905
73.3,91.0676,0.0,1.51146
84.18,99.519485,111.0,81.993484
98.79,106.968994,807.0,759.6749
102.78,104.53747,2039.0,1511.3563
85.52,83.537,3370.0,3215.8123
21.36,69.76374,4344.0,4295.4683
15.64,18.020369,4883.0,4768.4844
18.01,17.849602,4796.0,5059.516
31.59,22.535696,4708.0,4565.9565
27.06,32.11604,4467.0,4232.4995
52.0,28.298775,4100.0,3874.06
59.56,68.41269,2991.0,3316.9446
76.13,73.99577,2445.0,2133.3093
112.06,99.4238,1503.0,1509.4452
130.9,135.01009,595.0,577.43896
141.38,163.39085,91.0,46.90987
172.95,187.0501,0.0,-1.0491836
138.98,152.69081,0.0,-10.401924
124.41,127.5129,0.0,-8.158556
110.83,117.9579,0.0,-5.285326
96.74,102.20887,0.0,-1.3916954
92.31,86.23054,0.0,-1.3916954
90.42,83.00474,0.0,4.9378905
89.99,82.81436,0.0,4.9378905
89.78,84.75511,0.0,4.9378905
90.25,95.2981,132.0,78.45673
98.77,102.14915,890.0,701.59906
82.37,102.32981,2283.0,2010.0875
59.6,72.93643,3610.0,3416.7075
30.0,48.722313,4716.0,4513.8506
18.0,25.287392,4934.0,5228.536
2.94,17.044865,4777.0,5186.2715
5.61,6.7048297,4624.0,4784.201
10.53,11.87455,4272.0,4316.4253
12.05,23.100693,3623.0,3711.475
19.75,36.75219,2760.0,2897.022
33.63,41.20054,1922.0,1977.0231
82.45,62.59514,870.0,1090.834
108.54,109.99381,294.0,429.90057
110.03,132.72726,35.0,52.14562
105.98,139.76566,0.0,-8.16319
104.1,111.372185,0.0,-10.401924
102.69,103.844986,0.0,-8.158556
85.68,99.3633,0.0,-4.964472
73.19,90.629616,0.0,-10.401924
57.81,80.28815,0.0,-10.401924
41.35,65.74995,0.0,-6.617086
33.95,47.972797,0.0,-6.617086
37.39,43.23111,0.0,-6.617086
57.25,58.976868,78.0,64.541306
84.99,83.09224,468.0,747.75616
64.0,90.5585,1119.0,1239.5269
53.01,55.671883,1901.0,2093.356
29.13,43.9728,2434.0,2786.975
2.94,16.668304,2697.0,3172.1765
2.94,1.0852036,2551.0,3125.3662
4.02,5.446201,2533.0,2806.4163
0.77,5.6347976,2446.0,2506.9414
0.04,5.322185,2349.0,2185.3843
0.12,17.630777,2261.0,1926.7422
0.14,23.27132,2106.0,1550.0192
29.2,30.663511,1415.0,1089.2141
80.72,57.813198,611.0,422.93
58.04,103.79046,105.0,47.912033
57.84,89.66338,0.0,5.4834814
51.52,75.44604,0.0,-1.3916954
85.0,68.8526,0.0,-1.3916954
85.0,83.30692,0.0,-1.3916954
102.99,79.58937,0.0,-1.3916954
81.09,88.433655,0.0,-1.3916954
72.79,72.62624,0.0,4.9378905
59.21,65.57995,0.0,2.9275303
58.26,56.071945,0.0,1.51146
45.9,58.437054,80.0,37.949425
40.0,54.42653,531.0,414.86053
10.0,38.358826,1213.0,1190.6404
3.23,6.5293713,1975.0,2147.709
1.0,-2.1823554,2525.0,2680.1763
0.04,-3.5003216,2166.0,2985.2446
0.04,-5.00859,2256.0,2250.4888
0.04,-0.99967664,2400.0,2197.7678
0.04,-0.458994,2215.0,2162.5178
0.04,1.442914,2015.0,1972.6823
0.04,15.284298,1785.0,1720.1405
0.03,16.919075,1606.0,1388.6433
43.43,19.612158,1496.0,1152.8433
84.02,61.348408,692.0,584.0017
100.0,92.95597,108.0,92.7697
127.83,110.43862,0.0,7.9610453
112.04,112.19673,0.0,-1.6824621
117.49,98.04237,0.0,-1.6824621
103.19,100.256935,0.0,-1.3916954
98.69,94.454,0.0,-1.3916954
85.15,84.62264,0.0,-1.3916954
79.58,73.418724,0.0,4.9378905
72.89,68.777534,0.0,4.9378905
69.74,65.09339,0.0,4.9378905
63.38,66.024925,125.0,57.692703
34.87,61.86383,850.0,540.0364
13.0,29.817167,2015.0,1528.0822
2.4,11.176797,2562.0,2788.7334
0.0,-2.6606755,2054.0,3122.2332
0.0,-4.6482744,1579.0,2543.3027
0.0,-3.7422369,1748.0,1802.8201
0.0,1.296613,1782.0,1870.8994
0.0,1.0365901,1649.0,1755.3838
0.0,5.288045,1521.0,1425.3981
0.0,19.899824,1790.0,1149.4045
0.0,19.74125,2001.0,1173.2856
26.1,22.43079,1687.0,1033.3492
88.36,46.751495,689.0,641.8518
151.93,104.318085,112.0,85.29858
139.79,152.73781,0.0,7.9610453
135.99,121.73751,0.0,-1.3916954
110.54,115.74089,0.0,-1.3916954
97.81,102.38733,0.0,-1.3916954
93.62,93.23553,0.0,-1.3916954
87.8,86.155205,0.0,-1.3916954
82.44,82.46116,0.0,5.006579
83.34,74.728516,0.0,5.006579
96.45,77.28295,0.0,5.006579
102.89,103.06224,139.0,100.52905
111.63,106.2869,849.0,976.5127
108.85,104.65359,2207.0,1888.3821
92.5,92.81055,3651.0,3269.6458
84.21,82.68902,4783.0,4332.515
49.21,73.172264,5035.0,5186.3604
33.21,53.458202,4850.0,5025.437
20.0,39.59091,4396.0,4737.195
12.78,30.465359,4474.0,4243.635
11.0,29.554438,3899.0,4054.3486
19.75,42.66871,3727.0,3174.2068
60.0,45.9447,3045.0,2701.8984
97.01,80.26135,1976.0,1917.128
157.48,114.407265,734.0,837.1752
215.35,175.68806,127.0,93.08734
260.95,225.00484,0.0,7.41868
136.58,213.01938,0.0,-1.3230066
115.29,122.0146,0.0,-1.3230066
121.84,106.8723,0.0,-1.3230066
117.47,106.21194,0.0,-1.3230066
115.08,104.13636,0.0,-1.6137735
106.53,102.015785,0.0,4.960653
104.42,96.237274,0.0,4.960653
106.45,103.34943,0.0,4.960653
122.0,112.332535,131.0,102.634636
140.46,123.02542,865.0,984.09186
124.4,127.22294,2339.0,1946.5764
85.26,101.12847,3806.0,3617.6792
34.4,71.174576,4907.0,4760.498
5.83,27.011885,5021.0,5446.953
5.48,8.374966,3996.0,5205.4546
6.72,13.468675,3910.0,4114.758
5.12,12.899031,3595.0,3770.74
3.35,17.898666,3340.0,3365.401
9.92,25.604626,3189.0,2885.9775
45.22,33.24183,3355.0,2537.4346
90.76,74.93017,2130.0,2190.464
143.72,117.920456,765.0,1003.6422
165.55,178.551,113.0,93.018654
251.65,202.48534,0.0,6.992431
153.71,197.12936,0.0,-2.3603113
121.36,127.5317,0.0,-2.0027514
131.53,111.203026,0.0,-1.6824621
119.95,116.718155,0.0,-1.6824621
97.11,105.46185,0.0,-1.6824621
88.57,94.4042,0.0,4.960653
87.58,88.11845,0.0,4.960653
93.67,88.47852,0.0,4.960653
98.87,105.78064,135.0,102.634636
101.45,115.14582,871.0,976.444
112.12,105.33949,2309.0,1972.5804
48.4,93.81234,3723.0,3447.1309
31.41,46.023956,4802.0,4699.7363
12.78,28.020021,4838.0,5397.4062
12.1,16.597233,4091.0,5055.769
9.53,20.173101,3888.0,4193.6875
9.69,15.131684,3741.0,3780.1365
18.5,21.283264,3728.0,3480.0986
51.48,41.074593,4255.0,3069.1558
86.33,68.3899,3227.0,3278.5662
117.59,99.99058,1893.0,2125.0522
121.39,137.2924,666.0,808.79803
213.95,150.20004,115.0,94.814384
339.78,235.23416,0.0,6.992431
248.01,248.06728,0.0,-4.56645
156.36,183.82898,0.0,-10.0039015
128.71,128.92416,0.0,-2.3603113
120.77,113.22724,0.0,-6.2539415
108.77,106.51044,0.0,-6.2539415
100.02,101.06013,0.0,3.969274
98.19,93.34883,0.0,4.3268332
101.21,93.40526,0.0,4.3268332
106.97,105.81372,163.0,89.01353
111.48,111.07444,856.0,976.25903
127.78,106.86795,2096.0,1888.4974
101.93,99.97168,3523.0,3367.4207
79.51,83.19996,4463.0,4403.8296
66.34,65.18328,5081.0,5151.6196
48.97,57.274406,4433.0,5242.5684
20.41,52.438972,4689.0,4435.833
12.27,26.175007,4513.0,4332.349
8.52,26.28111,4311.0,4073.5112
23.54,30.965115,3599.0,3629.2395
79.07,46.284252,2651.0,2745.1511
98.84,95.848114,1481.0,1595.9656
138.32,120.593575,514.0,537.04
175.51,178.53143,69.0,73.1991
262.51,219.15932,0.0,6.7016644
135.53,226.27727,0.0,-2.6510787
118.68,120.68029,0.0,-2.3603113
117.87,109.437836,0.0,-2.3603113
103.57,104.37343,0.0,-2.3603113
120.2,94.57193,0.0,-2.6510787
108.37,107.32434,0.0,3.9920363
102.2,102.671234,0.0,3.9920363
108.5,98.12985,0.0,3.9920363
98.25,111.568245,153.0,103.43708
107.69,103.10273,846.0,843.3726
98.9,109.71077,2093.0,1832.3217
67.34,85.63646,3478.0,2994.8997
8.44,58.214417,4382.0,4142.459
0.04,9.355617,4256.0,4973.8306
1.98,3.3699942,4162.0,4479.716
12.73,10.1641245,4242.0,4213.5107
28.47,22.434732,4336.0,4034.1638
24.7,30.52771,3986.0,3856.775
42.08,41.946762,3780.0,3333.7297
82.1,60.119503,2607.0,2818.756
138.02,95.47615,1621.0,1441.7789
209.72,153.95581,711.0,589.3406
146.92,207.57874,132.0,82.78592
190.2,184.31898,0.0,6.992431
136.97,146.88475,0.0,-2.3603113
125.37,110.44588,0.0,-2.3603113
109.17,106.22615,0.0,-2.6510787
103.83,102.48975,0.0,-2.6510787
99.5,96.91774,0.0,-2.3603113
96.12,92.24919,0.0,3.969274
96.25,90.58241,0.0,3.6785052
91.51,90.91205,0.0,3.969274
90.21,89.55159,149.0,105.231026
81.23,86.917534,868.0,825.8385
80.58,73.72945,2163.0,1857.7184
73.7,62.218437,3553.0,3099.8274
59.48,56.075237,4409.0,4195.6797
13.71,45.828815,4366.0,4840.726
9.44,12.139692,3355.0,4552.849
1.19,9.451694,3333.0,3414.5398
0.04,5.692655,3273.0,3236.2017
0.04,6.0884743,3111.0,2933.4343
0.04,20.46605,3028.0,2617.9907
5.09,23.889883,3125.0,2216.2336
89.21,49.18316,2008.0,1961.365
135.63,135.25745,792.0,826.5565
182.64,149.54721,133.0,123.49631
143.86,191.44281,0.0,6.992431
120.44,123.459656,0.0,-2.3603113
123.32,110.0079,0.0,-2.3603113
118.45,109.83633,0.0,-2.3603113
96.01,106.12452,0.0,-2.3603113
88.63,90.59963,0.0,-2.3603113
86.39,85.19226,0.0,3.969274
84.11,82.42839,0.0,3.969274
78.96,77.43185,0.0,3.969274
65.93,75.677795,148.0,101.66602
45.44,62.420933,850.0,981.39417
4.01,41.394447,2023.0,1898.8535
0.0,2.0255907,2361.0,3163.0405
0.0,-0.5695145,2564.0,3215.2021
0.0,-3.615468,2728.0,3279.113
0.0,-2.7904944,2905.0,3038.4094
0.0,1.6194922,2987.0,2997.529
0.0,2.04914,2772.0,2848.1362
0.0,6.1519547,2644.0,2452.8767
0.59,20.410522,2551.0,2136.6692
14.45,20.008354,2491.0,2020.4061
91.58,41.596928,2006.0,1601.0822
157.8,111.71334,761.0,817.4226
151.36,182.02711,124.0,128.90337
177.62,161.52538,0.0,6.7016644
159.02,138.7116,0.0,-7.7605324
124.71,124.769684,0.0,-6.2539415
100.94,106.2678,0.0,-10.0039015
99.12,93.79984,0.0,-6.2539415
94.51,88.47074,0.0,-2.3603113
87.49,86.89017,0.0,4.0379624
85.21,80.997826,0.0,3.7471936
87.33,81.45808,0.0,4.0607247
91.81,94.77043,154.0,117.57078
93.32,101.7327,862.0,974.24115
89.91,96.67074,2217.0,1846.2109
63.08,84.88614,3307.0,3284.3308
16.3,63.107594,3450.0,4015.3826
9.85,26.101616,3518.0,3954.2798
14.56,19.841185,3646.0,3807.3728
12.57,30.29233,3792.0,3691.9634
10.7,31.619007,3791.0,3524.206
13.87,34.990204,3625.0,3464.9067
14.24,47.030655,3660.0,2906.7505
10.0,46.74258,3135.0,2787.6353
87.84,52.522953,1910.0,2083.0742
122.93,132.7326,764.0,897.9934
136.49,175.1759,148.0,118.58928
153.75,179.08513,0.0,6.7703533
135.0,131.85907,0.0,-2.5823898
124.85,116.43219,0.0,-2.5823898
106.28,110.38545,0.0,-2.5823898
89.91,97.55437,0.0,-2.2916226
81.81,88.91223,0.0,-2.2916226
71.07,80.28582,0.0,3.969274
61.82,73.3215,0.0,3.969274
56.22,68.71786,0.0,3.9920363
70.35,76.86378,137.0,135.70885
81.73,92.56144,773.0,989.04205
85.1,86.01884,2007.0,1870.204
86.14,69.97611,3372.0,3322.7012
65.81,69.865814,4149.0,4196.6865
23.09,55.2458,4089.0,4625.958
8.75,20.663885,4039.0,4463.004
11.5,13.762845,4158.0,4181.9033
14.05,21.723505,4102.0,4043.8127
30.39,26.263128,3818.0,3675.6472
62.32,50.293545,3492.0,3247.5674
89.13,71.8097,2909.0,2699.7644
105.72,99.27202,1587.0,1939.3622
134.92,128.02856,625.0,900.64667
155.0,155.07976,127.0,119.454254
179.55,172.02377,0.0,6.7016644
139.09,145.60071,0.0,-2.3603113
102.18,121.87422,0.0,-2.6510787
97.75,98.10783,0.0,-2.6510787
81.11,93.66298,0.0,-2.6510787
74.99,80.13246,0.0,-2.6510787
68.99,69.86615,0.0,3.9920363
72.64,64.81777,0.0,3.9920363
73.35,71.056755,0.0,3.9920363
87.65,80.40933,149.0,101.710045
109.64,93.4761,859.0,874.29156
88.42,105.97176,2200.0,1861.6777
82.32,75.469124,3596.0,3482.0264
59.79,67.62698,4702.0,4482.817
20.0,50.81984,5088.0,5140.112
4.38,21.708082,4604.0,5271.3296
8.36,10.465372,4547.0,4599.9043
10.23,15.830486,4519.0,4383.7505
15.07,27.346693,4281.0,4085.9448
33.52,42.08372,3926.0,3634.7146
79.2,57.479717,3288.0,2961.7236
104.96,99.233444,1956.0,2135.7612
141.78,132.04785,799.0,741.5695
150.59,178.1547,147.0,117.4147
219.16,190.71011,0.0,6.7016644
185.7,190.5996,0.0,-2.6510787
123.18,149.47346,0.0,-2.6510787
103.67,109.687,0.0,-2.6510787
107.36,96.17035,0.0,-2.6510787
90.0,92.16611,0.0,-2.6510787
84.77,83.317276,0.0,3.9920363
85.12,78.829414,0.0,3.9920363
89.35,81.629555,0.0,3.9920363
96.89,97.09683,143.0,134.77992
111.79,106.01198,796.0,989.04205
79.62,107.85241,2023.0,1870.204
77.27,71.62202,3384.0,3347.6033
36.67,64.43626,4567.0,4383.4204
0.01,34.034992,4778.0,5214.4644
7.0,2.3685467,4545.0,5068.088
13.95,15.080258,4670.0,4603.3325
15.0,22.571396,4741.0,4490.7725
31.86,30.110212,4637.0,4309.1865
40.34,50.94043,4263.0,3920.4045
63.75,60.872425,3207.0,3248.0547
91.33,88.6356,1930.0,2058.0686
130.91,122.7397,742.0,803.83795
189.44,159.88179,99.0,91.00829
220.26,221.2743,0.0,4.9820743
152.25,177.43146,0.0,-2.3603113
127.74,126.64517,0.0,-2.3603113
107.26,112.697266,0.0,-2.6510787
111.99,97.56025,0.0,-2.3603113
96.95,101.94024,0.0,-2.3603113
91.54,91.02827,0.0,3.969274
88.88,89.03333,0.0,3.9920363
86.82,88.21053,0.0,3.9920363
94.34,98.41017,133.0,134.77992
101.36,103.49842,750.0,853.61536
87.38,98.621605,2009.0,1773.9653
76.04,72.99818,3396.0,3253.398
40.2,61.30164,4490.0,4311.0015
8.44,34.750484,5197.0,5123.4077
12.78,9.61968,4692.0,5329.841
15.0,22.21224,4716.0,4681.4004
20.0,25.45375,4716.0,4422.515
30.91,30.115597,4548.0,4332.716
52.18,50.81242,4247.0,3758.8118
76.93,66.96292,3106.0,3118.4734
102.06,101.43984,1872.0,2007.7595
122.36,138.12874,760.0,864.50244
190.0,152.43147,140.0,97.54782
175.94,211.90291,0.0,-0.65116155
157.62,145.60551,0.0,-10.0039015
132.13,129.87704,0.0,-10.0039015
115.16,113.92335,0.0,-7.7605324
110.51,106.48167,0.0,-2.3603113
93.08,102.36289,0.0,-2.3603113
87.33,87.596954,0.0,3.969274
82.11,82.00381,0.0,4.3268332
70.44,78.44842,0.0,4.3268332
64.29,75.63653,152.0,118.4707
52.0,69.689476,875.0,858.9695
22.22,51.349564,2243.0,1901.7217
8.43,12.95606,3611.0,3472.0764
0.89,1.6456592,3650.0,4552.052
0.01,-5.3159466,3674.0,4418.822
12.29,-3.4049509,3852.0,3993.3247
10.57,16.579008,4006.0,3888.4114
11.99,16.98929,3941.0,3894.206
17.04,20.826126,3906.0,3581.094
15.4,38.264175,3669.0,3273.8352
13.22,38.19894,3372.0,2897.2432
49.0,47.61462,2160.0,2156.3652
90.75,85.62493,852.0,1004.2156
148.17,130.62376,153.0,118.73158
180.24,164.01698,0.0,6.992431
160.66,154.41153,0.0,-2.3603113
148.93,132.84377,0.0,-2.3603113
113.27,127.08898,0.0,-2.3603113
92.84,103.680824,0.0,-2.6510787
87.92,86.53359,0.0,-2.2935188
86.24,82.856125,0.0,4.3495955
88.33,79.77644,0.0,4.3495955
90.32,77.50063,0.0,4.960653
90.92,79.88179,151.0,152.51352
80.79,77.65251,884.0,982.36285
60.19,63.458447,2286.0,2009.1567
9.4,45.18748,3331.0,3293.0083
0.01,1.2627351,3393.0,4059.898
0.0,-4.69218,2902.0,3896.6123
0.01,-3.7456234,3059.0,3265.6753
0.01,-0.34223002,3022.0,3160.085
0.01,0.9070805,2864.0,2869.0674
0.01,4.9506273,2725.0,2599.6829
0.01,18.813728,2633.0,2322.7688
0.01,19.081942,2699.0,2127.0
78.56,27.66778,2100.0,1830.9797
106.16,101.557076,856.0,1059.1439
136.0,134.92752,152.0,149.31842
160.32,157.97534,0.0,6.992431
145.61,149.7898,0.0,-2.3603113
135.0,129.87701,0.0,-2.3603113
126.26,116.190315,0.0,-2.0027514
104.21,107.40283,0.0,-2.2935188
100.88,95.280174,0.0,-1.6824621
94.38,95.681984,0.0,5.029341
88.33,88.20339,0.0,5.029341
88.72,87.99758,0.0,5.029341
102.66,102.72324,147.0,169.85995
110.07,110.50631,877.0,990.07947
122.89,104.02558,2277.0,1969.0388
86.74,99.9764,3691.0,3385.2332
36.08,76.78686,4791.0,4380.6772
31.96,38.55565,5491.0,5070.9595
27.03,34.299618,5093.0,5325.5225
40.0,30.405954,5221.0,4999.395
40.14,46.017723,5248.0,4922.532
40.14,50.51917,5204.0,4649.4517
61.1,62.34101,4668.0,4372.4014
83.57,77.17923,3587.0,3604.0632
94.43,97.1417,2219.0,2475.2844
116.05,116.69693,861.0,1141.9897
129.96,142.1022,154.0,180.8905
189.07,155.37105,0.0,6.7703533
159.66,150.52678,0.0,-2.5823898
137.98,131.10028,0.0,-2.2916226
120.3,120.32352,0.0,-2.2916226
104.77,104.56737,0.0,-2.2916226
101.83,97.38769,0.0,-2.2248302
94.3,96.67505,0.0,4.3495955
93.81,86.97731,0.0,4.960653
94.71,87.97879,0.0,4.960653
102.51,99.936806,146.0,118.4707
117.31,108.039604,864.0,978.6701
101.77,116.57074,2250.0,1936.0333
87.57,87.95561,3684.0,3375.8098
58.0,72.55334,4727.0,4645.3257
6.22,52.066574,5069.0,5274.3003
14.0,11.456216,4710.0,5413.3384
13.73,23.17402,4778.0,4818.938
14.0,23.465494,4679.0,4773.1235
24.63,27.120827,4551.0,4420.5127
34.02,42.804977,4342.0,3968.0813
74.18,55.736885,3366.0,3430.9502
99.41,94.762856,2055.0,2263.0085
122.0,120.56786,815.0,1095.887
153.01,148.73526,133.0,168.22168
244.33,167.88748,0.0,6.7016644
160.0,192.571,0.0,-2.6510787
145.0,131.61464,0.0,-2.6510787
119.48,118.970085,0.0,-2.6510787
112.83,104.62713,0.0,-2.6510787
106.35,100.98165,0.0,-2.6510787
101.33,98.32876,0.0,3.9920363
95.15,94.615204,0.0,3.9920363
96.42,92.20596,0.0,4.3495955
102.35,104.290764,157.0,117.85965
111.3,111.75336,854.0,987.21
114.34,107.33697,2204.0,1921.5592
86.07,96.83275,3595.0,3490.867
37.54,71.85164,4697.0,4545.695
21.97,34.839737,5337.0,5251.8413
24.3,21.708082,4650.0,5457.851
25.0,26.118069,4714.0,4728.0747
33.4,26.61415,4554.0,4588.581
45.0,39.809906,4235.0,4207.4404
83.37,63.46293,3780.0,3638.6174
91.48,86.77034,2920.0,3046.8064
106.35,107.15831,1818.0,1953.9286
135.0,127.17662,754.0,920.9426
155.8,157.28337,128.0,126.29862
176.15,188.48862,0.0,6.7016644
165.12,154.30858,0.0,-2.6510787
135.47,133.21954,0.0,-2.6510787
116.32,115.78532,0.0,-2.6510787
113.66,107.51843,0.0,-2.6510787
107.84,103.33675,0.0,-2.6510787
103.5,101.600494,0.0,3.9920363
100.14,99.04502,0.0,3.9920363
98.26,98.94455,0.0,3.9920363
99.95,105.57787,148.0,151.5449
98.58,107.37767,837.0,981.39417
86.34,96.4286,2173.0,1902.5314
48.67,74.53151,3571.0,3250.3232
8.43,46.42309,4678.0,4529.618
0.98,8.952376,5391.0,5236.269
12.07,2.5648048,4778.0,5507.322
14.88,21.595936,5093.0,4822.695
21.74,23.016499,5055.0,4909.414
40.19,31.636393,4721.0,4490.433
79.92,61.49498,4108.0,3913.3713
86.61,91.339355,3097.0,3087.4636
122.34,102.58013,1924.0,1986.8723
163.88,138.26826,764.0,885.3443
164.89,184.99495,119.0,101.492714
184.8,188.44734,0.0,6.992431
160.5,159.19614,0.0,-2.6510787
150.0,131.71867,0.0,-2.6510787
130.64,125.28786,0.0,-2.6510787
116.31,114.59667,0.0,-2.6510787
109.29,104.155655,0.0,-2.6510787
106.88,106.35551,0.0,3.9920363
106.32,101.00761,0.0,3.9920363
104.26,101.6568,0.0,3.9920363
109.29,110.70553,141.0,101.66602
119.99,114.33481,820.0,981.39417
112.83,108.31017,2099.0,1900.0657
101.18,92.35927,3414.0,3271.1558
55.0,83.43278,4477.0,4389.828
13.63,48.705288,5209.0,5174.704
27.4,18.44317,5403.0,5428.1987
50.0,26.991814,5268.0,5244.3027
59.09,53.993774,4004.0,5039.38
102.9,61.353733,3244.0,3734.878
112.21,103.712616,2719.0,2795.115
112.56,110.60162,2296.0,2098.702
117.54,120.074265,1434.0,1494.0321
124.93,141.90216,633.0,841.914
136.41,156.58781,129.0,104.442764
166.21,159.62524,0.0,6.7016644
166.28,147.41533,0.0,-2.6510787
137.05,140.77983,0.0,-2.6510787
121.38,119.65425,0.0,-2.6510787
119.37,110.21789,0.0,-2.6510787
110.48,106.57535,0.0,-2.6510787
108.15,101.30432,0.0,3.9920363
107.01,101.30432,0.0,3.6785052
108.62,96.519005,0.0,3.6785052
104.19,104.19699,130.0,134.77992
100.69,100.85615,778.0,851.6516
90.74,90.22948,1894.0,1777.3079
75.93,75.37648,3251.0,3186.6897
23.4,55.154263,3480.0,4163.1665
5.45,13.358672,3371.0,4124.4736
5.08,4.53833,3449.0,3898.872
13.77,6.949132,3534.0,3627.6763
15.0,15.447925,3203.0,3427.6345
20.0,30.78752,2936.0,3023.887
20.0,47.25058,2855.0,2354.148
20.0,48.215775,2793.0,2032.705
73.26,51.203903,1750.0,1614.9938
115.69,99.00948,716.0,804.00995
148.43,133.83041,131.0,108.869965
186.43,160.74672,0.0,6.992431
165.39,161.10469,0.0,-2.0027514
141.25,133.61742,0.0,-2.0027514
125.9,118.9174,0.0,-1.3916954
108.97,107.046295,0.0,-1.3916954
100.99,100.08698,0.0,-1.3916954
96.33,95.215164,0.0,4.9378905
93.05,91.461975,0.0,4.9378905
90.84,88.72767,0.0,4.9378905
87.85,90.15149,136.0,133.57426
73.72,85.13808,807.0,862.1196
15.99,63.247143,2110.0,1749.4893
0.01,11.183401,2711.0,3238.2937
0.0,-7.0418816,2839.0,3551.4229
0.0,-6.509289,2694.0,3348.0159
0.01,-6.0676045,2543.0,3080.7275
0.01,-2.0586903,2532.0,2728.1023
0.01,-1.9652492,2469.0,2569.947
0.01,2.5189085,2445.0,2250.646
0.01,16.400501,2380.0,2081.377
4.08,16.5883,2632.0,1919.0763
21.29,26.877396,2122.0,1675.846
95.16,53.530724,865.0,982.86145
118.83,118.793945,167.0,158.93582
143.6,141.64328,0.0,6.992431
137.96,131.9196,0.0,-2.2935188
126.69,125.98671,0.0,-1.6824621
101.63,113.544334,0.0,-1.6824621
85.8,97.93907,0.0,-1.6824621
82.44,90.71323,0.0,-1.6824621
74.45,83.85459,0.0,5.029341
75.06,75.42531,0.0,5.029341
86.1,77.08258,0.0,5.029341
106.19,99.19938,137.0,118.53939
107.35,109.83081,838.0,862.30066
87.08,106.21082,2263.0,1899.2057
55.0,78.079185,3729.0,3425.908
35.49,52.625996,4821.0,4409.4653
20.0,37.144966,5063.0,5130.925
35.0,27.76559,5112.0,5165.384
45.0,40.328907,5130.0,4995.0293
55.0,52.475323,5110.0,4806.603
60.01,64.26755,5184.0,4580.047
69.01,77.31338,4800.0,4396.186
98.99,84.11452,3717.0,3788.3594
139.0,106.64888,2287.0,2518.9849
153.37,151.31476,898.0,1158.4978
163.01,162.4409,167.0,230.2001
167.24,172.1904,0.0,6.7703533
154.54,145.3979,0.0,-2.5823898
133.0,135.12265,0.0,-2.5823898
132.87,118.83521,0.0,-2.5823898
108.97,113.0733,0.0,-2.5823898
104.46,99.61333,0.0,-2.5823898
99.37,94.03741,0.0,3.9920363
95.62,89.60971,0.0,3.9920363
91.14,93.84327,0.0,3.9920363
104.78,102.128136,136.0,117.85965
109.52,111.96739,850.0,989.39966
110.35,105.25859,2277.0,1944.6757
86.53,90.4726,3722.0,3576.561
56.31,72.11852,4869.0,4699.7363
30.0,49.021717,5623.0,5463.8076
21.46,30.524925,5811.0,5613.3247
60.0,26.624475,5770.0,5699.451
85.0,60.827583,5619.0,5550.3423
85.0,82.133896,5433.0,5118.088
37.95,90.63112,4795.0,4745.801
67.14,65.89016,3686.0,3865.3767
112.67,98.78411,2283.0,2548.1404
157.06,137.1883,888.0,1143.7198
191.15,179.82742,164.0,203.21497
167.89,210.82797,0.0,6.7016644
161.0,145.4947,0.0,-2.6510787
154.44,133.8478,0.0,-2.6510787
144.26,130.70122,0.0,-2.6510787
133.0,119.70235,0.0,-2.6510787
116.02,115.17305,0.0,-2.6510787
110.35,109.96671,0.0,3.9920363
109.01,104.50505,0.0,3.9920363
120.0,105.28868,0.0,3.9920363
116.53,121.784065,124.0,134.77992
109.01,121.11395,782.0,989.04205
111.89,110.98004,2132.0,1896.1907
98.4,95.600006,3520.0,3399.0679
60.0,81.74743,4608.0,4500.969
24.01,54.275085,5344.0,5270.9404
30.4,24.7692,5741.0,5561.8555
35.6,38.120323,5836.0,5711.7036
20.0,46.888477,5660.0,5554.9883
30.8,36.405125,5257.0,5313.5044
44.41,56.291073,4533.0,4622.576
92.05,69.05173,3457.0,3620.529
113.15,110.27946,2112.0,2314.7014
136.95,145.80394,810.0,1068.6439
179.6,182.16899,149.0,148.39713
209.41,189.44197,0.0,6.7016644
248.76,166.30986,0.0,-2.6510787
176.5,188.4797,0.0,-2.6510787
133.3,142.65245,0.0,-2.6510787
119.95,118.6485,0.0,-2.6510787
108.86,106.41351,0.0,-2.6510787
104.4,106.32299,0.0,3.9920363
102.19,102.284836,0.0,3.9920363
102.21,103.09064,0.0,3.9920363
108.86,109.49713,118.0,117.50209
119.28,117.60136,755.0,860.7248
120.99,113.70268,2054.0,1850.3683
100.33,104.63172,3413.0,3291.479
55.99,85.361305,4485.0,4393.5854
37.7,51.60274,5212.0,5231.257
38.57,38.76366,5585.0,5495.6787
70.65,42.802246,5684.0,5513.24
66.55,69.095245,5560.0,5562.981
65.8,69.363495,5134.0,5122.4175
87.44,77.728386,4424.0,4443.7734
101.7,99.76897,3349.0,3499.0134
117.45,118.66115,2060.0,2201.9666
153.29,147.8606,804.0,1002.4396
226.53,193.54082,150.0,106.61617
237.36,245.32635,0.0,5.5377283
188.37,212.19966,0.0,-3.8150148
150.72,160.11807,0.0,-2.6510787
131.31,130.27623,0.0,-2.6510787
125.0,116.53036,0.0,-2.6510787
120.84,106.59522,0.0,-2.6510787
117.0,112.27059,0.0,3.9920363
112.13,110.46641,0.0,3.9920363
110.34,107.60645,0.0,3.9920363
108.83,115.49731,119.0,117.50209
108.87,120.362045,748.0,845.0451
113.2,114.62164,2030.0,1879.8309
99.18,104.15992,3377.0,3271.7725
88.34,84.72395,4433.0,4344.533
79.23,76.6921,5182.0,5140.0713
67.45,69.59365,5555.0,5509.756
54.95,65.207466,5631.0,5520.779
68.05,57.534275,5488.0,5545.4775
75.96,73.759315,5057.0,4996.4155
107.77,91.976364,4280.0,4170.5503
115.0,118.637535,3218.0,3252.778
117.45,129.25206,1837.0,2099.0107
149.68,146.2989,663.0,772.5433
163.97,207.88031,117.0,101.63556
177.5,201.3909,3.0,3.92652
142.55,159.9306,0.0,-3.8150148
130.05,127.77908,0.0,-3.5242472
117.0,119.91257,0.0,-2.3603113
101.75,111.540535,0.0,-2.3603113
90.04,96.8999,0.0,-2.3603113
88.39,88.521095,0.0,3.969274
87.91,88.177704,0.0,3.969274
70.87,88.84434,0.0,3.969274
76.62,77.81647,110.0,99.49175
75.64,83.001564,690.0,810.3145
59.36,75.88689,1810.0,1818.8958
27.8,55.057194,3158.0,3013.7114
2.35,19.633808,3886.0,4114.1553
0.01,3.4927921,3906.0,4492.064
0.5,0.16638736,3810.0,4271.609
2.56,3.9960496,3921.0,3993.2043
10.0,7.688519,3613.0,3853.112
10.0,18.762505,3344.0,3371.984
4.78,39.487675,3197.0,2755.2246
31.42,33.16156,2866.0,2461.27
101.73,59.376892,1871.0,1792.027
108.45,126.49049,814.0,772.15857
113.41,139.47862,162.0,112.07229
125.89,140.98814,0.0,6.992431
127.19,119.85128,0.0,-2.3603113
120.07,119.00589,0.0,-2.3603113
103.5,106.563705,0.0,-2.3603113
95.07,95.70992,0.0,-2.3603113
89.42,87.47608,0.0,-2.3603113
89.66,82.91291,0.0,3.969274
86.82,83.20636,0.0,-1.4972343
85.22,78.70272,0.0,-3.9756985
85.3,76.81454,91.0,115.32782
86.35,77.63201,603.0,717.90204
40.6,67.99737,1521.0,1523.9803
6.19,26.209404,2591.0,2796.7417
0.1,-1.192152,3134.0,3574.5422
0.0,-6.456803,2928.0,3655.8477
0.0,-6.187033,2759.0,3255.1448
0.0,-1.402672,2793.0,2927.43
0.0,-1.3631923,2730.0,2678.2844
0.0,1.9072018,2584.0,2508.6797
0.0,15.694691,2550.0,2184.8362
1.04,16.065958,2843.0,2066.8662
46.33,31.894114,2118.0,1794.748
92.84,71.74508,826.0,1011.82404
102.14,107.88223,152.0,217.85315
111.98,117.64913,0.0,6.7016644
118.07,110.04233,0.0,-2.6510787
113.73,107.55082,0.0,-2.3603113
101.0,102.64177,0.0,-2.3603113
98.73,92.74609,0.0,-2.3603113
89.03,87.440315,0.0,-2.0027514
85.03,82.4549,0.0,4.418284
84.13,79.227585,0.0,4.418284
86.22,80.58253,0.0,5.029341
94.97,99.06885,107.0,118.53939
99.87,108.10567,743.0,721.1348
86.05,96.72311,2128.0,1709.9613
43.83,74.50884,3580.0,3320.0493
27.63,42.791176,4769.0,4343.468
33.56,23.57519,5461.0,5048.541
50.0,32.40915,5625.0,5328.448
41.18,56.122444,5814.0,5233.1973
55.1,45.96418,5608.0,5257.0483
63.41,63.550835,5264.0,4863.8706
105.25,77.410225,4556.0,4441.8135
101.41,112.21012,3505.0,3654.9902
108.31,120.66329,2188.0,2323.823
113.44,138.70996,887.0,1101.3015
178.94,140.6135,164.0,235.78372
185.0,177.01962,0.0,6.7703533
175.01,149.61162,0.0,-2.2916226
157.0,141.32678,0.0,-2.5823898
122.65,129.51277,0.0,-2.5823898
111.28,108.71052,0.0,-2.5823898
100.31,100.9598,0.0,-2.2916226
89.1,94.33406,0.0,6.63783
88.46,84.28812,0.0,6.9285994
90.01,88.7881,0.0,6.9285994
102.39,100.64126,109.0,118.28715
114.97,109.11313,762.0,816.80286
107.11,109.42879,2134.0,1823.5526
90.9,87.30391,3560.0,3452.3582
86.34,74.97334,4654.0,4470.31
51.66,73.128586,5403.0,5285.3154
63.7,49.828354,5696.0,5590.4375
44.77,63.16289,5694.0,5666.721
43.92,53.165424,5423.0,5516.614
65.0,57.15834,5028.0,5034.057
78.28,87.18766,4320.0,4242.458
90.8,95.697525,3343.0,3372.3584
115.0,108.57754,2037.0,2197.464
152.09,140.3843,812.0,980.9773
243.56,187.29382,161.0,168.17117
290.86,241.11966,0.0,6.7016644
215.0,219.06784,0.0,-2.6510787
199.3,177.02707,0.0,-2.3603113
137.81,151.95473,0.0,-2.3603113
119.29,118.98248,0.0,-2.3603113
102.8,105.92581,0.0,-2.3603113
92.54,96.16727,0.0,6.9285994
92.08,88.77245,0.0,6.63783
90.63,93.945206,0.0,6.9285994
99.44,101.4794,112.0,104.31181
113.9,108.24139,758.0,816.80286
94.99,110.2587,2081.0,1787.4546
58.55,86.061295,3488.0,3404.5076
33.95,54.505566,4611.0,4373.965
20.0,29.82357,5280.0,5278.491
15.99,22.14016,5692.0,5569.1157
16.25,25.95676,5873.0,5703.159
30.0,26.553694,5761.0,5552.7104
31.6,40.50599,5343.0,5305.4688
55.03,55.694035,4622.0,4590.2793
85.67,77.435844,3572.0,3687.1365
115.16,106.35047,2239.0,2454.0447
173.22,144.09271,893.0,1117.788
190.4,219.0838,164.0,194.55838
200.0,224.80215,0.0,6.7016644
158.31,184.05849,0.0,-2.6510787
137.24,151.75343,0.0,-2.6510787
112.48,126.60552,0.0,-2.6510787
97.73,106.46439,0.0,-2.6510787
89.34,94.13781,0.0,-2.6510787
87.06,88.2563,0.0,6.049279
78.93,87.0834,0.0,6.049279
80.88,80.84645,0.0,6.63783
90.88,94.724495,111.0,103.72327
103.83,103.487946,775.0,819.59357
91.34,106.78117,2179.0,1789.5476
71.69,79.728485,3661.0,3431.384
16.24,58.570187,4808.0,4630.5215
10.93,18.319122,5585.0,5422.658
10.01,16.81618,5968.0,5634.7427
20.0,15.969875,6061.0,5731.9595
25.0,26.280008,5826.0,5592.782
34.0,31.3408,5515.0,5338.147
72.56,53.97624,4795.0,4768.5195
95.0,89.298225,3701.0,3860.9106
118.08,109.344124,2306.0,2513.237
131.6,148.66716,895.0,1148.8441
156.06,177.05376,159.0,211.83612
177.56,179.60806,0.0,6.7016644
159.69,152.53317,0.0,-2.6510787
138.0,133.99986,0.0,-2.6510787
117.08,118.95195,0.0,-2.6510787
121.83,108.4348,0.0,-2.6510787
108.56,107.29855,0.0,-2.6510787
105.99,103.368065,0.0,6.049279
97.22,97.167076,0.0,6.049279
103.68,93.47712,0.0,6.049279
109.52,109.37447,106.0,103.72327
121.0,115.87116,764.0,835.27325
94.0,113.45672,2179.0,1872.2611
71.69,79.7335,3657.0,3403.2087
32.36,61.197647,4799.0,4664.7
20.0,28.954714,5586.0,5422.476
10.17,20.178629,5996.0,5640.23
15.12,20.943762,6109.0,5731.9595
17.62,26.069635,5971.0,5592.782
32.14,32.09342,5601.0,5341.3296
60.0,56.65185,4837.0,4814.041
87.72,86.29961,3722.0,3922.3916
123.32,104.99946,2322.0,2544.3867
140.5,144.72481,901.0,1163.7144
149.04,170.18192,159.0,190.38477
170.15,164.87978,0.0,6.7016644
154.48,138.70189,0.0,-2.6510787
130.0,129.71077,0.0,-2.6510787
114.48,115.228905,0.0,-2.6510787
109.09,105.64076,0.0,-2.6510787
102.71,100.38429,0.0,-2.6510787
98.53,96.15599,0.0,6.049279
94.76,92.25418,0.0,6.049279
91.69,88.42881,0.0,6.049279
87.24,92.12834,103.0,103.72327
82.37,88.0879,758.0,703.0614
45.55,70.688225,2193.0,1877.1986
17.86,35.489334,3676.0,3403.2087
3.34,14.576599,4524.0,4656.8936
0.0,-0.6980935,4313.0,5222.458
10.0,-2.4875631,4425.0,4782.475
20.77,15.287062,4682.0,4685.726
39.5,24.527554,4731.0,4616.1177
44.03,43.021893,4597.0,4402.835
25.0,64.63665,4339.0,4015.2412
85.34,48.808777,3512.0,3403.2651
125.53,106.18738,2235.0,2337.2156
171.7,144.04427,870.0,1140.8688
194.88,174.21786,156.0,198.79636
180.81,184.81664,0.0,6.7016644
165.0,145.93695,0.0,-2.6510787
138.12,128.53429,0.0,-2.6510787
123.8,115.24346,0.0,-2.6510787
109.37,106.702576,0.0,-2.6510787
106.58,99.533615,0.0,-2.6510787
93.64,96.82605,0.0,6.049279
93.65,88.59985,0.0,6.049279
93.14,87.79537,0.0,6.049279
88.27,87.84368,104.0,81.719635
75.64,82.52943,752.0,684.0
74.61,60.579178,2147.0,1828.8053
67.57,56.6458,3613.0,3193.618
26.0,50.676613,4463.0,4457.4136
15.0,17.311117,4403.0,4937.8887
15.0,17.105663,4299.0,4667.202
23.92,22.955494,4539.0,4290.19
30.6,25.537325,4576.0,4387.153
44.92,37.113575,4291.0,4139.506
66.06,63.299244,4318.0,3564.8486
75.81,81.155365,3600.0,3291.993
100.8,97.50259,2231.0,2461.5881
119.99,130.53772,876.0,1133.5049
167.0,151.70416,154.0,196.89438
188.63,174.53795,0.0,6.7016644
154.25,146.81717,0.0,-2.6510787
130.01,127.170975,0.0,-2.6510787
113.26,116.34171,0.0,-2.6510787
117.53,103.84952,0.0,-2.6510787
105.0,102.75488,0.0,-2.6510787
100.38,97.14928,0.0,6.117968
97.3,94.836586,0.0,6.117968
98.68,93.47989,0.0,6.117968
108.7,106.33652,101.0,103.791954
131.04,114.95126,750.0,818.9946
134.66,121.60568,2146.0,1853.0929
96.22,114.24802,3603.0,3437.1973
86.59,86.08433,4734.0,4552.671
65.16,78.857254,5507.0,5194.633
82.77,64.19049,5903.0,5481.583
86.57,80.714096,5921.0,5566.3286
82.19,85.22451,5806.0,5420.6484
89.25,84.77308,5381.0,5173.707
94.52,103.428795,4582.0,4611.983
115.0,105.05745,3473.0,3717.6184
126.0,132.1607,2024.0,2265.5496
175.2,150.53224,764.0,972.0195
180.0,205.31865,142.0,168.23987
200.03,200.53926,0.0,5.897184
158.77,163.20793,0.0,-2.5823898
130.0,137.64288,0.0,-2.5823898
113.76,119.84965,0.0,-2.5823898
108.7,106.956795,0.0,-2.5823898
94.56,104.79864,0.0,-2.5823898
90.19,93.883766,0.0,6.049279
89.7,90.66935,0.0,6.049279
90.16,91.969246,0.0,6.049279
93.22,104.303894,94.0,103.72327
111.78,111.80557,736.0,818.9259
117.4,116.00915,2140.0,1854.3104
75.44,105.82479,3593.0,3434.1313
87.5,68.858086,4720.0,4588.309
84.84,73.88785,5497.0,5324.393
83.96,78.13859,5919.0,5640.23
70.94,81.24444,6015.0,5735.4834
80.08,71.93512,5727.0,5592.7427
76.02,83.366875,5314.0,5297.783
88.46,92.23283,4538.0,4611.303
104.36,105.91481,3545.0,3502.0112
108.7,122.62361,2139.0,2181.1313
163.98,146.65073,809.0,965.1921
161.89,211.12306,156.0,138.87671
153.19,198.14812,0.0,5.5377283
144.36,151.668,0.0,-2.6510787
124.82,141.03595,0.0,-2.6510787
102.83,115.168755,0.0,-2.6510787
103.7,100.51264,0.0,-2.6510787
93.7,99.12347,0.0,-2.6510787
90.0,91.436966,0.0,6.049279
88.71,87.9263,0.0,6.049279
91.23,90.47918,0.0,6.049279
107.06,101.215324,90.0,103.72327
113.13,116.28141,712.0,818.9259
114.4,112.34543,2090.0,1861.4979
91.44,93.061874,3554.0,3416.6035
55.91,81.44676,4697.0,4464.5806
47.4,52.519394,5496.0,5284.8105
43.28,53.35362,5959.0,5640.23
26.0,43.162216,6054.0,5727.5376
18.81,31.96771,5926.0,5588.3604
26.0,31.584024,5543.0,5342.361
51.21,49.68604,4825.0,4712.3804
69.03,80.5312,3712.0,3882.7998
87.77,92.187485,2317.0,2489.5352
108.6,126.45985,896.0,1131.7114
120.74,153.8484,153.0,210.67218
140.14,157.37146,0.0,6.7016644
128.36,134.84552,0.0,-2.6510787
123.19,118.01968,0.0,-2.6510787
104.64,108.13882,0.0,-2.6510787
100.91,99.921844,0.0,-2.6510787
95.73,94.30482,0.0,-2.6510787
89.1,91.55447,0.0,6.4068384
84.1,84.480286,0.0,6.4068384
87.24,81.04043,0.0,7.0178947
98.25,98.60787,87.0,104.69188
93.57,106.32823,719.0,763.0653
72.44,94.3648,2197.0,1852.783
63.85,62.866066,3735.0,3538.8718
26.35,52.237904,4931.0,4660.868
24.37,20.185436,5727.0,5509.278
30.0,20.708307,6165.0,5803.2573
45.0,33.80619,6308.0,5734.0503
38.75,45.786564,6194.0,5589.843
38.75,43.463665,5772.0,5349.5986
55.84,56.507042,5016.0,5006.1006
76.12,71.46125,3852.0,4034.923
89.9,91.646904,2385.0,2609.4683
108.53,108.10229,902.0,1182.2599
126.88,136.71156,148.0,192.93286
151.23,143.10452,0.0,6.992431
143.43,137.21942,0.0,-2.3603113
123.25,125.92151,0.0,-2.3603113
108.53,110.89775,0.0,-2.0027514
104.04,106.76343,0.0,-2.2935188
97.32,99.30726,0.0,-2.2935188
92.22,93.602844,0.0,7.0178947
88.11,86.631645,0.0,7.606445
88.87,89.06747,0.0,7.0178947
95.15,100.71742,91.0,82.68825
104.2,104.12595,699.0,750.00543
102.7,95.60808,1951.0,1879.4486
90.1,80.7086,3358.0,3313.83
71.58,71.42701,4501.0,4433.596
41.89,58.79492,5286.0,5244.0386
30.59,36.009613,5661.0,5580.076
55.0,32.048214,5751.0,5661.1543
40.19,51.32673,5538.0,5514.815
32.04,42.434128,5060.0,5092.494
66.0,49.90605,4390.0,4564.813
93.61,76.08098,3270.0,3499.178
117.39,103.39612,2113.0,2174.8687
138.61,130.3258,826.0,1067.1329
148.14,155.26227,131.0,141.65872
142.19,162.46533,0.0,6.992431
136.21,136.10439,0.0,-2.3603113
133.14,122.45824,0.0,-2.3603113
117.67,118.945595,0.0,-2.3603113
121.04,109.90401,0.0,-4.8378763
108.32,109.869934,0.0,-2.0027514
106.56,102.959625,0.0,7.897215
95.59,94.90054,0.0,7.606445
102.54,91.01377,0.0,7.0178947
94.17,98.566185,87.0,82.68825
88.48,95.44124,706.0,734.1705
89.92,80.21477,2084.0,1850.3387
81.66,72.29884,3558.0,3408.5728
46.0,63.394253,4727.0,4444.657
18.19,36.23852,5454.0,5285.6943
15.7,15.486892,5654.0,5571.847
23.48,19.54575,5486.0,5621.8447
34.03,20.80769,5301.0,5343.5723
37.31,33.585182,5119.0,4960.1587
35.59,52.865944,4484.0,4423.557
52.0,61.336105,3407.0,3504.474
90.79,81.38529,2112.0,2171.0898
103.03,121.19885,804.0,1012.1116
108.41,146.16872,128.0,137.82489
127.28,137.29443,0.0,6.7016644
130.3,124.88133,0.0,-2.6510787
124.99,121.543274,0.0,-2.6510787
118.63,110.71964,0.0,-2.6510787
113.94,108.13329,0.0,-2.6510787
107.14,104.90299,0.0,-2.6510787
105.43,99.47061,0.0,6.049279
103.55,98.86462,0.0,6.049279
100.56,99.55381,0.0,6.049279
96.96,98.231636,81.0,81.719635
91.97,90.41359,695.0,749.03674
77.05,79.5862,2083.0,1859.6129
18.19,61.384396,3576.0,3438.828
8.44,15.048175,4654.0,4584.1035
0.0,4.3840756,4593.0,5259.6934
0.01,0.0009986657,3182.0,5002.7456
0.0,5.577183,3029.0,3615.0193
0.0,5.7804418,2897.0,3190.4648
0.0,11.480029,2835.0,2942.006
0.0,24.358524,2995.0,2603.207
2.23,25.124334,3314.0,2442.866
67.75,39.364098,2237.0,2207.0261
105.87,95.03913,860.0,1119.7916
114.11,132.79184,137.0,165.38416
125.58,140.65828,0.0,6.7016644
128.6,116.42913,0.0,-2.6510787
126.94,115.23352,0.0,-2.6510787
116.15,107.832794,0.0,-2.6510787
113.03,107.108116,0.0,-2.6510787
101.6,105.33157,0.0,-2.6510787
94.79,99.4633,0.0,6.117968
90.93,92.284294,0.0,6.117968
93.59,92.7144,0.0,6.117968
105.6,107.427895,80.0,69.49832
115.83,122.06744,670.0,725.73126
116.02,118.216774,1991.0,1861.1703
90.51,103.80901,3404.0,3339.4038
82.68,81.81679,4557.0,4420.933
45.2,75.90267,5342.0,5185.5947
28.29,53.393074,5779.0,5289.8804
38.29,37.02092,5916.0,5394.9634
49.67,49.989304,5674.0,5233.554
58.76,67.21204,5108.0,4992.616
75.36,82.305786,4137.0,4284.3647
105.8,93.0883,3008.0,3243.12
116.02,120.43794,1824.0,1960.3717
132.81,147.05907,724.0,926.9416
172.57,162.04909,121.0,110.69857
238.17,186.09944,0.0,6.7703533
186.71,184.36469,0.0,-2.5823898
130.45,144.84106,0.0,-2.5823898
116.56,113.847916,0.0,-2.5823898
107.11,105.62116,0.0,-2.5823898
100.14,97.61867,0.0,-2.5823898
90.57,96.621635,0.0,6.049279
86.75,86.250275,0.0,6.049279
85.59,86.32751,0.0,6.049279
91.75,96.69306,76.0,69.429634
108.25,109.32844,658.0,728.5157
93.91,113.64134,1939.0,1847.8798
86.73,82.33984,3370.0,3250.179
80.03,78.301956,4511.0,4356.9365
27.03,71.06802,5195.0,5259.543
10.01,27.251057,5666.0,5506.506
18.17,19.317871,5830.0,5726.8794
49.45,29.057606,5571.0,5591.226
55.78,61.43554,4886.0,5107.936
83.02,73.15855,3960.0,4200.862
105.75,101.656456,2919.0,3025.4111
116.53,119.57016,1682.0,1815.9042
127.6,147.21802,629.0,893.49774
158.15,168.02292,112.0,120.55664
168.85,192.6777,0.0,6.7016644
148.44,141.82468,0.0,-2.3603113
119.88,125.50251,0.0,-2.3603113
108.25,103.705696,0.0,-2.3603113
97.0,100.472046,0.0,-2.3603113
90.49,90.74265,0.0,-2.3603113
83.51,83.960396,0.0,6.9285994
79.9,78.12032,0.0,6.63783
80.29,81.019005,0.0,6.9285994
86.05,92.3617,72.0,56.893066
104.11,103.50472,655.0,692.472
98.25,106.42178,1958.0,1851.2286
71.69,86.87346,3401.0,3266.4656
41.05,62.906036,4530.0,4356.9365
25.99,36.76489,5379.0,5251.723
22.71,23.945381,5807.0,5627.246
50.01,29.815575,5939.0,5734.0503
89.37,57.351593,5784.0,5585.1606
93.99,87.021416,5336.0,5247.3433
103.35,100.41475,4574.0,4554.165
107.87,113.344696,3489.0,3558.435
111.23,120.242355,2142.0,2185.5747
128.59,135.08612,767.0,942.5819
150.0,157.44029,108.0,136.66095
161.12,170.29729,0.0,6.7016644
148.46,134.516,0.0,-2.6510787
143.72,126.2688,0.0,-2.3603113
125.0,118.32224,0.0,-2.3603113
120.0,108.64783,0.0,-2.6510787
120.34,103.131226,0.0,-2.6510787
111.64,104.644196,0.0,6.9285994
110.0,100.48248,0.0,6.9285994
108.32,101.736664,0.0,6.9285994
111.02,113.38747,69.0,56.893066
120.0,122.24497,621.0,688.0709
125.53,113.1483,1827.0,1725.9786
105.92,98.74729,3327.0,3199.4897
93.1,86.79203,4463.0,4351.602
85.0,78.194885,5237.0,5241.8647
77.07,73.86922,5644.0,5489.012
70.17,72.35098,5776.0,5706.781
63.0,72.47552,5545.0,5577.0273
63.0,71.83019,5045.0,5124.016
68.99,84.21806,4283.0,4273.5566
104.37,89.62161,3190.0,3420.6926
115.0,116.025894,1909.0,2113.5876
123.04,137.6324,787.0,869.48846
141.33,157.91252,127.0,122.640175
153.49,162.31528,0.0,5.5377283
135.81,138.36209,0.0,-2.6510787
125.08,122.04912,0.0,-2.6510787
114.18,112.18837,0.0,-2.6510787
108.28,106.91436,0.0,-2.6510787
99.67,104.43935,0.0,-2.6510787
96.61,99.51827,0.0,6.049279
95.59,97.65984,0.0,6.049279
96.58,97.53025,0.0,6.049279
105.87,106.47142,54.0,58.16525
116.22,119.1433,600.0,669.89264
115.09,120.12312,1653.0,1711.4739
108.43,102.648994,2554.0,2905.5237
87.25,95.77109,3296.0,3757.2278
70.27,76.04666,4009.0,4203.7534
81.99,63.375534,5078.0,4521.4106
80.0,76.28063,5739.0,5258.892
73.02,74.787476,5692.0,5554.9565
71.2,74.43057,5236.0,5284.9814
72.68,81.96505,4179.0,4500.595
104.26,95.61524,3147.0,3182.7776
108.79,122.43847,1905.0,2067.029
129.0,135.21199,669.0,891.44196
141.86,158.46959,99.0,93.999565
166.84,160.47813,0.0,6.992431
163.35,134.46442,0.0,-2.3603113
132.25,130.8061,0.0,-2.6510787
126.24,118.60622,0.0,-2.6510787
129.87,114.39796,0.0,-2.6510787
129.87,117.04545,0.0,-2.6510787
120.0,120.266884,0.0,6.049279
110.76,109.7778,0.0,6.049279
105.52,106.3201,0.0,6.049279
105.12,104.537186,60.0,42.213943
103.9,107.07633,606.0,669.89264
95.89,95.19085,1831.0,1676.022
76.65,83.69005,3315.0,3037.4526
51.11,63.096085,4440.0,4188.0933
10.0,42.81035,5297.0,4988.9453
3.9,10.542157,5699.0,5535.6265
0.01,7.6886315,5812.0,5671.1294
0.46,2.7115579,5567.0,5526.0864
3.28,7.410748,5239.0,5086.771
40.0,27.340096,4597.0,4496.3794
65.28,66.694145,3572.0,3537.9712
104.22,87.3172,2188.0,2384.327
130.0,126.85554,829.0,1006.99896
140.74,150.79855,124.0,112.731865
151.25,160.56197,0.0,6.992431
165.66,133.27852,0.0,-2.3603113
138.01,138.55809,0.0,-2.3603113
131.4,124.05403,0.0,-2.3603113
112.77,120.0796,0.0,-2.3603113
107.19,109.21791,0.0,-2.3603113
110.33,101.24045,0.0,6.9285994
104.86,105.4688,0.0,6.9285994
98.57,101.51031,0.0,6.9285994
100.28,97.87448,60.0,44.084713
94.59,104.768166,633.0,590.35504
74.59,86.05476,2014.0,1718.4557
70.17,58.214294,3526.0,3341.8196
37.01,55.729237,4689.0,4448.8906
7.45,28.87436,5279.0,5263.198
1.93,7.0278044,4713.0,5422.985
0.0,7.6513476,4848.0,4781.0723
0.0,5.1530647,4896.0,4722.0737
0.01,9.343925,5157.0,4510.9204
8.43,23.120443,4528.0,4375.912
70.81,32.037327,3468.0,3532.4868
106.74,89.42303,2110.0,2208.636
117.72,127.57681,783.0,986.64703
134.98,142.74779,111.0,121.598915
141.86,151.5988,0.0,5.828495
140.0,127.6038,0.0,-2.6510787
132.25,124.42866,0.0,-2.3603113
131.24,119.521286,0.0,-2.6510787
116.82,113.79817,0.0,-2.6510787
112.99,107.06883,0.0,-2.6510787
105.9,106.557465,0.0,6.117968
97.9,100.49341,0.0,6.117968
93.17,98.06429,0.0,6.117968
106.84,107.87206,57.0,45.425587
119.61,123.865776,604.0,599.0078
120.0,118.408325,1904.0,1786.5886
111.46,105.1801,3354.0,3055.4148
97.18,101.23839,4509.0,4423.5327
88.78,89.32685,5340.0,5273.88
86.29,83.65761,5827.0,5470.199
85.06,85.2121,5959.0,5623.5815
85.58,83.388115,5815.0,5484.4043
78.22,85.90865,5410.0,5294.4033
80.06,89.521225,4671.0,4628.8867
103.95,96.98286,3587.0,3595.473
110.3,124.367165,2178.0,2411.0596
152.82,137.89638,801.0,972.039
213.53,192.72044,118.0,98.14901
200.73,248.17258,0.0,2.0706553
155.74,172.61699,0.0,-3.746326
129.88,131.56464,0.0,-2.5823898
110.0,122.2178,0.0,-2.5823898
114.4,104.500336,0.0,-2.5823898
110.0,106.49433,0.0,-2.5823898
105.29,106.30891,0.0,6.049279
103.67,99.465385,0.0,6.049279
103.48,99.386116,0.0,6.049279
105.29,110.1346,60.0,43.2054
110.71,125.38359,616.0,613.84863
109.43,115.78954,1917.0,1793.9528
99.67,103.161194,3399.0,3124.2766
96.56,93.40898,4551.0,4361.761
84.21,88.32759,5347.0,5285.62
71.06,77.295944,5781.0,5580.8525
54.94,72.36855,5916.0,5731.92
44.1,62.430744,5769.0,5592.7427
49.17,57.428635,5357.0,5323.5117
80.58,76.383545,4605.0,4630.986
110.0,102.05292,3540.0,3646.5762
110.0,125.47461,2172.0,2284.8823
158.4,142.6698,803.0,978.70526
195.85,214.41788,115.0,106.02266
222.87,217.49559,0.0,2.001967
170.0,184.41594,0.0,-5.7169924
144.66,136.88933,0.0,-3.8150148
117.0,121.19151,0.0,-3.8150148
119.53,108.68401,0.0,-2.6510787
114.35,108.64517,0.0,-2.6510787
108.48,105.66739,0.0,6.049279
108.48,103.18694,0.0,6.049279
109.51,106.03699,0.0,6.049279
114.2,115.15312,52.0,43.2054
109.33,128.66525,597.0,613.84863
110.0,115.38579,1957.0,1788.1061
96.5,101.206696,3478.0,3140.249
85.01,92.02172,4660.0,4351.151
81.34,77.67981,5467.0,5286.8516
80.0,73.84746,5880.0,5639.078
80.93,77.07122,5982.0,5731.92
81.74,78.458046,5858.0,5592.7427
90.0,83.72746,5452.0,5338.679
108.48,101.38383,4711.0,4675.9253
117.26,123.17542,3598.0,3794.0085
182.61,131.12294,2175.0,2419.6453
283.2,200.25967,783.0,994.27686
313.52,300.80493,107.0,106.02266
327.62,318.67587,0.0,3.6357532
229.91,235.61911,0.0,-5.7169924
175.24,185.82524,0.0,-3.8150148
138.67,141.22412,0.0,-3.8150148
120.67,125.65632,0.0,-2.6510787
120.0,114.41706,0.0,-2.6510787
108.86,112.34075,0.0,6.049279
107.09,107.19548,0.0,6.049279
105.76,105.93078,0.0,6.049279
105.47,113.54212,50.0,31.58843
110.65,124.749794,576.0,567.45404
115.31,117.10965,1905.0,1793.0436
110.75,109.211464,3423.0,3114.9714
96.57,98.8308,4603.0,4401.6143
90.36,88.14646,5400.0,5305.8896
85.6,82.05687,5859.0,5628.1826
83.3,82.911644,5987.0,5731.92
89.87,79.39652,5832.0,5587.6626
95.15,90.556496,5404.0,5303.3203
99.99,105.80798,4622.0,4672.476
108.47,114.81883,3524.0,3649.8486
116.44,138.33084,2133.0,2258.0708
211.14,181.53369,771.0,990.7141
350.0,278.21188,101.0,95.6399
392.98,367.90576,0.0,2.001967
222.58,326.27042,0.0,-7.3507776
164.13,179.50508,0.0,-5.7169924
120.13,133.5188,0.0,-5.7169924
115.0,108.992325,0.0,-5.7169924
108.5,106.95833,0.0,-3.8150148
104.31,106.06273,0.0,4.885343
103.17,102.02458,0.0,4.885343
103.83,102.35371,0.0,4.885343
111.0,111.487434,52.0,31.58843
116.59,128.42487,580.0,548.55756
113.08,119.22033,1874.0,1792.0508
112.94,108.814415,3367.0,3017.6765
100.38,104.632545,4561.0,4260.027
98.63,91.31153,5379.0,5275.6885
88.0,90.56814,5839.0,5625.988
87.44,85.42338,5969.0,5736.95
89.31,86.24485,5804.0,5592.7427
90.38,93.8944,5351.0,5343.7095
101.26,102.78728,4569.0,4634.435
115.0,115.783905,3407.0,3512.591
132.96,128.42807,2037.0,2184.751
267.91,184.62012,737.0,859.416
388.29,337.11267,96.0,84.019066
410.5,436.2986,0.0,-10.667844
177.21,342.39905,0.0,-23.767292
163.74,158.03261,0.0,-23.767292
122.78,140.31886,0.0,-7.3507776
116.7,113.71887,0.0,-5.7169924
108.5,111.02072,0.0,-5.7169924
118.23,107.79278,0.0,4.885343
108.5,110.01501,0.0,4.885343
106.56,105.40637,0.0,4.885343
102.97,104.23954,47.0,31.58843
103.76,110.49701,565.0,549.7215
101.04,98.47074,1841.0,1744.1531
89.58,90.18623,3334.0,3082.5312
86.26,80.53996,4514.0,4338.397
82.59,78.20538,5336.0,5237.673
60.0,71.40911,5806.0,5560.1343
68.76,60.696754,5942.0,5733.988
65.67,66.242226,5808.0,5599.841
65.99,67.5468,5368.0,5333.4863
78.97,84.834335,4583.0,4626.6367
105.1,93.54172,3441.0,3661.0068
142.09,122.63848,2031.0,2227.3545
142.38,195.7885,718.0,885.05914
174.09,248.75769,89.0,94.4871
215.53,260.74036,0.0,3.6357532
182.13,179.69395,0.0,-5.7169924
129.16,153.34125,0.0,-3.8150148
109.77,117.50626,0.0,-3.8150148
105.34,102.04231,0.0,-3.8150148
108.46,97.35379,0.0,-2.6510787
108.09,105.16568,0.0,6.049279
96.88,101.272575,0.0,6.049279
103.19,95.1648,0.0,6.049279
101.08,101.430244,48.0,31.58843
93.2,105.784485,571.0,545.8866
84.11,86.26039,1860.0,1742.2815
77.6,69.63538,3341.0,3227.771
41.37,66.669655,4506.0,4347.066
36.22,37.089565,5323.0,5242.703
33.17,33.854733,5768.0,5522.6157
46.48,31.803823,5857.0,5707.6753
15.04,44.935028,5636.0,5568.498
8.85,27.433603,5221.0,5326.153
23.13,33.645256,4530.0,4569.66
74.54,50.477055,3407.0,3584.9304
92.44,102.34965,2024.0,2182.7092
148.89,122.713264,746.0,830.6555
176.92,181.608,98.0,108.951065
171.02,204.0548,0.0,5.5377283
163.58,147.35686,0.0,-2.6510787
148.89,133.5364,0.0,-2.6510787
119.0,129.2309,0.0,-2.6510787
105.05,110.304695,0.0,-2.6510787
93.68,100.3965,0.0,-2.6510787
88.62,95.266685,0.0,6.117968
85.0,91.9702,0.0,6.117968
82.73,89.79655,0.0,6.117968
92.94,101.962364,39.0,31.657124
108.46,114.15095,565.0,542.6762
116.42,114.711,1929.0,1749.7715
117.0,104.669266,3500.0,3144.227
110.76,102.42112,4720.0,4441.8447
103.07,98.15269,5562.0,5340.661
93.46,93.660324,6003.0,5650.383
86.99,89.79792,6117.0,5734.1426
82.69,86.27262,5996.0,5597.905
79.18,83.82255,5601.0,5347.168
87.77,90.696846,4823.0,4722.18
98.29,100.85994,3623.0,3822.8508
111.56,115.1579,2200.0,2440.8828
208.98,149.27792,771.0,1082.5438
178.72,233.26056,85.0,124.054375
192.99,200.36237,0.0,6.7703533
169.6,166.27208,0.0,-2.5823898
124.6,143.2149,0.0,-2.5823898
105.1,112.59516,0.0,-2.5823898
111.67,102.40883,0.0,-2.5823898
105.1,104.36717,0.0,-2.5823898
101.78,99.955086,0.0,6.4068384
97.78,96.33924,0.0,6.995389
93.71,95.38097,0.0,7.2861586
103.99,104.22681,37.0,32.825294
120.0,118.29942,556.0,533.84705
108.46,117.21769,1879.0,1796.0925
95.16,99.665016,3234.0,3063.4067
83.64,88.41703,4104.0,4301.3027
70.68,77.21343,4786.0,4909.979
57.0,68.00146,5395.0,5202.438
56.16,57.310265,5590.0,5457.429
60.0,56.452297,5366.0,5356.1875
68.66,65.04025,5007.0,5050.984
85.0,81.65455,4488.0,4361.359
93.71,99.472755,3474.0,3662.198
111.61,108.3767,2064.0,2298.7412
155.9,158.82442,750.0,1012.6976
148.89,189.29192,85.0,111.12511
159.85,182.85341,0.0,6.992431
167.63,148.41125,0.0,-2.6510787
125.0,138.74727,0.0,-2.3603113
105.2,112.746574,0.0,-2.6510787
97.09,104.661354,0.0,-2.6510787
93.01,96.30449,0.0,-2.3603113
89.16,95.555115,0.0,6.9285994
88.1,92.10803,0.0,6.049279
88.89,91.89059,0.0,6.9285994
99.03,103.40338,36.0,32.825294
108.47,114.809654,523.0,537.68195
104.61,111.99162,1843.0,1573.65
88.88,95.33189,3366.0,3207.4875
66.32,78.349655,4536.0,4333.686
25.0,59.56121,5350.0,5208.25
32.53,23.05521,5708.0,5552.5527
24.79,36.33887,5662.0,5644.0767
17.69,28.900122,5330.0,5508.619
10.7,32.191044,4863.0,4996.2144
50.0,46.094444,3928.0,4225.213
71.59,79.83694,2712.0,3109.5522
111.06,106.80902,1545.0,1789.6881
170.36,149.76176,510.0,886.7413
183.77,210.39406,51.0,100.59372
223.94,212.42207,0.0,6.992431
178.4,197.85918,0.0,-2.3603113
135.33,148.14224,0.0,-2.3603113
102.97,121.595375,0.0,-2.3603113
101.31,99.81951,0.0,-2.3603113
102.92,99.399185,0.0,-2.3603113
90.37,98.34053,0.0,6.9285994
82.88,88.27705,0.0,6.9285994
78.26,84.56268,0.0,6.9285994
93.7,92.75895,21.0,23.048016
104.89,109.04085,342.0,509.70575
101.29,108.54314,1218.0,1373.2777
93.86,89.22246,2277.0,2721.6086
83.43,77.10547,2809.0,3390.4817
73.26,68.69943,3420.0,3733.7515
72.99,62.61884,3759.0,3906.5386
63.23,66.52225,3851.0,3995.1348
50.29,59.529022,3184.0,3842.8127
63.03,60.088146,2681.0,3121.3398
79.1,77.074,2311.0,2423.5645
98.46,87.286476,1491.0,1935.697
101.56,112.26034,854.0,1095.1786
148.77,146.55832,450.0,484.80362
136.61,197.84596,82.0,53.27405
130.56,189.40083,0.0,6.992431
103.25,141.02153,0.0,-2.3603113
148.77,108.65639,0.0,-2.3603113
103.88,127.00209,0.0,-2.3603113
105.8,98.04173,0.0,-2.0027514
99.26,99.69371,0.0,-2.0027514
91.62,95.665764,0.0,8.985959
87.87,88.14309,0.0,8.985959
93.38,86.00482,0.0,8.985959
100.5,100.50587,28.0,21.520206
103.56,113.6707,477.0,411.8273
92.99,108.33843,1651.0,1421.515
65.0,84.48144,3064.0,2766.5461
67.9,59.323643,4280.0,3878.5344
63.93,58.238655,5027.0,4723.8022
41.3,56.699516,5219.0,5114.359
40.0,42.720665,5305.0,5148.09
51.3,43.310772,5291.0,4958.819
51.44,59.08529,4935.0,4728.559
52.03,75.460304,4248.0,4001.5464
74.29,82.379105,3221.0,3044.9084
108.5,99.70012,1905.0,1880.0542
115.0,152.91231,680.0,737.5644
150.23,162.82607,71.0,88.52477
160.91,183.04004,0.0,6.7016644
150.23,129.41226,0.0,-2.6510787
136.84,141.60838,0.0,-2.6510787
112.34,118.16187,0.0,-2.6510787
112.9,105.63909,0.0,-2.6510787
101.13,106.17705,0.0,-2.6510787
96.78,96.964485,0.0,7.1380234
90.6,90.56285,0.0,7.1380234
89.74,87.15423,0.0,7.1380234
89.38,91.72501,31.0,25.917276
88.0,95.282974,534.0,464.10916
83.26,83.24545,1862.0,1535.8779
60.23,62.905853,3416.0,3116.7231
13.62,49.631737,4599.0,4353.748
5.0,12.978324,5008.0,5238.9434
0.01,5.1826544,5099.0,5282.8735
0.01,2.4572647,5140.0,5230.4497
0.0,2.191249,4978.0,4916.743
0.0,5.844312,4790.0,4571.7417
0.0,21.649357,4345.0,4083.3755
5.61,25.024332,3179.0,3252.0742
63.73,49.382458,1972.0,2033.5333
95.54,100.98798,591.0,766.9216
136.42,132.89835,56.0,68.84098
180.0,167.26329,0.0,6.992431
149.71,159.87921,0.0,-2.3603113
121.04,132.66295,0.0,-2.3603113
96.53,110.62516,0.0,-2.3603113
95.14,95.85038,0.0,-2.3603113
78.06,93.2833,0.0,-2.6510787
79.38,80.19834,0.0,7.1380234
81.7,77.84694,0.0,7.1380234
85.86,81.023506,0.0,7.1380234
86.25,87.076035,28.0,32.67717
80.72,89.75872,517.0,515.59595
26.23,71.97152,1853.0,1632.8802
6.16,17.616926,3391.0,3170.0073
0.0,3.7535927,4501.0,4425.701
0.0,-3.5155313,4748.0,5219.6377
0.0,-2.3361988,4898.0,5042.3745
0.0,1.0945822,5272.0,5023.028
0.0,1.6442324,4820.0,5212.4404
0.0,5.7891426,4780.0,4447.243
0.0,20.791134,4211.0,3910.9402
5.0,20.422646,3078.0,3060.262
84.0,34.514545,1758.0,1991.9069
123.08,109.82495,593.0,771.08
115.44,148.64476,56.0,64.50667
157.4,146.4862,0.0,4.9820743
130.1,139.93745,0.0,-2.3603113
114.94,118.3859,0.0,-2.3603113
91.46,108.077324,0.0,-2.6510787
85.16,93.011765,0.0,-2.6510787
85.41,84.19989,0.0,-2.6510787
82.73,81.014534,0.0,7.2067122
77.95,79.03623,0.0,7.2067122
75.99,78.59611,0.0,7.2067122
87.21,90.90343,27.0,22.874508
93.77,103.78311,495.0,515.6647
101.39,98.01296,1858.0,1633.5477
88.23,94.586235,3438.0,3266.8323
71.7,82.52656,4663.0,4382.533
63.07,71.42588,5465.0,5225.256
50.24,63.96293,5899.0,5602.7085
14.71,60.477486,6012.0,5728.411
4.05,31.4798,5750.0,5518.0337
0.66,21.67015,5245.0,5263.7593
30.0,31.628134,4464.0,4499.8447
65.9,61.462917,3367.0,3536.7368
124.35,89.42901,1886.0,2097.7034
147.75,168.62805,480.0,792.9658
191.82,166.95042,38.0,55.723366
215.81,202.47885,0.0,-0.3436571
136.27,178.72603,0.0,-2.5823898
122.22,116.975624,0.0,-2.5823898
88.64,107.99272,0.0,-2.2916226
95.99,87.8789,0.0,-2.2916226
90.82,91.71057,0.0,-2.2916226
90.76,86.82784,0.0,7.1380234
92.75,86.39907,0.0,7.1380234
89.52,87.91964,0.0,7.1380234
93.29,98.92468,24.0,23.751932
99.9,110.0441,433.0,484.45612
94.23,102.26834,1531.0,1599.9672
73.82,82.87984,2961.0,2921.7727
3.82,63.061516,3667.0,4112.096
0.0,3.7193224,3790.0,4491.548
0.01,2.5441365,3863.0,4295.0547
0.01,5.6886287,4059.0,4082.1455
5.11,6.648332,3814.0,4160.282
5.0,18.062843,3559.0,3680.0403
8.43,32.56757,2833.0,3027.4675
64.87,34.569687,1990.0,2267.9878
103.95,93.00126,1161.0,1240.8182
121.03,134.53812,369.0,504.47528
148.71,153.07703,26.0,35.578487
180.18,176.45886,0.0,-7.765168
135.13,153.66142,0.0,-9.646342
123.27,116.95651,0.0,-9.646342
88.83,106.98602,0.0,-5.8963814
77.04,89.93745,0.0,-7.402973
87.07,81.39138,0.0,-7.402973
86.45,85.05663,0.0,-1.8134369
77.58,86.111145,0.0,-1.8134369
72.91,78.949036,0.0,6.315112
82.26,88.85314,22.0,13.526265
96.7,100.98011,418.0,394.1972
98.03,100.64281,1490.0,1344.7167
83.98,79.915886,3039.0,2727.596
27.83,65.9731,4234.0,4119.088
0.01,18.63026,4980.0,4773.8184
0.98,2.3365314,4899.0,5099.767
4.99,7.3907514,4951.0,4716.1646
4.91,8.917063,4838.0,4658.596
3.13,14.892212,4467.0,4402.9746
27.27,26.507435,3907.0,3741.376
86.62,45.045128,3021.0,2718.548
98.76,104.78751,1814.0,1601.5829
107.91,123.40135,632.0,610.6283
122.5,140.47081,54.0,56.143955
123.0,148.18968,0.0,6.992431
112.67,115.02722,0.0,-2.3603113
110.0,104.162735,0.0,-2.3603113
101.26,97.01756,0.0,-2.3603113
97.45,87.726524,0.0,-2.3603113
94.97,88.85457,0.0,-2.3603113
88.1,87.11218,0.0,8.0173435
80.67,81.360855,0.0,8.0173435
84.32,74.912285,0.0,8.0173435
71.97,87.64374,23.0,17.14591
78.85,90.32823,484.0,370.92392
59.43,85.25368,1742.0,1428.0876
15.08,54.337273,3269.0,2965.1763
0.0,18.52995,4400.0,4094.5923
0.0,0.06788144,4877.0,5040.528
0.0,0.89285547,4715.0,5164.3643
0.0,5.2623777,5160.0,4795.462
0.0,6.3430896,5071.0,4927.2607
0.0,10.782718,4707.0,4588.097
0.01,23.764103,4348.0,3896.45
38.72,31.58109,3280.0,3194.9805
85.19,69.65644,1871.0,1984.2808
121.03,115.16473,610.0,715.3285
164.68,141.47232,48.0,59.13887
172.23,151.76724,0.0,6.7016644
131.0,123.97571,0.0,-2.6510787
110.0,115.40941,0.0,-2.6510787
101.28,101.15412,0.0,-2.6510787
94.14,95.274765,0.0,-2.6510787
90.1,89.35077,0.0,-2.6510787
86.25,84.588005,0.0,7.1380234
83.09,80.66754,0.0,7.1380234
81.33,79.483444,0.0,7.1380234
91.3,86.18685,20.0,17.797691
88.87,97.3523,462.0,480.90402
72.31,83.84332,1744.0,1552.9725
10.0,55.69469,3259.0,3126.7783
0.0,7.536239,4193.0,4310.0767
0.0,-0.8478394,4982.0,4934.8843
0.0,0.83931535,5339.0,5224.187
0.0,5.215047,5430.0,5394.1084
-0.01,5.254526,5047.0,5283.6055
-0.01,8.777937,5021.0,4547.1274
0.0,21.162325,4505.0,4227.8735
10.49,22.144173,3520.0,3467.6377
86.26,48.05515,2022.0,2179.3997
140.73,112.07417,614.0,758.84015
153.13,162.498,47.0,56.987373
154.51,163.3618,0.0,6.7016644
143.38,130.65038,0.0,-2.6510787
125.88,117.88436,0.0,-2.6510787
109.16,107.32619,0.0,-2.6510787
102.87,101.878,0.0,-2.6510787
102.32,93.58449,0.0,-2.6510787
101.61,92.16844,0.0,7.1380234
98.7,90.95213,0.0,7.1380234
98.59,87.10608,0.0,7.1380234
97.53,93.0456,21.0,17.183369
83.94,94.01223,478.0,433.80106
61.82,67.09324,1813.0,1556.4685
-0.01,42.998047,3021.0,3200.6982
-0.95,-7.203569,3603.0,4070.586
-1.0,-5.91995,4227.0,4420.604
-1.0,-4.31973,4357.0,4718.1865
-1.0,0.055999015,4486.0,4632.714
-1.0,1.1305002,4485.0,4584.348
-0.88,6.5407896,4234.0,4307.503
-0.46,19.628677,3648.0,3637.2068
0.0,19.455713,3265.0,2803.4001
76.49,28.731363,2122.0,2112.1653
149.74,108.968925,644.0,882.5214
124.9,162.04597,46.0,59.4617
131.66,142.53775,0.0,6.7016644
133.92,121.1743,0.0,-2.6510787
117.73,115.62011,0.0,-2.6510787
95.18,103.48675,0.0,-2.6510787
84.7,89.218796,0.0,-2.6510787
83.02,81.137054,0.0,-2.6510787
82.78,79.38722,0.0,7.1380234
77.58,79.34711,0.0,7.1380234
80.25,76.65215,0.0,7.1380234
83.2,82.25912,19.0,17.797691
81.51,80.07592,471.0,433.80106
30.89,64.98405,1770.0,1559.2039
-0.1,20.145052,2282.0,3048.3635
-2.89,-4.6771345,2971.0,3355.2651
-10.0,-4.424105,3184.0,3813.72
-12.92,-2.4503222,3368.0,3784.5115
-10.0,3.6274905,3452.0,3619.2349
-6.1,3.6669698,3371.0,3425.4917
-3.11,7.00836,3109.0,3187.0303
-3.03,21.066902,2793.0,2801.9265
0.0,21.524612,3223.0,2225.491
36.8,26.492996,2077.0,2118.4683
97.42,88.60337,617.0,888.4089
121.9,120.3471,40.0,56.987373
138.32,135.94725,0.0,-0.4123458
121.04,117.1428,0.0,-2.6510787
106.75,104.09185,0.0,-2.6510787
98.21,94.66466,0.0,-2.6510787
99.81,83.87455,0.0,-2.6510787
91.69,85.87954,0.0,-2.6510787
87.28,84.616554,0.0,7.2067122
84.83,78.49344,0.0,7.2067122
92.9,78.52078,0.0,7.2067122
104.03,98.53586,17.0,15.720965
95.0,114.42165,450.0,433.40097
71.7,95.164345,1852.0,1543.6337
0.0,66.87417,3418.0,3074.3916
0.0,6.3805532,4569.0,4148.4653
-0.01,6.74737,5124.0,4994.513
0.0,9.510813,5319.0,5227.3896
0.0,12.984526,5346.0,5161.4136
0.0,13.024005,5284.0,5007.983
0.0,16.313814,5366.0,4721.6934
9.0,28.698193,4793.0,4411.4766
58.97,37.777634,3680.0,3624.608
97.2,86.635025,2122.0,2386.5955
143.19,128.69716,605.0,886.67633
183.56,167.95709,36.0,54.01755
209.47,200.0376,0.0,-0.3436571
140.53,148.8023,0.0,-2.5823898
108.87,116.4597,0.0,-2.5823898
96.0,97.125084,0.0,-2.5823898
93.0,90.74817,0.0,-2.5823898
89.67,86.83905,0.0,-2.5823898
85.41,84.47124,0.0,7.1380234
83.6,79.546036,0.0,7.1380234
83.78,80.70659,0.0,7.1380234
79.61,93.51702,16.0,12.795047
80.0,98.478264,436.0,433.3323
67.49,78.81752,1786.0,1567.4061
0.0,55.40858,3292.0,3102.5889
0.0,0.81908077,4329.0,4279.9023
-0.1,1.1858958,4711.0,5044.6704
0.0,3.04589,4889.0,5072.423
0.0,8.935091,5110.0,5025.4873
0.0,8.97457,5203.0,5067.4956
0.0,12.143401,5117.0,4843.335
0.01,24.527782,4642.0,4416.4985
73.15,25.50963,3535.0,3583.4097
109.06,94.91313,1985.0,2165.9377
141.32,139.3789,571.0,680.6369
174.87,168.04532,33.0,53.58169
187.78,195.87997,0.0,-0.4123458
137.78,146.21414,0.0,-2.6510787
109.84,114.512245,0.0,-2.6510787
98.17,97.22993,0.0,-2.6510787
89.52,86.981926,0.0,-2.6510787
90.0,82.00895,0.0,-2.6510787
86.24,83.582985,0.0,7.1380234
84.32,79.18241,0.0,7.1380234
84.6,76.39949,0.0,7.1380234
86.87,86.43765,15.0,12.795047
88.14,97.3463,435.0,386.3894
79.6,84.87283,1759.0,1514.7885
0.0,64.39718,3318.0,3126.7783
-0.1,-0.0431008,4135.0,4359.1865
-1.58,0.81908077,4821.0,4840.0815
0.0,2.010869,5132.0,5147.3203
0.0,7.05481,5381.0,5228.1177
0.0,7.7249627,5421.0,5279.996
0.0,10.893794,5198.0,5012.1025
0.0,23.278177,4547.0,4559.851
72.95,24.546305,3564.0,3592.3914
96.64,95.96442,1996.0,2219.0454
138.47,126.128456,556.0,691.06366
240.13,159.53918,31.0,56.987373
200.0,218.14116,0.0,-0.4123458
142.35,149.03912,0.0,-2.6510787
120.43,115.31719,0.0,-2.6510787
106.27,104.80806,0.0,-2.6510787
96.2,94.37789,0.0,-2.6510787
92.0,88.96666,0.0,-2.3603113
88.45,86.69142,0.0,8.0173435
87.69,81.34887,0.0,7.1380234
88.05,84.1593,0.0,7.1380234
96.7,92.20418,12.0,10.060781
101.16,102.79914,397.0,404.35617
86.29,94.703545,1584.0,1442.81
69.8,67.85801,2922.0,2932.8416
0.01,57.476734,4006.0,4020.9907
0.0,-0.5820852,4751.0,4747.6577
5.0,0.33097222,5119.0,5061.242
5.0,13.54876,5271.0,5242.8335
15.99,14.213454,5146.0,5231.877
54.9,28.815647,4543.0,4816.347
69.43,68.3289,3944.0,3942.7014
78.99,78.09901,2918.0,3036.8972
101.71,94.55811,1611.0,1791.9973
141.99,128.08565,466.0,570.2771
250.0,186.83621,18.0,47.27755
278.77,231.70074,0.0,-0.12157831
157.46,204.08339,0.0,-2.3603113
122.93,121.943146,0.0,-2.3603113
105.95,108.95293,0.0,-2.3603113
99.43,97.921455,0.0,-2.3603113
98.35,91.288506,0.0,-2.3603113
92.86,91.19063,0.0,8.0173435
88.75,87.32407,0.0,8.0173435
90.78,86.15669,0.0,8.0173435
94.8,98.76847,10.0,10.630675
83.49,103.86952,393.0,374.28595
67.92,79.018,1568.0,1448.4843
0.0,51.953518,2916.0,2889.1633
-0.1,-2.6618586,3861.0,3994.7625
-0.1,-1.7775683,4234.0,4522.4917
0.0,0.59018886,4561.0,4650.291
0.0,4.5186853,4520.0,4766.2627
0.0,4.631953,4455.0,4552.1143
0.0,10.947003,4235.0,4157.4316
0.0,23.295689,3883.0,3571.0718
39.5,24.606775,2974.0,2937.5908
84.59,66.86096,1787.0,1815.4827
105.57,112.43,486.0,661.0044
96.06,155.29901,24.0,38.337334
99.35,145.32018,0.0,-0.4123458
96.62,104.78791,0.0,-2.6510787
96.4,96.7748,0.0,-2.6510787
95.79,92.8252,0.0,-2.3603113
83.73,92.35085,0.0,-2.3603113
83.4,85.08579,0.0,-2.3603113
83.92,80.46666,0.0,7.1380234
77.04,77.17166,0.0,8.0173435
77.96,75.41834,0.0,8.0173435
74.47,79.892715,10.0,10.630675
65.0,74.28796,353.0,365.48453
0.0,51.44702,1365.0,1350.8329
-0.39,-8.46904,2070.0,2700.2664
-5.0,-8.46904,2632.0,3143.9963
-5.0,-7.150029,3240.0,3477.2334
-3.64,-5.8164945,3549.0,3758.32
-2.0,-0.3108167,3732.0,3672.37
-1.0,-0.2240055,3531.0,3692.4478
-0.1,3.2520723,3133.0,3298.2585
0.0,17.778193,3019.0,2756.8787
0.01,18.76004,2571.0,2305.8074
84.46,26.889748,1553.0,1578.5079
77.12,103.95242,444.0,603.34607
83.93,96.95712,18.0,38.951656
91.28,96.54626,0.0,-0.12157831
91.66,88.29704,0.0,-2.3603113
104.07,90.66391,0.0,-2.3603113
89.78,97.003006,0.0,-2.3603113
90.08,82.82217,0.0,-2.3603113
83.78,82.82217,0.0,-2.3603113
84.31,75.61269,0.0,8.0173435
83.27,72.26986,0.0,8.0173435
83.76,75.0748,0.0,8.0173435
85.11,75.81277,11.0,10.630675
85.08,80.72644,385.0,365.48453
67.08,69.69149,1552.0,1367.5593
0.0,50.44597,2755.0,2598.8113
-1.0,-4.013828,3474.0,3521.1921
-0.7,-3.8573444,4154.0,3850.9106
-0.04,1.2505997,4439.0,4382.6655
0.0,2.0857494,4574.0,4423.698
0.0,1.5032542,4445.0,4167.5986
0.0,5.198552,4170.0,3893.1272
0.65,20.189009,3726.0,3269.2056
65.0,21.785294,2992.0,2707.015
99.32,76.655716,1542.0,1716.7524
99.48,107.56647,380.0,517.64056
111.8,113.76881,12.0,31.7633
128.66,122.052475,0.0,-2.3603113
116.61,113.23365,0.0,-2.3603113
119.67,104.727425,0.0,-2.3603113
153.08,103.99019,0.0,-2.3603113
90.58,124.12884,0.0,-2.3603113
85.69,84.498245,0.0,-2.3603113
83.21,81.67663,0.0,8.086033
81.52,78.21941,0.0,8.086033
86.61,81.175224,0.0,8.086033
97.25,99.78483,7.0,10.699364
114.7,109.24435,379.0,365.5532
121.03,106.65611,1617.0,1405.3026
84.62,101.99074,2884.0,2887.014
56.89,72.818794,3886.0,3867.0247
44.87,53.785194,4585.0,4476.977
45.93,46.694565,5081.0,4835.572
20.04,51.345535,5486.0,5086.359
14.23,30.992876,4958.0,5201.131
18.34,31.408241,4050.0,4399.646
54.57,46.857006,3203.0,3428.888
74.54,72.451515,2164.0,2539.7004
114.76,99.15622,1010.0,1271.5941
113.88,136.41385,256.0,347.51938
182.32,144.78563,7.0,24.22381
212.78,191.32768,0.0,-2.2916226
125.21,170.63466,0.0,-4.7691875
106.81,108.615814,0.0,-4.7691875
99.9,109.77183,0.0,-4.7691875
100.5,92.59639,0.0,-4.7691875
93.67,92.690865,0.0,-4.7691875
87.14,87.876144,0.0,8.0173435
85.09,83.742775,0.0,8.0173435
88.51,84.22929,0.0,8.0173435
100.78,98.33922,4.0,9.443095
109.42,112.216736,304.0,365.12698
108.64,110.5445,1453.0,1315.2927
91.16,91.076096,3035.0,2735.2986
81.57,73.86703,4427.0,4092.543
67.09,68.23151,5409.0,5082.0693
43.23,58.224735,5908.0,5588.8164
28.71,41.44977,5843.0,5633.569
35.0,27.414427,5467.0,5434.706
41.28,39.09346,4816.0,4865.896
72.47,57.757595,4013.0,3863.8699
92.09,82.92411,3027.0,2764.8718
108.64,111.5166,1462.0,1765.3273
128.03,131.88783,343.0,431.6009
177.48,165.66476,9.0,25.023207
178.08,196.5219,0.0,-2.3603113
117.16,143.4891,0.0,-2.3603113
105.3,105.20151,0.0,-2.3603113
98.41,98.82219,0.0,-2.3603113
96.74,92.74796,0.0,-2.3603113
91.94,89.990326,0.0,-2.3603113
86.46,88.650246,0.0,7.726574
84.5,82.600655,0.0,8.084133
88.31,82.58029,0.0,7.4955826
97.23,100.35492,6.0,9.53239
108.72,110.63978,353.0,349.4747
107.85,107.55832,1603.0,1363.0967
87.6,90.660805,3190.0,2922.0686
35.35,73.43844,4455.0,4275.56
13.62,34.09235,5353.0,5237.1465
35.0,16.718191,5801.0,5559.068
15.37,34.606895,5936.0,5688.8955
15.99,25.936726,5973.0,5527.752
40.0,30.368351,5517.0,5222.243
59.45,58.286522,4719.0,4582.7314
77.78,77.55879,3483.0,3574.8884
103.15,97.33731,1878.0,2130.9739
116.18,135.64906,449.0,593.17786
133.17,162.83037,10.0,36.171993
135.79,159.87225,0.0,-2.3603113
117.1,118.52464,0.0,-2.6510787
108.72,108.26918,0.0,-2.6510787
100.68,104.81257,0.0,-2.6510787
95.38,97.67068,0.0,-2.6510787
85.0,91.54548,0.0,-2.6510787
83.94,83.414345,0.0,7.1380234
86.46,79.85556,0.0,7.1380234
87.34,86.60215,0.0,7.1380234
102.39,100.46799,5.0,8.921334
110.04,115.16213,373.0,346.16516
111.07,107.196144,1726.0,1473.5403
84.43,93.311386,3413.0,3124.1572
54.12,67.71804,4714.0,4407.7017
20.0,48.30038,5568.0,5348.7876
25.99,21.341944,6009.0,5634.813
16.0,26.224813,6159.0,5705.8647
31.0,28.033321,6016.0,5549.4355
57.69,42.02771,5538.0,5274.9277
80.0,74.10043,4649.0,4723.3613
94.18,91.29672,3281.0,3565.1592
108.75,111.665596,1629.0,2040.4662
125.65,137.57072,421.0,553.9275
138.58,165.47107,8.0,33.47696
142.9,159.24434,0.0,-2.6510787
115.74,124.74916,0.0,-2.6510787
102.03,106.93948,0.0,-2.6510787
97.21,97.57737,0.0,-2.6510787
87.16,94.57186,0.0,-2.6510787
79.21,85.52338,0.0,-2.6510787
75.65,78.17807,0.0,7.1380234
74.01,75.47234,0.0,7.1380234
73.11,77.49514,0.0,7.1380234
83.62,89.84507,4.0,7.602981
102.93,95.74286,347.0,345.80762
104.36,103.06686,1609.0,1365.275
60.95,89.24912,3199.0,2982.5342
20.0,53.520428,4464.0,4328.3423
11.95,20.053072,5017.0,5238.0522
41.3,20.71897,5076.0,5298.615
15.95,43.21506,5127.0,5244.5806
5.25,28.726736,5553.0,5078.006
1.52,22.358122,5049.0,5097.358
5.92,31.994411,4335.0,4277.092
47.39,41.247807,3082.0,3240.4426
71.65,81.91546,1614.0,1971.1752
92.91,107.81265,380.0,533.16156
103.82,125.045494,7.0,34.640896
112.74,118.95082,0.0,-2.6510787
107.33,103.87325,0.0,-2.6510787
102.93,98.65693,0.0,-2.6510787
94.37,97.33077,0.0,-2.6510787
95.33,87.10069,0.0,-2.6510787
89.32,87.19521,0.0,-2.6510787
87.14,80.80965,0.0,7.1380234
84.57,78.62054,0.0,7.1380234
84.7,74.88425,0.0,7.1380234
85.01,78.79151,4.0,7.602981
86.43,86.39393,341.0,331.08563
86.74,79.30346,1700.0,1407.4703
70.6,66.496574,3413.0,3011.6475
0.02,53.69944,4675.0,4168.829
0.01,-4.292119,5473.0,5135.5977
3.34,-2.1664207,5509.0,5508.67
1.35,4.5772862,5129.0,5431.771
0.07,5.4093866,4924.0,4972.1147
0.41,4.8967237,4464.0,4449.177
3.52,18.98807,3755.0,3722.9592
16.34,23.304253,2646.0,2740.1936
94.18,42.12428,1270.0,1484.4388
124.66,105.51496,283.0,417.69852
134.8,128.59709,4.0,23.492102
147.95,128.02205,0.0,-2.3603113
120.16,117.96621,0.0,-2.3603113
111.16,104.73122,0.0,-2.3603113
105.85,101.055824,0.0,-2.3603113
100.5,96.740295,0.0,-2.3603113
95.11,92.23492,0.0,-2.3603113
93.84,87.23985,0.0,8.0173435
91.44,85.17913,0.0,8.0173435
90.4,85.468575,0.0,8.0173435
90.5,85.09497,5.0,8.839862
90.0,85.58682,341.0,344.89294
84.73,77.500046,1754.0,1299.5204
20.99,64.251884,3307.0,3069.6074
1.52,14.017913,4192.0,4339.536
-0.01,-1.1334245,4133.0,4906.657
-0.07,-3.03237,3862.0,4541.643
-1.0,0.9778827,3877.0,3994.9617
-1.0,0.6845462,3878.0,3831.9736
-0.79,5.674425,3552.0,3470.9243
-0.1,19.868032,3008.0,2896.3345
0.0,21.116522,2646.0,2127.9485
70.35,37.43953,1549.0,1291.7094
102.1,102.61139,343.0,456.29892
110.34,121.84836,5.0,23.492102
117.2,122.49207,0.0,-6.2539415
114.32,104.272354,0.0,-4.8378763
107.5,105.125336,0.0,-4.8378763
100.52,106.34586,0.0,-2.3603113
95.28,96.271095,0.0,-2.3603113
87.03,89.95989,0.0,-2.3603113
82.86,84.74967,0.0,8.086033
80.34,80.417786,0.0,8.443592
81.22,81.67841,0.0,8.443592
100.31,95.77706,3.0,8.90855
112.77,112.21777,320.0,345.57266
121.75,115.921776,1691.0,1320.3878
98.51,102.26827,3486.0,3029.3867
81.35,83.51721,4722.0,4391.7456
45.46,71.62245,5347.0,5186.083
35.02,46.00677,5052.0,5393.356
10.0,38.74489,5158.0,4916.0913
5.93,22.02569,4926.0,4896.692
8.43,23.667276,4316.0,4435.7715
25.2,36.186516,3647.0,3493.5579
67.62,48.108902,2952.0,2677.9033
89.74,87.747,1489.0,1641.172
111.97,113.562256,320.0,397.87885
154.17,143.5964,3.0,21.08323
190.55,148.94987,0.0,-4.3019805
136.69,150.06683,0.0,-4.3019805
115.04,114.372345,0.0,-4.7691875
105.15,106.62191,0.0,-4.3019805
104.79,99.87303,0.0,-2.2916226
101.58,95.94085,0.0,-2.2916226
98.86,94.179886,0.0,6.364543
97.48,91.33843,0.0,8.374903
99.62,92.74663,0.0,8.374903
102.71,107.51369,4.0,8.839862
120.36,110.97815,324.0,317.80225
109.61,117.84645,1613.0,1305.1754
57.91,97.135414,3100.0,2891.935
46.6,54.900345,4182.0,4278.7397
15.99,47.009087,4865.0,4971.784
26.65,19.46572,4969.0,5194.4277
16.0,25.069235,5065.0,4987.107
26.28,24.693903,4807.0,4994.788
38.05,29.64516,4125.0,4293.899
73.77,57.151283,3429.0,3300.0332
90.52,84.831635,2325.0,2436.4202
109.87,99.56001,1267.0,1234.6927
130.09,125.92755,340.0,363.25418
186.99,157.52087,7.0,15.848482
184.04,174.08679,0.0,-4.8378763
125.61,145.72604,0.0,-2.3603113
109.78,107.21298,0.0,-2.0027514
100.02,103.13703,0.0,-2.0027514
99.75,95.28155,0.0,-3.8692622
90.32,94.88281,0.0,-3.8692622
86.85,88.522995,0.0,8.985959
88.34,87.226234,0.0,8.695189
91.55,89.762856,0.0,8.985959
99.42,102.68585,0.0,8.571599
109.92,109.5219,318.0,319.07446
89.55,109.553024,1728.0,1387.4421
46.02,73.0823,3539.0,3108.3384
8.44,39.40318,4844.0,4436.546
0.0,6.2340355,5401.0,5463.251
0.01,2.4258943,5506.0,5575.569
0.01,6.7461033,5591.0,5496.953
0.01,8.178382,5373.0,5299.3022
3.43,11.635545,4994.0,4878.4595
25.99,28.143787,4480.0,4147.314
81.8,51.23102,3480.0,3434.7388
107.04,102.154076,1761.0,2107.3267
131.08,130.5738,346.0,627.6098
209.97,159.71909,5.0,23.201334
186.51,180.7407,0.0,-2.6510787
126.85,142.61107,0.0,-2.6510787
113.63,106.71494,0.0,-2.6510787
103.57,103.85972,0.0,-2.6510787
97.15,97.0018,0.0,-2.6510787
92.08,88.978386,0.0,-2.2935188
88.06,87.50824,0.0,7.4955826
88.3,84.72016,0.0,7.4955826
87.67,88.010925,0.0,7.4955826
90.0,97.44771,4.0,7.960541
104.69,101.40779,318.0,333.5429
86.14,100.279625,1790.0,1356.0258
15.0,69.04141,3534.0,3178.4238
0.0,15.11665,4333.0,4535.6367
0.0,-1.0708835,4905.0,5070.531
0.0,0.84311,5197.0,5280.7656
0.0,6.0760784,5422.0,5348.3887
0.0,6.3685894,5261.0,5299.534
0.0,10.112091,4944.0,4986.4224
0.01,23.21446,4701.0,4219.9844
61.59,28.64742,3460.0,3655.9087
118.73,87.50097,1722.0,2152.7292
147.91,136.71397,320.0,602.1999
173.04,179.71765,4.0,23.201334
146.29,159.16464,0.0,-2.6510787
121.05,120.35398,0.0,-2.6510787
106.03,105.978065,0.0,-2.6510787
91.22,97.31907,0.0,-2.6510787
85.27,87.2918,0.0,-2.6510787
86.39,82.60154,0.0,-2.6510787
86.14,82.07248,0.0,7.4955826
86.77,81.10526,0.0,7.4955826
88.52,83.15004,0.0,8.106639
97.51,94.482605,4.0,8.571599
109.35,106.48686,310.0,319.07446
91.38,104.95739,1776.0,1368.0162
71.4,73.4825,3560.0,2996.201
0.01,59.777294,4767.0,4456.475
0.0,2.0811975,5366.0,5305.04
0.0,2.344873,5778.0,5603.48
0.0,6.477402,5914.0,5691.379
0.0,6.659926,5770.0,5556.069
0.01,10.433001,5533.0,5229.3354
40.0,22.817389,4743.0,4734.441
91.72,58.219173,3421.0,3655.2866
113.53,105.68284,1667.0,2065.053
130.53,137.44875,295.0,528.82605
153.6,155.2121,0.0,23.201334
149.83,137.29976,0.0,-2.6510787
121.27,124.461716,0.0,-2.6510787
101.98,108.42234,0.0,-2.6510787
98.81,96.25042,0.0,-2.6510787
94.21,92.1273,0.0,-2.2935188
88.75,87.92815,0.0,-2.2935188
86.19,84.49606,0.0,7.4955826
85.46,82.44842,0.0,7.4955826
86.37,81.55419,0.0,7.4955826
91.79,88.90188,0.0,8.571599
92.44,94.789566,305.0,313.80365
94.47,83.077,1604.0,1360.2886
88.36,71.002625,3305.0,3035.97
26.0,68.67686,4570.0,4452.9116
0.0,15.034942,5263.0,5267.5366
5.23,-2.266476,5635.0,5567.2256
0.0,8.9703665,5563.0,5693.4116
0.0,2.3583472,5369.0,5355.9634
0.0,6.1269555,4806.0,5018.15
9.38,20.404621,3837.0,4147.672
56.63,35.107544,2117.0,2897.8008
100.89,80.42629,850.0,1210.3796
121.03,126.71246,185.0,256.83047
127.24,147.16263,0.0,6.7016644
128.58,130.24329,0.0,-2.6510787
114.96,115.40053,0.0,-2.6510787
101.05,103.271225,0.0,-2.6510787
86.3,97.94028,0.0,-2.6510787
83.17,90.6566,0.0,-10.0039015
79.01,83.334984,0.0,-10.0039015
81.3,78.57303,0.0,-2.170997
78.31,81.30714,0.0,-2.170997
75.04,77.039116,0.0,-2.170997
68.99,79.7931,0.0,-1.7060379
69.54,75.26498,228.0,311.56284
65.91,73.86849,1342.0,1249.0247
22.31,51.86743,2876.0,2772.3352
0.0,12.804505,3795.0,4027.459
-1.0,-5.363396,4211.0,4527.289
-0.01,-4.1538734,4253.0,4673.16
-0.1,-0.2572766,3983.0,4455.376
-0.98,-0.21779661,3833.0,4110.635
-0.6,3.3056123,3596.0,3584.4695
0.0,17.778193,3754.0,3045.7634
27.24,20.146772,3121.0,2683.6497
85.69,50.191803,1619.0,1754.2551
115.64,109.0972,273.0,420.18137
133.25,133.28954,0.0,23.201334
130.57,128.66156,0.0,-2.6510787
113.31,114.42108,0.0,-2.6510787
101.77,105.29363,0.0,-2.6510787
94.93,95.59499,0.0,-2.2935188
88.39,86.958496,0.0,-1.6824621
87.67,83.67106,0.0,-2.2935188
86.63,83.25773,0.0,8.175328
85.65,80.520805,0.0,8.175328
87.37,81.455215,0.0,8.175328
97.67,94.14449,0.0,8.640287
116.93,105.305954,271.0,275.66837
122.24,121.685646,1703.0,1230.4155
108.43,104.18742,3517.0,3193.8188
81.51,95.35271,4854.0,4451.727
13.8,70.97333,5691.0,5360.399
40.0,21.644411,5883.0,5638.669
40.0,43.926163,5923.0,5532.8467
23.36,46.190945,6004.0,5353.7554
39.69,34.78291,5584.0,5093.5566
70.84,61.258793,4722.0,4568.561
83.47,85.399635,3406.0,3566.684
110.84,98.96575,1619.0,1985.6843
165.6,131.03769,251.0,433.70398
225.31,179.77603,0.0,18.308079
204.66,203.48178,0.0,-2.5823898
138.01,154.36835,0.0,-2.5823898
108.99,114.62959,0.0,-2.5823898
99.49,102.982376,0.0,-2.5823898
89.92,91.037384,0.0,-2.5823898
85.27,86.575935,0.0,-2.5823898
87.59,84.10697,0.0,7.1380234
88.12,85.26605,0.0,7.1380234
90.46,89.34951,0.0,7.4955826
99.6,100.59364,0.0,7.960541
121.85,113.3071,263.0,282.02206
139.21,121.522575,1686.0,1336.0907
65.06,115.56525,3492.0,2920.8384
26.0,57.975006,4788.0,4530.1123
12.78,20.970518,5650.0,5454.549
15.33,18.307028,6089.0,5787.985
22.09,25.485857,6213.0,5698.6045
44.89,26.644014,6056.0,5554.5156
71.59,51.865982,5576.0,5277.755
77.11,81.02773,4683.0,4694.6904
96.36,90.0626,3335.0,3523.8801
115.89,112.20699,1557.0,2007.6415
166.95,148.54233,233.0,446.622
286.05,212.80945,0.0,17.948622
242.78,246.87335,0.0,-2.6510787
130.38,179.3428,0.0,-2.6510787
110.89,110.23892,0.0,-2.6510787
108.08,100.33229,0.0,-2.6510787
102.94,95.16878,0.0,-2.6510787
84.06,89.16213,0.0,-2.6510787
80.84,79.79942,0.0,7.1380234
75.39,79.58728,0.0,7.1380234
79.33,78.44493,0.0,7.1380234
95.98,94.100334,0.0,7.602981
117.01,111.80249,258.0,274.6311
117.8,126.75591,1552.0,1326.8356
88.09,94.9218,3311.0,3032.4832
77.41,74.37501,4646.0,4504.565
16.0,64.80891,5443.0,5318.0713
8.23,20.96153,5178.0,5630.2437
6.2,16.59984,5405.0,5352.4316
6.12,17.94016,5016.0,5302.302
10.05,22.162945,4383.0,4506.694
53.89,43.982216,3604.0,3803.6926
91.62,79.85743,2383.0,2869.1108
144.95,108.54162,919.0,1394.6553
172.76,164.03004,140.0,260.01236
198.5,227.05138,0.0,-0.65116155
171.04,195.49359,0.0,-10.0039015
149.98,130.01582,0.0,-10.0039015
129.0,119.7021,0.0,-10.0039015
108.43,109.6379,0.0,-10.0039015
101.38,100.243996,0.0,-7.7605324
97.29,89.700905,0.0,-4.8378763
88.2,89.12036,0.0,7.726574
83.79,80.2397,0.0,7.726574
79.97,79.889275,0.0,7.1380234
97.67,91.437096,3.0,7.602981
119.17,107.74438,199.0,274.6311
120.65,114.93694,1260.0,1213.3004
78.36,98.36083,2711.0,2817.6658
71.09,64.851654,4021.0,3985.3826
39.5,59.073406,4932.0,4796.9014
5.79,33.929115,5206.0,5256.459
3.2,14.137112,5269.0,5335.7896
3.22,12.674457,5024.0,5237.353
32.1,14.810931,4477.0,4467.9917
65.18,49.935917,3784.0,3806.803
94.15,78.17796,2610.0,2770.935
126.54,115.9301,963.0,1372.4344
178.63,147.31485,144.0,191.92426
292.09,193.69418,0.0,6.992431
241.63,230.742,0.0,-2.6510787
132.69,181.8756,0.0,-2.6510787
118.36,114.293785,0.0,-2.3603113
107.87,102.76889,0.0,-2.3603113
98.23,95.24419,0.0,-2.3603113
85.91,89.02448,0.0,-2.3603113
83.29,81.5312,0.0,8.374903
82.38,76.67533,0.0,8.374903
82.4,78.4962,0.0,8.374903
94.54,91.946884,0.0,9.450917
115.23,104.38446,233.0,251.82916
128.27,118.246605,1468.0,1157.388
78.0,101.036995,3112.0,2878.993
0.0,59.79937,4290.0,4248.203
0.0,-1.3750665,4990.0,4962.5913
0.0,-0.024480172,5388.0,5291.5664
0.0,3.5648265,5436.0,5454.9844
0.0,4.546635,5332.0,5279.4185
0.01,9.584782,5074.0,4838.855
72.66,23.055126,4282.0,4371.1807
96.76,91.97027,2916.0,3185.5208
129.17,117.374306,1311.0,1604.7086
167.37,157.82574,201.0,287.39026
192.79,205.33926,0.0,6.7016644
166.17,187.1656,0.0,-2.6510787
139.98,129.75407,0.0,-2.6510787
146.01,114.62928,0.0,-2.6510787
111.7,117.11373,0.0,-2.6510787
102.67,100.62159,0.0,-2.6510787
102.96,90.44464,0.0,-2.6510787
102.81,91.80051,0.0,7.1380234
102.1,91.80051,0.0,7.1380234
101.2,91.766396,0.0,7.4955826
102.03,98.89465,0.0,7.960541
96.25,100.96248,224.0,274.98865
91.71,98.11551,1545.0,1258.3452
77.4,73.74349,3316.0,3003.3765
0.0,60.41121,4487.0,4429.7954
0.0,-2.4191322,5244.0,5248.1157
0.0,-2.760628,5229.0,5483.63
-0.02,1.3183542,4963.0,5340.126
-0.86,1.9652205,4664.0,4845.2734
-0.99,5.675357,4464.0,4374.186
-0.01,20.290836,4116.0,3832.2432
46.01,27.962706,3074.0,2959.182
119.96,81.06498,1352.0,1584.5414
178.64,141.98999,170.0,319.23993
190.01,195.60306,0.0,6.992431
177.21,168.21848,0.0,-2.3603113
178.89,138.71027,0.0,-2.3603113
150.0,140.8326,0.0,-2.3603113
93.07,121.55674,0.0,-2.3603113
86.01,87.50651,0.0,-2.6510787
78.93,86.24482,0.0,-2.6510787
75.0,78.80496,0.0,8.374903
77.44,74.98413,0.0,7.4955826
76.98,76.9636,0.0,7.4955826
76.77,78.220604,0.0,8.571599
75.38,79.91718,218.0,238.4409
51.8,70.08067,1497.0,1254.5103
0.0,42.53088,3096.0,2924.143
-0.1,-1.6509401,4048.0,4292.507
-4.0,-2.6941383,4162.0,4848.3066
-5.0,-3.3750846,4045.0,4702.502
-5.0,1.5589155,3803.0,4279.496
-5.0,1.712192,3611.0,3788.6748
-5.0,5.3419104,3352.0,3348.2957
-3.0,21.303364,2972.0,2729.3335
0.01,20.896284,2519.0,2135.7268
95.4,30.90219,1019.0,1303.3156
111.22,126.56146,125.0,237.022
147.08,141.22481,0.0,1.5922081
143.15,136.06195,0.0,-2.3603113
131.65,124.62815,0.0,-2.6510787
115.72,119.70732,0.0,-2.6510787
95.58,99.82265,0.0,-2.2935188
87.38,85.79355,0.0,-2.2935188
87.5,80.930115,0.0,-1.6824621
86.84,79.52247,0.0,8.175328
86.97,81.001595,0.0,8.175328
88.54,80.130295,0.0,9.054647
100.45,92.02592,0.0,9.519606
128.69,109.304794,213.0,256.18097
146.09,129.4312,1505.0,1249.4869
61.93,118.526985,3314.0,3003.6665
12.77,59.32586,4686.0,4416.43
11.91,22.04546,5273.0,5161.615
13.62,21.985085,5414.0,5416.8066
15.08,26.028757,5493.0,5283.522
40.0,31.98939,5277.0,5055.727
55.0,50.912193,4894.0,4768.738
81.38,73.58441,4247.0,4042.0852
103.2,92.79764,2850.0,3003.7856
136.03,120.45699,1200.0,1570.3767
220.44,158.88821,161.0,211.10806
367.9,237.28609,0.0,3.167492
311.98,277.85458,0.0,-2.5823898
148.52,226.3668,0.0,-2.5823898
150.89,122.398544,0.0,-2.5823898
136.13,125.817924,0.0,-2.2248302
108.3,110.2832,0.0,-2.2248302
104.39,98.310684,0.0,-1.6137735
103.18,97.767,0.0,8.106639
102.54,96.4388,0.0,8.106639
102.5,99.66291,0.0,8.106639
110.44,109.770584,0.0,9.450917
182.87,126.258804,221.0,246.96375
216.17,174.54161,1332.0,1244.1902
88.23,167.772,3229.0,2912.9414
58.73,71.810814,4567.0,4399.757
20.02,50.60109,5506.0,5267.9956
13.63,20.777227,6030.0,5639.316
12.78,21.083372,6156.0,5697.3223
16.0,22.991882,5970.0,5524.5693
55.0,30.195736,5389.0,5225.0347
78.83,72.387474,4375.0,4560.865
108.3,95.38405,2907.0,3262.4539
153.3,127.13676,1212.0,1509.466
243.63,195.0154,147.0,276.1406
392.05,296.14645,0.0,6.992431
241.83,342.67395,0.0,-2.3603113
151.0,186.47157,0.0,-2.6510787
137.83,130.35521,0.0,-2.6510787
129.25,121.970436,0.0,-2.6510787
100.11,115.753685,0.0,-2.2935188
96.14,95.383224,0.0,-2.2935188
94.18,95.673325,0.0,7.4955826
94.55,92.57112,0.0,7.4955826
93.78,95.1644,0.0,7.4955826
102.19,105.45019,0.0,8.571599
130.4,127.810104,208.0,256.11227
210.33,159.45418,1526.0,1098.6919
100.95,164.31133,3341.0,3020.0713
57.01,84.106384,4698.0,4468.0977
67.0,48.182922,5572.0,5359.274
41.0,57.647057,5994.0,5642.042
51.69,41.18762,6109.0,5701.8115
56.42,53.920864,5914.0,5546.0044
56.68,59.198658,5284.0,5274.5723
93.77,71.71417,4252.0,4510.7837
115.27,105.78163,2842.0,3035.6116
145.01,143.7939,1173.0,1461.0548
184.21,194.16174,124.0,187.39873
272.86,267.46295,0.0,6.7016644
174.25,253.83594,0.0,-2.6510787
134.85,144.70096,0.0,-2.6510787
117.19,121.136604,0.0,-2.6510787
99.29,110.84515,0.0,-2.6510787
87.8,95.842896,0.0,-2.6510787
84.94,89.208305,0.0,-2.6510787
83.89,87.38602,0.0,7.1380234
82.82,85.07512,0.0,7.1380234
91.81,83.724625,0.0,7.1380234
131.64,104.17134,0.0,7.602981
152.93,142.61308,204.0,229.59613
163.01,173.01077,1228.0,1250.7974
118.63,128.12628,2417.0,2714.3545
107.74,93.99968,3672.0,3713.0117
78.29,87.29884,4132.0,4518.7036
78.83,65.64779,4263.0,4652.1816
84.33,71.07703,4197.0,4523.9614
80.89,76.895065,3996.0,4303.1367
76.63,80.343414,3416.0,3826.8704
101.16,92.9301,2619.0,2912.651
153.29,114.78883,1548.0,1990.7979
167.12,161.94418,675.0,829.51117
215.9,192.61885,97.0,79.39456
232.83,262.01492,0.0,6.992431
164.2,215.43176,0.0,-10.0039015
148.64,128.2674,0.0,-10.0039015
147.93,121.40453,0.0,-10.0039015
129.1,120.53869,0.0,-10.0039015
96.92,108.46855,0.0,-2.6510787
89.46,85.432,0.0,-2.6510787
84.28,84.680275,0.0,8.0173435
83.42,80.20685,0.0,7.1380234
86.02,85.01106,0.0,7.1380234
138.17,104.20651,0.0,7.602981
166.36,147.518,185.0,228.32394
165.87,161.29654,1429.0,1068.3063
121.91,135.15785,3215.0,2667.0872
94.51,103.02735,4590.0,4299.6006
61.2,79.78932,5484.0,5151.989
50.93,57.16828,5934.0,5471.672
41.99,55.07776,5980.0,5534.368
50.0,45.38229,5699.0,5376.304
60.0,58.836193,5102.0,5024.3335
83.71,82.36333,4168.0,4205.8105
122.13,109.41974,2804.0,2874.512
159.17,144.66696,1128.0,1354.7551
174.06,199.4414,110.0,201.10017
228.79,215.69673,0.0,6.992431
166.13,200.60114,0.0,-2.3603113
120.78,137.43843,0.0,-2.3603113
116.07,117.33541,0.0,-2.3603113
97.15,109.3312,0.0,-2.3603113
94.59,92.517654,0.0,-2.3603113
79.2,86.7841,0.0,-2.3603113
69.39,76.189964,0.0,7.1380234
71.06,68.2893,0.0,7.1380234
79.4,72.02015,0.0,7.726574
83.14,90.45945,0.0,8.482303
91.76,94.98669,177.0,230.18468
79.69,97.479454,1404.0,1174.176
68.21,68.719475,3175.0,2837.4944
2.89,59.104053,4489.0,4393.8496
0.0,-1.0440621,4832.0,5254.016
0.01,-1.856978,4973.0,5180.933
0.0,2.4572647,4867.0,5037.6055
0.0,2.6904645,4666.0,4641.488
0.0,5.844312,4391.0,4332.7417
0.01,23.466816,3924.0,3710.7478
69.83,25.7871,2706.0,2814.4812
120.32,103.78049,1037.0,1321.7662
128.37,144.53346,94.0,180.97917
144.37,175.86684,0.0,4.9820743
128.25,136.16367,0.0,-2.3603113
108.58,115.0188,0.0,-2.3603113
100.76,105.47517,0.0,-2.6510787
89.93,93.47885,0.0,-2.6510787
83.21,86.20965,0.0,-2.6510787
74.01,76.46258,0.0,-2.6510787
75.53,65.32319,0.0,7.4955826
80.53,66.81795,0.0,8.106639
82.35,75.33588,0.0,8.106639
87.63,76.80502,0.0,8.571599
91.78,85.68809,170.0,230.56474
97.87,80.40599,1372.0,1186.867
0.01,73.00735,3066.0,2803.5757
0.0,-5.9606123,3904.0,4246.637
-0.1,-5.9606123,4282.0,4620.287
0.0,-3.7157567,4509.0,4691.4165
0.0,3.3840415,4656.0,4675.7627
0.0,1.5107749,4519.0,4469.246
-0.01,5.7549496,4397.0,4052.0796
0.0,20.281069,3756.0,3569.6355
20.0,19.851715,2577.0,2654.542
94.62,57.22726,920.0,1207.1649
126.16,113.93455,83.0,140.29225
159.56,145.68195,0.0,6.992431
126.55,140.26883,0.0,-2.6510787
91.49,106.08738,0.0,-7.7605324
78.16,89.53673,0.0,-10.0039015
63.9,77.95456,0.0,-6.7022285
75.97,66.42179,0.0,-2.0027514
46.7,70.28615,0.0,-2.0027514
51.95,54.557896,0.0,-1.7447482
49.29,58.562878,0.0,8.443592
52.21,58.771694,0.0,8.443592
85.33,73.07655,0.0,8.90855
142.22,104.1075,153.0,228.7502
155.18,147.73116,1356.0,1063.7615
106.98,125.396515,3191.0,2761.7751
61.05,90.29417,4635.0,4321.704
11.95,58.952682,5413.0,5154.7725
0.01,23.66537,5609.0,5485.1665
0.01,12.282616,5589.0,5373.587
0.27,12.510807,5534.0,5173.5386
10.1,16.323587,5037.0,4885.9863
31.24,46.044083,4151.0,4144.1177
88.26,61.359913,2766.0,2946.8438
159.82,113.77928,1057.0,1372.3501
219.74,190.53221,77.0,165.98807
275.16,271.40912,0.0,7.06112
187.96,250.7719,0.0,-2.2916226
177.48,144.24443,0.0,-2.5823898
150.17,140.20111,0.0,-2.5823898
138.45,120.56154,0.0,-2.5823898
108.49,111.12666,0.0,-2.2248302
105.1,95.6494,0.0,-2.2248302
88.41,96.39851,0.0,8.106639
85.62,83.81245,0.0,8.106639
87.04,84.91821,0.0,8.106639
108.49,95.719734,0.0,8.571599
149.34,136.64264,167.0,212.26944
132.31,167.5448,1476.0,1119.7804
82.81,111.92825,3353.0,2937.0513
16.0,67.058174,4716.0,4526.4067
0.0,19.05553,5498.0,5369.9688
0.01,3.695368,5933.0,5643.8755
0.01,7.522706,6049.0,5694.19
1.0,7.097847,5875.0,5545.071
45.0,14.687361,5404.0,5280.2925
70.0,64.26886,4417.0,4585.408
116.02,89.15764,2905.0,3325.5862
181.48,143.57234,1066.0,1522.8892
221.37,221.73201,63.0,146.6204
324.79,275.08466,0.0,6.992431
167.89,275.94714,0.0,-2.6510787
143.12,146.28247,0.0,-2.6510787
129.21,131.252,0.0,-2.6510787
101.59,124.62224,0.0,-2.2935188
88.87,97.46516,0.0,-2.2935188
77.88,90.01495,0.0,-2.2935188
77.06,78.78846,0.0,7.4955826
76.13,78.78846,0.0,7.4955826
76.22,79.2919,0.0,7.4955826
97.6,92.17312,0.0,8.571599
121.03,123.0266,180.0,230.56474
126.86,142.8897,1228.0,1198.7421
112.65,104.3557,2165.0,2751.3123
93.7,87.80889,3137.0,3359.0786
68.7,77.414825,4286.0,4096.9395
43.63,58.46945,5010.0,4717.8584
15.02,46.863434,5105.0,5092.583
13.6,25.555944,5292.0,5100.3325
15.1,27.027124,4807.0,4975.559
47.62,45.91021,4063.0,4103.027
85.69,83.643936,2635.0,2931.8584
108.82,126.40299,907.0,1226.6589
183.54,165.93044,45.0,97.33878
232.3,246.72826,0.0,6.992431
159.89,200.04395,0.0,-2.3603113
108.63,128.47256,0.0,-2.3603113
101.96,102.92247,0.0,-2.3603113
84.96,94.24845,0.0,-2.3603113
58.02,79.82435,0.0,-2.3603113
50.06,60.985306,0.0,-2.3603113
39.22,52.927902,0.0,8.374903
39.5,38.921825,0.0,8.374903
50.27,42.84538,0.0,8.106639
77.56,73.99292,0.0,8.571599
114.68,100.49514,127.0,230.56474
103.53,127.24252,1243.0,1056.6266
14.11,95.309105,2981.0,2429.9875
0.0,20.680645,3956.0,3910.33
-0.01,-2.6682832,4250.0,4598.515
0.0,-0.2003076,4390.0,4680.2217
0.0,4.908834,4453.0,4611.2754
0.0,4.6888103,4310.0,4585.4023
0.0,9.967496,4008.0,4031.2925
0.02,26.373867,3979.0,3371.6228
56.76,37.012703,2759.0,2870.1875
131.64,87.93358,998.0,1310.4496
156.2,168.7131,56.0,112.59213
204.27,193.37262,0.0,7.670279
154.8,173.6302,0.0,-1.6824621
108.66,122.653435,0.0,-1.6824621
104.23,102.18383,0.0,-1.6824621
88.2,94.24154,0.0,-1.6824621
74.09,79.57661,0.0,-1.6824621
71.96,69.5373,0.0,-1.6824621
71.15,69.39442,0.0,8.106639
70.86,68.627594,0.0,8.106639
70.86,69.846664,0.0,8.106639
91.16,90.14444,0.0,8.571599
117.94,111.20975,145.0,168.62518
138.15,125.89751,1420.0,1053.2473
0.01,113.936676,3177.0,2801.5706
0.0,1.091943,4123.0,4344.1377
-1.0,-3.2514648,4166.0,4763.902
-1.86,-2.7451034,4280.0,4562.5776
-1.0,0.99307626,4418.0,4319.153
-1.0,1.2740777,4144.0,4329.5376
-0.62,5.469478,3842.0,3738.1267
0.0,18.912304,3708.0,3277.2764
79.1,26.37804,2646.0,2716.3257
115.79,106.216286,982.0,1210.7269
242.1,142.07889,50.0,138.66487
188.66,245.21259,0.0,7.670279
142.59,162.97162,0.0,-1.6824621
108.42,114.7993,0.0,-1.6824621
101.78,99.468666,0.0,-1.6824621
80.61,90.940155,0.0,-1.6824621
82.68,75.83187,0.0,-1.6824621
83.36,73.94769,0.0,-1.6824621
79.53,71.59538,0.0,8.106639
79.41,68.91961,0.0,8.106639
79.36,70.06116,0.0,8.106639
85.27,78.20647,0.0,8.571599
93.69,89.82546,137.0,168.62518
84.13,95.75756,1304.0,1169.8307
0.0,58.12575,2776.0,2813.561
-1.0,-8.827071,3461.0,3962.5205
-1.0,-8.827071,3714.0,4112.186
-1.29,-7.674358,3757.0,4120.6665
-8.35,-3.6351523,3561.0,3910.746
-9.74,-3.6492124,3452.0,3485.838
-4.32,-0.12580469,3280.0,3144.3337
0.16,14.400317,3235.0,2902.5037
31.11,19.40772,2566.0,2414.235
103.96,62.144173,972.0,1207.2668
157.07,151.18765,46.0,112.94969
163.96,169.32811,0.0,7.670279
121.04,136.49698,0.0,-1.6824621
94.2,101.820274,0.0,-1.6824621
77.92,87.53578,0.0,-1.6824621
50.29,73.72217,0.0,-1.6824621
45.92,58.547115,0.0,-1.6824621
24.74,51.697544,0.0,-1.6824621
10.15,24.861855,0.0,8.106639
10.15,20.89575,0.0,8.106639
8.53,23.943867,0.0,8.106639
25.0,20.351511,0.0,8.571599
4.41,35.96852,134.0,168.62518
5.23,13.481399,1248.0,1077.5422
0.0,-0.49664786,2407.0,2704.477
-1.0,-8.41304,2765.0,3549.8904
-2.0,-7.441748,2962.0,3558.738
-9.92,-6.7952127,3084.0,3511.9111
-14.66,-2.347014,3024.0,3369.3794
-14.79,-1.1023544,2894.0,3017.1418
-3.17,2.6513717,2714.0,2755.0417
-0.69,17.053482,2440.0,2419.1064
9.47,18.2628,2277.0,1868.2562
92.47,39.06367,954.0,1081.9667
106.13,118.603455,40.0,99.94175
119.55,132.35283,0.0,-0.054785766
115.64,108.88411,0.0,-1.6824621
100.24,97.97907,0.0,-1.6824621
99.17,83.88686,0.0,-1.6824621
86.44,81.174126,0.0,-1.6824621
79.47,77.19604,0.0,-1.6824621
75.89,69.3543,0.0,-1.6824621
72.88,67.01465,0.0,8.175328
71.77,66.01102,0.0,8.175328
71.95,67.33633,0.0,8.175328
86.17,78.42763,0.0,8.640287
116.03,106.07183,131.0,138.96323
127.38,129.30956,1423.0,1077.6108
25.85,110.54801,3331.0,2725.5098
0.0,23.23361,4408.0,4206.846
0.0,4.136173,4984.0,4889.592
0.0,5.4637995,5128.0,5088.2646
0.0,10.895825,5340.0,4988.5493
0.0,11.904013,5309.0,4966.912
5.0,14.078664,5131.0,4709.5933
30.66,36.024376,4302.0,4214.8003
89.59,57.93768,2820.0,3129.183
126.02,119.274345,932.0,1383.457
143.26,154.02649,34.0,97.85893
247.33,171.59203,0.0,0.013902806
145.93,205.97702,0.0,-1.6137735
114.07,124.70108,0.0,-1.6137735
108.44,109.050064,0.0,-1.6137735
93.41,108.809975,0.0,-1.6137735
82.03,87.192604,0.0,-1.6137735
81.23,79.203636,0.0,-1.6137735
80.28,77.72261,0.0,8.106639
80.13,77.51047,0.0,8.106639
83.59,79.21936,0.0,8.106639
100.25,93.06315,0.0,8.571599
124.06,119.20664,128.0,168.62518
167.82,127.764565,1450.0,1148.6072
95.45,126.39458,3403.0,2883.049
40.0,76.4828,4807.0,4463.7554
10.22,33.3159,5531.0,5431.875
10.0,15.041287,5689.0,5625.6104
10.1,13.594445,5808.0,5701.917
11.95,19.887306,5628.0,5549.219
42.0,24.04656,5080.0,5092.05
92.48,56.240818,4303.0,4385.3237
112.8,100.80457,2729.0,3188.3496
162.06,133.64429,877.0,1313.8228
188.29,182.97107,26.0,74.82458
363.6,233.39967,0.0,0.23598155
202.1,259.7783,0.0,-1.6824621
131.36,155.79105,0.0,-1.6824621
121.03,114.42326,0.0,-1.6824621
98.88,107.23069,0.0,-1.6824621
86.55,87.598946,0.0,-1.6824621
79.67,81.76125,0.0,-1.6824621
79.3,77.179886,0.0,8.106639
79.53,77.500656,0.0,8.106639
89.73,78.671936,0.0,8.106639
133.86,102.23096,0.0,8.571599
149.99,143.25395,121.0,168.62518
134.91,152.28209,1407.0,1169.8307
100.98,114.965164,3320.0,2760.836
70.24,83.75156,4733.0,4371.8022
15.99,58.043728,5574.0,5349.3423
15.06,18.129482,5804.0,5637.655
12.78,22.729063,5984.0,5697.4243
15.09,20.609695,5768.0,5561.0107
44.78,28.304605,5169.0,5286.66
95.38,67.46458,4232.0,4482.536
107.54,103.80551,2635.0,3039.261
168.83,126.27056,809.0,1206.9054
206.93,189.15414,18.0,56.147434
266.0,261.11856,0.0,-0.12157831
156.59,230.7822,0.0,-2.6510787
112.99,126.89428,0.0,-2.2935188
93.45,103.47114,0.0,-1.6824621
86.59,89.77099,0.0,-1.6824621
72.46,83.198204,0.0,-1.6824621
79.17,72.05157,0.0,-1.6824621
79.45,75.75271,0.0,5.5595303
79.56,75.75271,0.0,5.5595303
79.58,78.25638,0.0,-2.569019
80.0,95.92523,0.0,7.4405575
108.89,107.25026,131.0,88.24506
128.9,118.08306,1175.0,1116.0574
124.72,108.21063,2730.0,2555.322
48.78,94.42594,4049.0,3803.7075
16.0,44.96653,5051.0,4635.3535
41.95,17.559313,5382.0,5095.707
40.0,37.81677,5473.0,5428.3306
42.4,38.381992,4998.0,5348.244
55.93,43.565258,4169.0,4447.035
92.48,73.71904,3269.0,3483.264
104.08,100.03476,1832.0,2387.9817
121.83,127.79767,527.0,842.9254
128.17,160.64113,15.0,33.685966
141.97,181.88579,0.0,-1.0079175
123.54,133.82823,0.0,-1.3916954
110.01,102.02149,0.0,-1.3916954
100.37,93.9795,0.0,-1.3916954
81.09,87.69347,0.0,-1.3916954
78.48,72.40307,0.0,-1.6824621
75.2,71.66168,0.0,-10.401924
73.18,70.96087,0.0,-2.569019
73.26,69.40892,0.0,6.9755993
75.4,70.71311,0.0,-0.32565203
82.71,81.27741,0.0,9.450917
113.01,97.152054,41.0,120.344505
106.73,127.91655,512.0,917.4292
88.0,96.89765,1296.0,1809.8114
86.12,69.81008,2096.0,2250.8435
94.81,67.38198,2694.0,2987.2107
98.71,73.05596,2972.0,3313.1565
94.5,80.198906,2984.0,3196.3005
30.0,77.11685,2839.0,2958.618
46.6,33.82742,2526.0,2646.4404
57.81,68.20438,1927.0,2190.631
102.19,76.53454,1118.0,1388.4569
112.37,114.19668,356.0,641.49896
123.6,140.84373,9.0,20.481236
132.44,142.93607,0.0,-1.3916954
119.61,121.30069,0.0,-1.3916954
106.21,99.77662,0.0,-1.6824621
96.9,93.00762,0.0,-1.3916954
89.9,82.188354,0.0,-1.3916954
84.88,80.0137,0.0,-1.3916954
84.62,75.31158,0.0,-1.3916954
84.45,71.4353,0.0,5.8803854
84.49,71.51889,0.0,8.985959
87.8,71.71252,0.0,-0.32565203
91.77,81.29875,0.0,9.450917
88.72,95.346085,49.0,71.41906
102.4,92.66537,546.0,688.47406
83.61,83.68947,1366.0,1380.2385
79.34,64.71708,2219.0,2341.9282
45.0,63.27757,2878.0,2951.4705
80.19,41.31523,2895.0,3133.4146
64.16,71.40428,3018.0,2895.3015
37.61,51.975964,2796.0,2724.7888
51.02,36.648785,2614.0,2311.7268
82.49,63.397503,2119.0,1967.9595
98.32,90.862595,1208.0,1380.2655
111.2,107.2053,377.0,462.27124
132.09,128.00433,10.0,22.232138
147.5,143.93973,0.0,-6.131349
125.8,123.4103,0.0,-10.401924
112.87,100.55845,0.0,-10.401924
106.42,95.61439,0.0,-10.401924
100.52,89.47729,0.0,-10.401924
100.09,86.396736,0.0,-10.401924
97.9,86.30123,0.0,-10.401924
92.79,86.62988,0.0,-2.569019
91.94,82.99506,0.0,-2.569019
92.98,86.00602,0.0,-2.569019
93.56,89.3836,0.0,-2.1040611
95.91,90.28146,32.0,41.98299
101.13,96.90869,330.0,615.61664
94.76,85.37408,876.0,867.73285
91.61,76.6375,1286.0,1451.2523
85.47,71.50202,1540.0,1888.1434
50.0,68.12483,1712.0,1840.3214
17.6,46.96724,1560.0,1825.1405
50.0,20.225855,1252.0,1531.1119
98.0,51.669838,1059.0,1163.2913
85.93,98.52428,752.0,898.4143
126.09,98.35109,388.0,656.1438
162.02,130.3566,106.0,316.42398
154.54,160.45737,0.0,-5.707095
194.22,151.17798,0.0,-10.401924
167.12,159.03345,0.0,-10.401924
147.14,129.52725,0.0,-10.401924
136.07,122.22091,0.0,-10.401924
99.2,116.02733,0.0,-10.401924
94.09,93.64058,0.0,-10.401924
92.09,88.534996,0.0,-10.401924
91.31,88.905975,0.0,-2.5003302
91.65,86.610085,0.0,-2.5003302
91.62,90.35125,0.0,-2.5003302
101.87,100.556625,0.0,-2.0353723
173.38,117.00587,31.0,42.05168
275.65,167.66008,415.0,512.6241
168.4,238.02351,1330.0,1130.7961
116.8,142.55841,2416.0,2063.3174
92.06,104.65676,3381.0,2882.9988
87.66,83.374855,4034.0,3573.0315
81.39,82.82933,3851.0,3803.6204
80.03,80.12118,3736.0,3531.7988
79.86,90.51,3418.0,3345.4634
91.02,93.173256,2768.0,2779.8804
107.41,112.69504,1860.0,1456.6636
172.3,134.75116,479.0,612.9958
348.5,179.48776,7.0,32.125263
425.83,330.7521,0.0,-3.3333669
174.28,291.12708,0.0,-3.3333669
135.64,137.4566,0.0,-3.3333669
118.18,117.10762,0.0,-3.3333669
106.84,105.124016,0.0,-1.3230066
100.55,96.13454,0.0,-1.3230066
95.59,93.23818,0.0,-1.3230066
96.83,93.00294,0.0,8.985959
98.28,93.72585,0.0,8.985959
98.28,96.557,0.0,8.985959
111.39,108.068405,0.0,9.450917
165.38,133.76732,60.0,65.00279
265.96,201.75154,929.0,689.92957
209.23,213.73984,2424.0,1962.1125
92.03,157.5495,3921.0,3344.6553
84.64,80.02247,4071.0,4508.7197
71.01,70.43308,4540.0,4408.419
54.21,66.12054,4738.0,4432.434
76.05,54.35955,4660.0,4513.991
90.0,71.157646,4157.0,4123.529
98.31,97.48009,3381.0,3408.9438
146.8,108.44279,2026.0,2241.117
212.52,165.2437,503.0,785.35516
355.79,260.72803,7.0,31.24893
367.91,404.64203,0.0,-1.3916954
194.54,293.53192,0.0,-1.3916954
142.88,150.89467,0.0,-1.3916954
126.3,119.919174,0.0,-1.3916954
108.33,109.7638,0.0,-1.3916954
97.26,101.61225,0.0,-1.3916954
89.0,91.46156,0.0,-1.3916954
91.26,89.57371,0.0,8.985959
92.72,89.18601,0.0,8.695189
90.89,94.29038,0.0,8.985959
100.1,105.912224,0.0,9.800183
127.5,129.55757,37.0,76.96899
174.97,176.23857,576.0,954.58295
137.04,176.08647,1576.0,1559.2698
104.66,111.95935,2513.0,2739.5713
87.2,86.23382,3381.0,3183.1445
85.34,71.26397,4046.0,3667.1436
85.0,72.71523,4020.0,4187.1265
84.83,72.84786,3851.0,3946.1587
94.02,80.82332,3165.0,3509.5059
103.0,101.41265,2090.0,2765.529
114.07,119.846466,1081.0,1471.4572
153.6,157.64017,201.0,544.2965
252.29,214.58682,0.0,2.5862408
321.54,296.05435,0.0,-1.3916954
155.5,262.70792,0.0,-3.4020557
117.32,126.59594,0.0,-5.285326
99.53,106.95859,0.0,-4.964472
91.48,92.9542,0.0,-10.401924
92.43,88.27021,0.0,-10.401924
89.52,85.184685,0.0,-10.401924
89.03,88.01805,0.0,-2.569019
93.08,87.792435,0.0,-2.569019
94.62,92.35786,0.0,-2.569019
98.2,101.685974,0.0,-2.1040611
131.14,115.7259,7.0,41.98299
185.46,152.96957,107.0,550.58844
155.42,159.92911,262.0,787.055
136.89,127.34136,469.0,966.2006
134.04,108.8846,749.0,993.804
108.35,108.43985,876.0,984.5809
99.86,94.31021,873.0,852.8185
96.0,87.18771,791.0,737.8828
94.2,93.42223,836.0,823.441
102.46,103.873375,692.0,725.53937
144.92,113.20277,348.0,542.88495
140.91,155.71909,87.0,168.72101
176.35,188.62506,0.0,-5.707095
185.75,226.02164,0.0,-10.401924
133.83,159.93086,0.0,-10.401924
110.28,111.01842,0.0,-10.401924
104.24,99.28424,0.0,-4.964472
91.38,94.25515,0.0,-1.3916954
80.58,85.60708,0.0,-1.3916954
73.9,78.34006,0.0,-1.3916954
75.1,73.20879,0.0,-2.569019
76.82,76.05039,0.0,-2.219753
79.89,81.83022,0.0,9.574748
94.65,90.806656,0.0,10.622027
128.58,111.9467,31.0,15.867826
146.0,154.01588,774.0,270.02222
103.2,140.66815,2360.0,1204.3007
61.44,106.712265,3515.0,2723.5076
53.55,71.204636,3811.0,3856.669
50.05,62.93358,3770.0,3957.6934
21.78,63.12682,3857.0,3753.4714
32.99,33.55151,3730.0,3517.2979
40.0,44.467255,3370.0,3249.8792
45.81,66.082924,2740.0,2448.2397
95.77,83.337326,1574.0,1350.6295
127.64,118.048874,368.0,367.24426
133.17,152.54158,0.0,28.951693
130.78,147.09312,0.0,-3.2348962
134.72,125.48012,0.0,0.6587352
119.93,113.60914,0.0,-3.2348962
123.52,105.01236,0.0,-3.2348962
103.74,106.064026,0.0,-3.2348962
102.13,92.407814,0.0,-1.351623
90.32,89.437225,0.0,0.6587352
85.67,81.72363,0.0,11.036387
82.23,79.761185,0.0,11.036387
87.65,80.06044,0.0,11.036387
99.72,92.4837,0.0,11.501346
111.04,108.81932,53.0,45.34701
144.97,118.89515,1019.0,660.25323
108.73,113.65783,2912.0,2152.3276
33.94,82.609795,4131.0,3776.7798
0.0,21.062979,4395.0,4675.6416
0.96,-4.8574114,4465.0,4560.6074
0.29,-1.0070022,4492.0,4372.848
1.76,-1.9198867,4296.0,4182.3457
24.69,4.6906004,3654.0,3610.0442
62.77,36.355732,2768.0,2815.663
93.74,80.29138,1577.0,1638.8301
156.23,110.73649,378.0,475.03143
225.27,157.39685,0.0,30.52549
208.57,205.185,0.0,-1.0424296
185.03,169.72128,0.0,-0.079528004
147.33,143.50768,0.0,0.6587352
118.38,123.43602,0.0,0.36796823
106.9,108.64032,0.0,0.36796823
56.0,100.76973,0.0,0.36796823
42.87,66.9713,0.0,0.36796823
68.48,47.385017,0.0,10.157069
63.52,69.16481,0.0,10.157069
79.11,69.31883,0.0,10.157069
83.13,84.95467,0.0,10.622027
82.53,91.13447,66.0,40.214676
74.15,95.61256,1331.0,806.6391
21.8,67.39979,3141.0,2638.0955
-1.5,16.739996,3649.0,4059.7954
-2.25,-4.226199,3876.0,4207.355
-2.59,-5.3127813,3958.0,4182.3354
-2.91,-0.9932324,3909.0,4000.7952
-3.01,-2.0860727,3589.0,3743.6343
-3.26,5.5176835,3178.0,3237.1687
-0.5,17.391201,2666.0,2538.4607
49.61,31.18837,1970.0,1585.3777
128.84,97.50519,460.0,515.2639
152.61,177.02051,0.0,30.52549
151.31,179.4435,0.0,-1.6824621
140.71,152.95001,0.0,-1.6824621
122.82,130.31723,0.0,-1.6824621
113.61,110.48169,0.0,-1.6824621
85.7,105.51121,0.0,-1.3916954
92.46,81.907875,0.0,-1.3916954
77.43,83.16055,0.0,-1.3916954
60.32,73.519485,0.0,9.054647
68.12,62.72264,0.0,7.044288
83.22,70.50373,0.0,7.044288
117.04,92.03859,0.0,0.20799485
174.19,136.33473,17.0,26.214497
237.21,181.03984,285.0,694.66284
200.39,212.27628,702.0,1285.6222
136.95,156.49402,1228.0,1458.4875
105.92,113.25737,1869.0,1846.9578
96.0,91.53579,2213.0,2164.835
88.96,88.986,2229.0,2340.5435
81.52,82.32062,2121.0,2085.3613
79.86,79.40848,1851.0,1830.9094
79.08,88.03724,1532.0,1469.8535
130.65,91.5707,754.0,1113.1875
194.69,156.24347,158.0,333.44028
240.0,227.52098,4.0,-5.6384063
239.07,276.68256,0.0,-10.333236
174.7,207.11012,0.0,-5.216637
118.98,140.41989,0.0,-5.216637
120.17,106.93772,0.0,-5.216637
106.44,104.20433,0.0,-7.3891225
96.6,98.19987,0.0,-5.216637
93.74,87.907036,0.0,-3.8005733
87.22,86.87313,0.0,6.9755993
85.51,83.5911,0.0,7.3248663
86.04,85.47449,0.0,9.335225
93.51,100.78381,0.0,11.053849
128.14,124.4809,21.0,18.088728
109.66,179.83131,515.0,450.2786
94.51,139.0548,1596.0,1287.541
33.81,95.39478,2715.0,2238.2085
51.5,39.462532,3222.0,3144.427
5.8,55.68393,3142.0,3340.3606
14.5,17.968151,2826.0,3090.1143
33.8,25.696274,2358.0,2529.2058
58.01,42.73303,1702.0,1967.6233
64.0,77.32937,1170.0,1260.9381
96.64,99.00897,692.0,808.37317
140.37,137.29813,180.0,190.56685
203.0,194.1542,0.0,-3.6566644
194.23,237.35132,0.0,-8.351496
146.4,179.11632,0.0,0.6587352
123.24,117.55979,0.0,0.6587352
107.42,107.30234,0.0,0.6587352
97.48,96.68358,0.0,0.6587352
92.98,90.502716,0.0,0.6587352
88.44,85.41133,0.0,0.6587352
87.56,87.36386,0.0,11.036387
87.48,85.15077,0.0,11.036387
91.01,87.03289,0.0,11.036387
99.32,99.283676,0.0,11.501346
116.56,118.40099,27.0,26.007462
162.88,134.2023,593.0,526.82684
165.28,135.59499,1507.0,1631.8114
116.63,122.78423,2532.0,2460.1887
90.11,93.11813,3537.0,3198.2275
88.4,73.953224,3290.0,3667.6272
88.36,78.08802,3119.0,3272.4229
87.84,79.1089,2534.0,2858.9097
89.03,83.71358,2086.0,2023.1029
98.87,96.50715,1605.0,1478.3749
127.46,112.37295,1049.0,743.4791
156.41,152.03847,251.0,236.0009
196.14,188.56557,0.0,15.436142
198.12,215.27563,0.0,-8.351496
152.17,163.52008,0.0,0.6587352
123.94,120.5797,0.0,0.6587352
109.85,103.252304,0.0,0.6587352
99.31,98.65007,0.0,0.36796823
97.59,90.14286,0.0,0.36796823
93.47,86.70284,0.0,0.36796823
94.25,87.49521,0.0,10.157069
92.83,89.162865,0.0,10.157069
95.5,92.04014,0.0,10.157069
107.41,102.11272,0.0,10.622027
133.51,116.382935,37.0,27.64437
167.99,154.72578,1052.0,450.8394
118.72,151.61575,2967.0,1761.2179
73.22,106.74534,4597.0,3610.7307
46.31,70.92061,5107.0,4998.8184
0.01,47.10145,5166.0,5074.8726
0.0,12.370012,5175.0,5034.649
0.0,11.630552,5008.0,4790.4614
11.84,16.883366,4510.0,4363.3945
41.38,49.823174,3773.0,3565.5073
126.1,81.9731,2189.0,2290.3086
169.75,147.65094,410.0,716.9904
183.54,189.61362,0.0,30.52549
191.2,189.28336,0.0,-1.3916954
170.86,161.31296,0.0,-1.3916954
166.47,126.244644,0.0,-1.6824621
152.41,126.96696,0.0,-1.3331962
119.84,123.99165,0.0,-1.3331962
91.15,102.732315,0.0,-1.3331962
87.64,83.9987,0.0,-1.3331962
82.63,86.697945,0.0,9.044457
82.98,81.49818,0.0,9.044457
87.87,84.58597,0.0,9.044457
134.11,98.794716,0.0,10.039706
188.74,141.84695,38.0,37.69939
200.64,182.89062,1042.0,704.4059
130.23,156.91113,2954.0,2339.3528
78.56,101.96299,4431.0,4232.422
63.73,62.571327,4996.0,5187.25
33.5,53.720703,5013.0,5299.5103
30.79,30.526007,5024.0,5021.8115
49.8,30.974636,4995.0,4807.8784
79.0,53.73739,4392.0,4321.0366
93.83,80.03249,3379.0,3503.0203
142.42,106.74007,1821.0,2190.9612
195.15,158.16678,280.0,579.361
243.32,198.67082,0.0,19.085915
242.23,218.26357,0.0,-1.3916954
197.04,197.40143,0.0,-5.285326
160.32,154.62437,0.0,-6.131349
136.02,133.72798,0.0,-1.6824621
108.12,113.41233,0.0,-1.3916954
97.12,96.05475,0.0,-1.3916954
89.45,87.215,0.0,-1.3916954
88.32,80.942055,0.0,8.106639
85.29,80.75727,0.0,8.106639
83.7,79.3402,0.0,8.106639
85.5,90.478195,0.0,8.571599
90.26,99.34329,29.0,34.583603
96.75,108.77386,932.0,933.4341
68.68,90.28141,2772.0,2345.7979
-0.27,54.25947,3785.0,4090.1787
-0.03,-4.9404225,4278.0,4615.0176
-0.16,-4.234655,4416.0,4681.341
-0.1,0.25439247,4394.0,4652.6597
-0.05,-0.30971548,4066.0,4387.077
0.0,6.4910607,3539.0,3661.153
20.28,24.06021,2835.0,2773.556
90.46,61.010788,1618.0,1726.9595
119.51,128.33589,283.0,451.63702
145.98,166.46333,0.0,15.909172
135.38,170.74756,0.0,-1.3916954
122.65,140.77184,0.0,-1.3916954
114.43,115.32924,0.0,-3.4020557
108.39,104.86784,0.0,-3.4020557
95.24,99.557014,0.0,-1.3916954
82.59,84.305405,0.0,-1.3916954
90.18,75.343864,0.0,-1.3916954
89.08,80.50746,0.0,9.335225
87.76,80.30206,0.0,10.298123
88.76,79.14641,0.0,10.298123
89.71,84.123764,0.0,11.501346
89.6,87.03847,29.0,41.03561
89.79,86.73315,881.0,927.4493
21.43,66.87748,2421.0,2187.9658
-1.62,14.065577,3291.0,3634.504
-0.5,-3.9554424,3966.0,4081.5942
-0.1,-2.7400773,4087.0,4258.8975
-0.1,1.3641241,4105.0,4202.419
-0.05,-0.42691892,3960.0,3941.3691
0.0,5.033319,3720.0,3471.0293
41.76,18.3624,3106.0,2909.6829
97.24,60.241463,1835.0,2026.0227
139.28,117.134895,291.0,564.6868
172.22,160.70534,0.0,19.085915
179.05,156.7455,0.0,-1.3916954
169.74,148.10234,0.0,-1.6824621
127.43,126.03304,0.0,-1.3331962
109.98,108.939865,0.0,-1.3331962
94.63,99.19457,0.0,-1.0936723
96.42,84.80367,0.0,-0.079528004
92.83,87.07047,0.0,0.21123937
93.71,85.8523,0.0,7.552008
94.78,87.15926,0.0,-0.44989964
100.05,90.3194,0.0,-0.44989964
107.46,108.94143,0.0,0.015058659
186.59,128.19226,32.0,13.624416
263.06,193.06529,811.0,630.9195
193.74,235.43752,2295.0,1493.0345
91.99,157.38445,3602.0,3018.2837
80.57,84.42607,4249.0,4081.202
34.5,75.82285,4351.0,4351.0444
65.0,37.95761,4442.0,4212.521
81.21,64.71073,4084.0,4094.1772
90.2,79.40848,3534.0,3471.23
101.82,94.38095,2607.0,2607.7927
205.24,117.79725,1201.0,1554.1475
265.06,219.35042,173.0,264.80136
373.57,271.54645,0.0,-5.6384063
379.99,342.19342,0.0,-10.333236
318.01,286.9903,0.0,-8.089868
225.27,230.0779,0.0,-8.089868
138.71,175.13985,0.0,-4.895783
120.69,118.801636,0.0,-8.089868
110.52,107.20309,0.0,-5.216637
104.86,100.38551,0.0,-2.9840999
101.27,98.96767,0.0,9.335225
101.72,98.63391,0.0,9.335225
103.49,100.56842,0.0,9.574748
114.65,110.99684,0.0,10.039706
206.56,136.6704,14.0,37.18243
286.86,216.70093,542.0,623.3484
105.92,230.84021,1933.0,1799.1638
42.97,89.4131,3213.0,2969.2202
38.7,35.65242,4031.0,3913.432
0.0,32.61888,4423.0,4252.4326
0.0,4.5593877,4585.0,4410.903
17.87,7.215942,4417.0,4344.837
55.01,31.556358,4026.0,3802.2896
61.78,74.70244,3080.0,3083.6877
177.89,108.00849,1601.0,1727.992
300.0,214.16974,230.0,390.3115
462.7,335.0397,0.0,13.833196
478.91,428.12982,0.0,-1.3916954
290.28,375.13757,0.0,-1.3916954
242.62,240.99477,0.0,-1.3916954
152.77,186.75777,0.0,-1.0424296
128.03,123.4691,0.0,-1.0424296
121.37,112.117935,0.0,-1.0424296
116.26,106.163216,0.0,-1.0424296
111.11,110.20968,0.0,9.574748
107.7,106.09127,0.0,9.709573
111.16,106.37131,0.0,9.709573
134.13,119.139595,0.0,10.622027
200.41,161.22812,9.0,13.0798235
325.6,223.24203,470.0,518.2302
217.31,254.42578,1728.0,1610.4253
98.05,170.70268,3073.0,2865.2595
80.82,79.14681,4122.0,3824.7114
37.32,67.68147,4194.0,4347.576
37.76,38.768276,4327.0,4180.5435
55.66,38.610176,4133.0,4088.8306
79.35,57.45671,3321.0,3548.3672
92.61,84.78833,2399.0,2580.9417
195.15,118.232605,1107.0,1391.8247
271.91,234.916,138.0,268.82382
346.09,344.7155,0.0,2.5862408
311.42,367.46112,0.0,-3.4020557
274.67,273.01312,0.0,-1.3916954
234.1,234.49657,0.0,-1.3916954
129.09,179.94083,0.0,-10.401924
108.05,117.22235,0.0,-10.401924
109.01,99.48922,0.0,-10.052656
103.54,101.81284,0.0,-10.052656
95.83,102.15667,0.0,-2.219753
96.42,96.2693,0.0,-2.219753
98.54,99.08604,0.0,-2.219753
113.82,111.97745,0.0,-1.7547945
166.97,137.40292,8.0,-0.79400253
286.16,216.07095,342.0,441.80792
155.02,244.01608,1016.0,1019.1833
116.12,123.597374,1694.0,1879.5626
89.39,94.5423,1992.0,2369.3623
87.36,72.20451,2148.0,2295.2563
87.38,75.07391,2245.0,2165.984
88.53,75.15695,2079.0,2125.2974
86.95,82.84909,1672.0,1834.6351
98.31,94.33759,1095.0,1305.0518
142.97,125.98695,428.0,788.4662
203.9,189.40915,51.0,120.666794
196.51,248.55554,0.0,-5.707095
182.9,221.3531,0.0,-10.401924
178.82,192.20293,0.0,-10.401924
135.77,174.22357,0.0,-4.964472
125.39,123.517204,0.0,-4.6152062
105.66,109.970345,0.0,-4.93606
99.6,97.61057,0.0,-4.696537
92.86,90.634636,0.0,-8.79899
92.38,92.27683,0.0,-1.980229
91.98,92.27683,0.0,-1.980229
93.89,94.041885,0.0,2.7416008
105.78,107.93668,0.0,3.206559
137.37,135.0635,4.0,9.065412
148.23,189.30363,148.0,379.89474
157.18,144.5632,563.0,838.365
129.02,130.02531,1103.0,1291.1554
119.18,108.19901,1343.0,1597.86
100.58,99.32376,1445.0,1652.919
91.92,91.900314,1408.0,1448.9431
92.68,85.70424,1010.0,1366.8009
99.5,90.168076,848.0,856.6964
130.0,110.23463,501.0,711.6199
162.36,151.50687,231.0,452.39008
165.8,191.9047,29.0,55.624866
194.32,197.10826,0.0,-12.821099
176.76,203.147,0.0,-8.158556
162.23,177.79434,0.0,-4.964472
150.01,139.29944,0.0,-4.964472
136.7,129.5618,0.0,-4.964472
108.3,117.52233,0.0,-8.158556
108.08,102.943474,0.0,-5.285326
100.28,97.73075,0.0,-4.964472
95.78,97.23184,0.0,5.8803854
92.28,93.49584,0.0,5.5595303
91.66,90.79069,0.0,5.5595303
102.86,94.65315,0.0,6.0244884
146.29,110.15784,4.0,1.1000978
170.04,146.4118,225.0,268.00955
142.54,157.69029,900.0,778.24457
108.08,127.59467,1587.0,1574.6705
88.7,91.635635,2132.0,1963.3674
82.76,78.14594,2545.0,2310.1074
73.74,74.669174,2959.0,2510.4993
47.56,72.350784,3144.0,2857.0454
72.42,62.057438,2513.0,2744.9045
85.36,96.68417,1824.0,1752.0057
139.18,111.82805,983.0,846.28754
164.19,153.07002,118.0,146.76053
185.85,182.38506,0.0,2.5862408
185.66,178.73576,0.0,-1.6824621
164.74,159.08128,0.0,-1.3916954
123.97,130.1048,0.0,-4.964472
108.45,111.28049,0.0,-5.285326
95.0,101.4529,0.0,-7.4578114
92.96,90.116905,0.0,-4.964472
90.18,88.92194,0.0,-10.401924
87.66,87.33014,0.0,-2.569019
87.71,85.64692,0.0,-2.569019
88.96,86.231606,0.0,-2.569019
90.55,92.094955,0.0,-2.1040611
98.6,103.3869,0.0,3.5785604
105.82,114.616234,285.0,316.51178
97.93,108.646675,1196.0,909.02594
85.46,86.20746,2250.0,1819.9734
74.72,70.91428,2921.0,2636.3162
73.92,61.01088,3343.0,3005.6316
38.24,61.182827,3448.0,3226.6743
47.11,34.903755,3229.0,3082.4094
58.0,51.229855,2802.0,2616.687
72.74,74.3549,2145.0,1935.3887
111.84,102.57642,920.0,1244.849
148.57,138.76686,92.0,164.14726
180.74,175.67166,0.0,-3.4637237
200.38,185.46913,0.0,-7.4578114
182.34,173.39745,0.0,-6.131349
138.2,145.55904,0.0,-7.4578114
129.4,114.89379,0.0,-4.964472
101.44,112.684395,0.0,-4.964472
89.16,93.72661,0.0,-5.285326
81.67,84.820015,0.0,-4.964472
80.01,80.41276,0.0,5.9490743
79.98,80.191795,0.0,-2.5003302
87.7,83.42937,0.0,-2.5003302
123.97,97.86116,0.0,-2.0353723
230.37,137.84668,0.0,-1.0745803
293.01,229.80016,256.0,335.03693
146.05,266.27585,961.0,852.01306
110.29,123.42234,1601.0,1644.7896
86.18,93.69155,2250.0,2116.5579
80.66,76.22009,2792.0,2544.552
78.32,75.572754,2777.0,2807.1196
83.52,74.11981,2390.0,2539.9963
87.63,80.2514,1773.0,1956.4286
107.51,97.684235,1130.0,1297.2657
186.79,136.07124,527.0,658.76385
276.21,218.04698,56.0,87.615036
360.7,311.17975,0.0,-3.3950348
336.09,361.34442,0.0,-10.333236
287.64,302.33524,0.0,-8.089868
221.11,236.65018,0.0,-10.333236
157.93,177.1473,0.0,-8.089868
127.53,130.69704,0.0,-4.895783
119.02,111.09748,0.0,-5.216637
91.15,103.080574,0.0,-3.3333669
88.07,87.443,0.0,6.9755993
86.27,87.02206,0.0,6.9755993
90.57,88.55477,0.0,5.5595303
129.3,106.640236,0.0,6.3453436
241.9,175.72441,0.0,4.8127813
305.66,267.48242,234.0,275.90533
228.65,255.73796,837.0,867.20667
154.64,181.33267,1650.0,1460.9861
128.57,120.58119,2321.0,2075.3503
113.26,104.203476,2905.0,2526.438
103.45,97.061485,3018.0,3053.605
93.6,90.89102,2794.0,2869.2507
103.1,89.60396,2321.0,2227.416
133.89,110.564354,1653.0,1624.0286
195.92,161.70471,777.0,854.1321
227.01,237.11607,81.0,106.2771
246.53,296.49765,0.0,0.825575
214.96,292.0928,0.0,-1.3916954
171.97,227.28613,0.0,-1.3916954
147.4,168.48276,0.0,-1.3916954
127.76,136.63387,0.0,-1.3916954
99.53,120.34646,0.0,-1.3916954
96.36,98.644424,0.0,-8.158556
96.02,93.236115,0.0,-5.285326
96.86,94.151146,0.0,6.9755993
95.82,94.8405,0.0,8.985959
95.44,96.78365,0.0,6.9755993
108.27,113.54549,0.0,9.800183
172.06,157.26329,7.0,9.800183
181.92,222.01213,335.0,312.20856
144.29,200.52158,919.0,1187.1503
127.12,128.6618,1303.0,1610.0791
108.63,115.406746,1578.0,1815.6947
95.66,97.394325,1885.0,1769.7051
92.71,88.78608,2326.0,2034.6907
92.08,85.43497,2487.0,2163.5994
98.91,92.855034,2120.0,1986.1326
119.77,112.40337,1480.0,1458.7156
157.28,156.21445,741.0,723.548
200.66,203.71191,70.0,62.871563
283.49,243.944,0.0,-5.707095
269.9,281.58514,0.0,-10.401924
184.58,242.68408,0.0,-10.401924
140.84,170.61827,0.0,-10.401924
129.61,124.39431,0.0,-10.401924
115.09,115.32374,0.0,-10.401924
108.56,105.02276,0.0,-10.401924
107.39,103.01134,0.0,-10.401924
100.6,102.739815,0.0,-2.569019
93.7,100.325066,0.0,-2.569019
92.34,97.208885,0.0,-2.569019
119.61,104.70263,0.0,-2.1040611
137.51,143.92369,0.0,-2.1040611
145.48,175.0287,423.0,284.12662
136.62,143.32368,1563.0,1222.323
119.35,122.92776,2823.0,2150.0525
89.95,102.79547,3641.0,3085.0193
66.77,83.37172,4140.0,3627.9746
49.52,67.39449,4119.0,3934.737
55.0,57.95664,4181.0,3818.7231
73.88,66.499084,3515.0,3573.234
105.12,94.50679,2383.0,2491.968
139.14,130.74365,1036.0,1186.1838
136.59,177.83824,65.0,115.383
146.17,191.26033,0.0,2.5862408
137.51,179.82794,0.0,-1.3916954
139.7,143.08302,0.0,-10.401924
141.72,124.837746,0.0,-10.401924
100.26,124.05232,0.0,-10.401924
80.93,97.90252,0.0,-8.158556
62.95,86.84168,0.0,-10.401924
50.62,73.283104,0.0,-10.401924
42.17,66.14088,0.0,6.9755993
47.6,51.35436,0.0,5.5595303
55.44,65.30369,0.0,5.5595303
73.75,78.96908,0.0,0.13930619
108.81,102.352104,5.0,9.450917
130.29,135.33119,437.0,244.54579
93.89,130.57018,1339.0,1029.4988
37.82,89.29716,2140.0,2138.524
0.0,43.46882,2867.0,2514.326
0.0,4.03104,3337.0,3132.459
-0.02,7.0484385,3675.0,3394.431
-0.1,7.097636,3655.0,3397.248
-0.02,10.357268,3356.0,3069.6133
0.0,33.04357,2624.0,2499.7065
81.8,41.349453,1395.0,1306.7805
120.7,116.54869,114.0,207.44545
137.64,156.44717,0.0,-5.707095
145.22,144.48296,0.0,-1.6824621
121.34,137.89133,0.0,-1.6824621
108.4,119.29003,0.0,-1.6824621
107.91,102.969,0.0,-1.6824621
88.41,95.41469,0.0,-1.6824621
81.91,82.89524,0.0,-1.6824621
76.6,79.2648,0.0,-1.6824621
74.7,72.78445,0.0,8.106639
79.26,70.7206,0.0,8.985959
83.24,73.81791,0.0,-2.569019
94.84,79.85902,0.0,-2.1040611
117.86,102.56514,5.0,6.3453436
125.06,132.27826,642.0,302.84418
100.75,111.80231,2572.0,1445.9208
59.6,82.479645,4193.0,3240.3752
46.82,47.94085,4259.0,4521.6343
11.8,43.854923,4491.0,4427.7974
0.13,14.622423,4712.0,4417.8813
0.35,0.3904442,4550.0,4451.963
31.34,5.4159083,4146.0,3963.684
73.29,50.279915,3110.0,3246.3748
108.42,94.75362,1311.0,1922.0325
152.56,134.547,80.0,239.62495
216.2,168.1975,0.0,-5.707095
195.34,201.00224,0.0,-10.401924
157.21,161.84938,0.0,-10.401924
150.39,125.44322,0.0,-10.401924
117.86,122.13085,0.0,-1.3916954
103.52,101.95323,0.0,-1.3916954
90.58,91.68946,0.0,-1.3916954
71.74,79.344986,0.0,-1.3916954
62.02,67.639755,0.0,6.9755993
60.91,62.526432,0.0,8.985959
56.05,63.189487,0.0,8.106639
61.46,67.59737,443.0,8.571599
63.39,73.82018,1545.0,222.93901
63.69,77.96105,2436.0,1538.2526
52.77,60.295174,2956.0,3317.0269
0.0,42.43208,3224.0,3928.2446
0.0,-5.667159,3043.0,3849.4458
0.01,-5.2849402,2774.0,3462.7488
2.01,0.037315343,2317.0,2923.3203
8.9,3.7475,1742.0,2152.7952
14.84,12.089852,834.0,1488.9409
73.31,34.057007,73.0,843.79724
114.3,90.969604,0.0,401.38293
140.01,137.65126,0.0,35.172756
146.62,178.33926,0.0,-6.766502
136.91,166.70032,0.0,-1.3916954
121.93,135.98557,0.0,-1.6824621
115.25,119.61323,0.0,-1.6824621
95.91,106.65859,0.0,-1.6824621
66.98,94.30079,0.0,-3.4020557
36.41,71.1397,0.0,-3.4020557
62.38,47.558353,0.0,-10.401924
34.47,60.521946,0.0,-2.5003302
32.57,34.898876,0.0,7.044288
37.21,37.8182,0.0,9.054647
50.71,63.59268,0.0,244.84296
91.0,86.526924,0.0,751.4294
110.52,111.33425,259.0,1024.3817
89.84,111.57654,907.0,1219.1803
78.18,81.323006,1506.0,2011.7646
52.48,68.17356,2200.0,2271.4585
65.53,51.52232,2439.0,2495.8477
27.0,62.41798,2334.0,2509.8203
19.5,30.689318,2713.0,2118.0605
37.8,34.405746,3072.0,2017.8186
83.38,64.92173,2671.0,1510.3457
124.89,115.232254,1335.0,986.2247
204.78,167.70778,85.0,190.18922
224.41,243.10252,0.0,2.6549296
182.48,230.67247,0.0,-1.6137735
188.7,170.57513,0.0,-1.6137735
174.63,157.41234,0.0,-1.6137735
132.44,146.18839,0.0,-1.6137735
108.39,111.69631,0.0,-1.6137735
101.07,100.4333,0.0,-1.6137735
87.76,89.61368,0.0,-1.6137735
84.37,81.76702,0.0,8.455908
82.0,77.496994,0.0,8.455908
81.04,80.82291,0.0,8.69543
82.89,91.87929,0.0,-1.5152701
99.46,106.39882,0.0,9.509416
102.1,123.636406,593.0,262.22556
101.85,108.810745,2074.0,1364.4304
67.51,101.31932,3011.0,2726.3875
33.73,62.891018,4300.0,3356.8186
0.06,32.13277,4255.0,4264.596
0.3,10.404673,4101.0,4053.2935
30.0,8.6821785,3986.0,3864.1213
58.99,40.31707,3515.0,3446.3843
62.68,78.99622,2852.0,2681.0742
131.65,105.447685,1232.0,1579.5825
174.77,175.98898,71.0,186.4381
196.52,214.05615,0.0,2.5862408
211.34,201.36476,0.0,-1.3916954
192.7,187.21545,0.0,-1.3916954
150.18,157.3031,0.0,-1.3916954
125.38,125.066795,0.0,-1.3916954
110.78,107.51094,0.0,-1.3916954
106.48,101.2701,0.0,-1.0424296
83.28,92.18577,0.0,-1.0424296
83.14,80.129974,0.0,9.574748
78.18,80.129974,0.0,10.588891
75.68,78.93101,0.0,10.588891
86.08,85.535904,0.0,11.501346
113.39,108.46385,0.0,11.501346
127.64,130.46042,599.0,481.57214
110.93,120.258804,2624.0,1667.9199
100.2,96.0112,4267.0,3365.3264
71.78,84.55595,5078.0,4759.987
5.22,62.44558,5186.0,5228.787
5.55,15.159926,5231.0,5153.125
49.68,15.608551,5057.0,4937.5454
77.4,58.558304,4567.0,4261.335
89.05,88.8486,3381.0,3557.8962
127.64,116.33997,1392.0,1901.4229
221.2,169.69444,71.0,215.72163
160.94,240.75583,0.0,2.5862408
140.33,189.03743,0.0,-1.3916954
146.3,148.51036,0.0,-1.3916954
150.55,128.55025,0.0,-1.0424296
137.98,125.88202,0.0,-1.3331962
122.9,118.66729,0.0,0.21123937
108.17,109.132095,0.0,0.21123937
97.83,98.14511,0.0,0.21123937
83.55,93.31954,0.0,11.036387
83.59,80.60077,0.0,11.036387
80.58,79.94202,0.0,11.036387
90.17,94.500984,0.0,11.501346
139.8,109.18851,0.0,11.210576
151.28,150.08931,559.0,498.51254
130.68,130.04918,2507.0,1899.4045
96.14,115.68185,4203.0,3619.233
40.65,77.71353,4859.0,4973.071
0.01,32.531437,4930.0,5226.499
15.76,3.322573,4792.0,5017.3223
66.32,22.564415,4547.0,4600.7866
88.19,64.55142,3710.0,4086.5176
115.98,95.804825,2313.0,2985.8892
156.82,132.49654,1077.0,1304.3582
199.55,189.77315,71.0,117.819
191.64,194.49141,0.0,0.57588667
177.73,179.87788,0.0,-1.3916954
175.64,155.88315,0.0,-1.3916954
134.12,149.41821,0.0,-1.0424296
116.16,119.41938,0.0,-1.0424296
108.37,109.18765,0.0,-5.542558
96.6,99.88783,0.0,-9.813133
103.24,90.791504,0.0,-1.0424296
91.51,94.530235,0.0,6.2296524
87.49,86.631485,0.0,6.2296524
87.48,84.13617,0.0,0.023614608
93.76,92.9035,0.0,-1.7547945
116.58,112.952126,0.0,-1.7547945
136.9,134.24034,325.0,438.60565
127.22,121.38497,1345.0,1155.2217
113.74,106.61275,2235.0,2213.165
87.04,90.066444,3100.0,2857.98
79.88,72.19023,3610.0,3448.5535
78.36,67.80405,3626.0,3629.464
80.1,67.200226,3227.0,3347.4092
88.75,77.781654,2951.0,2712.4014
119.1,100.1395,1914.0,2173.3057
183.55,135.41873,511.0,970.63324
250.47,195.30354,20.0,78.54713
287.0,246.57922,0.0,-7.3836484
273.49,247.8987,0.0,-8.158556
250.78,227.02173,0.0,-7.4578114
184.86,186.3512,0.0,-8.158556
140.54,141.38496,0.0,-5.285326
137.52,117.51639,0.0,-4.964472
101.95,115.9014,0.0,-4.964472
113.91,94.33125,0.0,-8.158556
88.52,103.53591,0.0,-0.32565203
78.68,83.90939,0.0,-2.569019
75.54,77.29666,0.0,-2.569019
78.78,79.32805,0.0,-2.1040611
90.21,88.67931,0.0,-2.1040611
105.31,102.86505,261.0,344.00858
73.99,103.66809,1242.0,888.81415
55.31,67.23591,2436.0,2076.876
42.52,45.96518,2881.0,3026.1262
18.3,33.713062,3143.0,3221.8809
15.76,21.15011,3258.0,3190.2412
21.02,21.087204,3281.0,3024.6594
30.62,27.414907,2960.0,2772.1125
65.19,58.268658,2033.0,2202.4702
92.17,103.90127,787.0,1006.4078
159.44,152.64821,38.0,33.04722
131.76,207.04051,0.0,-10.577729
123.82,173.37045,0.0,-1.3916954
116.68,150.84903,0.0,-10.401924
140.74,122.25789,0.0,-10.401924
140.2,124.02298,0.0,-10.401924
109.22,123.134964,0.0,-10.401924
90.24,103.04922,0.0,-10.401924
82.92,89.21089,0.0,-10.401924
78.72,78.2438,0.0,5.8803854
76.26,73.74535,0.0,8.985959
76.32,69.433136,0.0,2.1528118
77.38,73.17128,0.0,169.96869
79.56,78.088554,0.0,311.65775
83.62,82.96899,262.0,364.6753
80.14,71.25892,1624.0,963.9129
80.91,63.51815,3187.0,2317.6616
22.84,62.747063,4133.0,3605.9094
6.78,15.988983,4361.0,4216.9565
14.71,9.284946,4217.0,4168.178
26.79,17.177767,3966.0,3816.005
56.01,25.465342,3415.0,3228.2527
95.98,66.93867,2352.0,2548.3135
122.68,106.418564,880.0,1238.3959
125.0,144.31094,44.0,61.165455
128.66,142.65392,0.0,0.57588667
139.93,129.86533,0.0,-1.3916954
134.03,123.52943,0.0,-1.6824621
136.8,118.72035,0.0,-1.6824621
105.24,119.17856,0.0,-1.3916954
101.79,96.72048,0.0,-1.3916954
89.09,90.645164,0.0,-1.3916954
86.52,81.15528,0.0,-1.6824621
79.25,80.94948,0.0,8.175328
81.45,72.32342,0.0,8.175328
81.16,75.84855,0.0,8.175328
84.31,86.29954,0.0,8.640287
96.14,91.69946,0.0,8.640287
122.64,107.413246,365.0,269.5308
127.73,108.83897,1928.0,1435.6831
85.94,109.51596,3328.0,2841.4763
58.19,73.80251,4255.0,3961.9788
26.79,54.400574,4474.0,4518.0337
48.97,28.225332,4096.0,4488.18
78.79,54.166046,3323.0,3930.9983
87.3,75.99203,2386.0,2947.8762
108.51,101.7205,1293.0,1784.5287
158.4,130.2956,388.0,740.0576
209.56,179.71286,15.0,31.838804
167.2,219.5568,0.0,-10.694639
234.04,170.50755,0.0,-4.895783
224.22,204.50645,0.0,-6.06266
162.58,181.91777,0.0,-4.895783
137.4,127.24536,0.0,-10.333236
122.13,119.37481,0.0,-10.333236
97.45,106.5449,0.0,-10.333236
92.1,89.58046,0.0,-10.333236
82.78,88.43701,0.0,-2.569019
82.65,80.32886,0.0,-2.569019
82.66,81.72631,0.0,6.9755993
87.14,89.3774,0.0,0.13930619
116.65,102.06998,0.0,7.4405575
166.34,127.98585,117.0,344.94815
135.01,145.5766,687.0,865.5578
115.0,110.245735,1393.0,1905.9366
98.46,90.12346,1837.0,2295.2976
90.46,79.04015,1900.0,2289.203
88.53,76.67737,1908.0,2132.8271
96.0,79.22168,1614.0,1981.8855
89.43,91.084724,1193.0,1379.1809
111.2,98.61445,660.0,922.32324
197.45,134.18764,227.0,486.4698
240.23,218.0991,11.0,4.544022
189.86,243.90834,0.0,-15.059834
271.4,213.07515,0.0,-10.401924
208.25,250.29973,0.0,-10.401924
157.99,169.12405,0.0,-10.401924
118.67,132.36348,0.0,-10.401924
108.35,108.59993,0.0,-10.401924
94.05,102.13989,0.0,-10.401924
93.88,87.44183,0.0,-4.964472
88.98,87.5834,0.0,-2.569019
88.44,83.73463,0.0,-2.219753
81.65,84.30189,0.0,-2.569019
84.35,88.01235,0.0,4.2012553
102.2,96.49018,0.0,0.4885727
122.54,122.95384,58.0,209.69807
146.47,123.83681,414.0,689.1827
123.51,121.80427,975.0,1102.4574
107.52,104.0589,1338.0,1378.8436
104.52,90.68345,1546.0,1637.7191
96.17,94.54346,1615.0,1601.0518
91.84,91.7238,1741.0,1458.1888
93.8,90.16966,1460.0,1393.4441
108.14,105.208824,884.0,903.8392
135.11,134.75284,308.0,465.96622
225.8,177.49501,14.0,9.796729
190.45,223.41083,0.0,-13.707439
190.0,202.12444,0.0,-10.401924
190.08,174.84131,0.0,-4.6152062
157.8,154.20139,0.0,-7.1085453
117.02,125.54654,0.0,-4.6152062
111.31,105.54741,0.0,-4.6152062
105.1,99.998505,0.0,-4.6152062
93.0,92.61908,0.0,-4.93606
93.0,86.04775,0.0,5.908798
93.0,85.48207,0.0,5.908798
95.74,84.57786,0.0,5.908798
96.98,96.47442,0.0,6.6946106
105.1,112.398796,0.0,6.9341335
145.98,123.88094,92.0,186.90205
144.78,141.19156,624.0,468.32312
120.36,128.06187,1265.0,1433.2909
102.83,102.614815,1826.0,1797.9501
98.0,91.159966,2120.0,2047.1265
94.75,91.429855,2171.0,2079.3103
94.41,87.046036,1873.0,1899.549
94.13,90.80345,1501.0,1542.1865
105.21,105.81177,976.0,1056.7656
162.45,127.659584,357.0,433.963
243.55,194.7739,15.0,19.7351
241.81,237.88002,0.0,-7.0751977
207.75,220.62329,0.0,-1.0424296
200.64,181.82751,0.0,0.21123937
151.65,159.76294,0.0,0.21123937
127.59,121.74362,0.0,0.6587352
117.7,112.624405,0.0,0.6587352
106.46,105.43371,0.0,0.6587352
93.02,97.20886,0.0,0.6587352
91.46,91.56481,0.0,11.036387
92.49,90.54974,0.0,11.036387
93.36,94.41707,0.0,11.036387
94.44,103.23396,0.0,10.622027
104.89,108.222115,0.0,10.622027
160.47,127.35938,157.0,215.6989
173.9,155.74402,999.0,918.18805
128.0,144.26334,2108.0,1850.3168
110.11,110.75118,2946.0,2629.8318
96.0,96.38455,3260.0,3218.9734
97.98,91.421295,3456.0,3112.471
92.46,93.11642,3526.0,3135.7139
94.78,93.260925,3049.0,2964.6177
120.22,109.14227,2157.0,2175.5654
216.3,146.44112,613.0,796.9764
275.32,241.76114,12.0,39.239494
339.48,289.31775,0.0,-6.7080026
154.0,307.02396,0.0,-6.8690224
149.78,161.00298,0.0,-8.79899
131.13,140.7112,0.0,-3.682394
113.5,121.907845,0.0,-2.2663255
108.92,112.99749,0.0,-4.528417
101.44,104.74598,0.0,-3.2348962
103.81,96.247505,0.0,-3.2348962
100.6,97.69979,0.0,7.162465
98.46,95.98769,0.0,-0.96608406
96.92,93.56006,0.0,6.4691753
98.64,96.48393,0.0,-1.5152701
101.39,98.41469,0.0,-1.7547945
104.8,114.54317,104.0,193.09875
111.62,112.097496,411.0,789.7193
112.48,100.68622,810.0,1058.9879
109.34,92.48866,1229.0,1191.2225
102.64,89.67201,1877.0,1586.8778
102.54,87.38223,2174.0,1929.2904
98.85,86.917274,2283.0,1802.9086
102.59,87.99404,1893.0,1962.9878
104.46,106.08702,1231.0,1462.9935
122.13,144.50766,449.0,573.3649
147.95,172.3761,15.0,23.479685
138.73,211.09984,0.0,-13.707439
134.32,144.99115,0.0,-10.401924
132.52,129.23636,0.0,-10.401924
125.12,124.19133,0.0,-10.401924
115.48,115.35913,0.0,-10.401924
108.0,108.84151,0.0,-10.401924
98.16,99.27063,0.0,-10.401924
97.98,94.94465,0.0,-10.401924
96.5,95.77533,0.0,-2.569019
95.04,95.61194,0.0,-2.569019
93.42,93.35617,0.0,-2.569019
94.0,93.91761,0.0,-2.1040611
93.86,95.33148,0.0,-2.1040611
91.57,97.42796,64.0,158.70674
94.12,96.98663,607.0,519.67163
100.83,90.84151,1686.0,1265.726
100.29,91.575615,2742.0,2064.7888
98.21,87.11741,3430.0,2816.22
100.62,87.63204,3541.0,3249.3137
101.07,89.557526,3181.0,3124.431
103.17,94.56541,2414.0,2614.2378
105.1,109.119095,1551.0,1637.8909
112.28,119.66684,490.0,658.788
126.22,132.96011,10.0,21.236315
132.48,140.27983,0.0,-15.059834
129.7,138.03339,0.0,-10.401924
130.55,126.52644,0.0,-10.401924
123.67,119.323944,0.0,-10.401924
112.54,109.98621,0.0,-10.401924
105.1,104.18484,0.0,-10.401924
94.65,95.82415,0.0,-10.401924
92.04,89.08422,0.0,-10.401924
90.66,91.09653,0.0,-2.5003302
92.21,89.198845,0.0,-2.5003302
91.5,91.67613,0.0,-2.5003302
91.38,100.6861,0.0,-2.0353723
96.86,103.250984,0.0,6.4140325
118.92,114.939995,121.0,146.43106
142.9,124.76091,494.0,695.65967
141.64,126.11951,1088.0,1140.8954
114.44,122.8423,1354.0,1687.7828
105.51,101.96398,1547.0,1685.7583
105.1,101.522865,1552.0,1537.4944
104.4,101.46729,1178.0,1583.0452
116.29,105.409996,1050.0,997.9644
146.5,124.890564,692.0,797.1682
171.01,154.08696,269.0,239.12779
183.26,188.52318,14.0,9.8654175
164.32,190.15878,0.0,-13.638751
155.01,177.03836,0.0,-9.983968
142.16,159.48816,0.0,-5.713393
140.78,130.31451,0.0,-0.73421675
115.04,124.85006,0.0,-0.73421675
112.09,108.89803,0.0,-0.73421675
99.48,103.14197,0.0,-2.744575
91.86,93.78102,0.0,-0.73421675
91.02,90.33631,0.0,10.588891
87.38,88.789444,0.0,10.588891
90.9,89.09874,0.0,10.588891
91.79,97.301544,0.0,11.210576
107.6,106.38196,0.0,11.210576
151.8,126.79241,222.0,112.87968
146.5,149.63042,1559.0,627.8328
123.9,133.32065,3052.0,2036.3107
91.01,110.79593,4148.0,3413.0002
66.01,86.78523,4567.0,4136.7124
54.09,72.612495,4601.0,4359.9395
85.14,70.11161,4216.0,4048.6013
94.83,92.474655,3410.0,3479.5352
109.17,118.02818,2141.0,2009.0785
129.42,151.9671,680.0,729.11475
142.11,174.0809,12.0,40.187763
161.78,166.68092,0.0,-6.766502
143.33,177.16624,0.0,-1.0424296
149.22,145.95897,0.0,-0.80290544
127.26,135.01976,0.0,0.21123937
120.96,112.863884,0.0,0.21123937
115.1,109.03287,0.0,0.21123937
104.88,103.265114,0.0,0.21123937
104.73,96.201866,0.0,0.6587352
94.68,99.78199,0.0,9.026029
92.55,89.14933,0.0,1.7247788
94.97,92.42157,0.0,-0.51858836
98.76,100.91598,0.0,-0.05363003
111.56,109.096794,0.0,-0.05363003
152.61,132.28725,208.0,100.37634
152.32,143.93987,1551.0,834.74207
123.93,131.49065,3104.0,2376.232
91.51,104.92114,4222.0,3750.9065
63.81,79.342896,4979.0,4369.0415
66.32,61.000816,5172.0,4834.088
81.68,67.15011,4851.0,4825.567
93.06,84.98363,4045.0,4150.856
110.57,105.06217,2630.0,3022.4084
156.78,130.49895,833.0,1170.376
240.0,181.88602,15.0,47.999863
261.97,236.4829,0.0,-5.0648417
245.59,238.71205,0.0,-0.80290544
235.77,208.41669,0.0,0.21123937
181.76,181.27701,0.0,0.21123937
127.55,137.46396,0.0,0.36796823
125.18,111.5056,0.0,0.36796823
108.35,108.23826,0.0,0.36796823
113.29,101.194756,0.0,0.36796823
108.64,107.18262,0.0,10.157069
105.1,104.58704,0.0,10.157069
104.62,103.72368,0.0,10.157069
104.79,110.30826,0.0,10.622027
141.49,114.132935,0.0,10.622027
174.65,153.51881,254.0,151.05061
143.25,158.90587,1938.0,1105.3955
114.86,124.44411,3703.0,2920.419
84.96,99.34673,4527.0,4340.5996
30.68,72.37057,4902.0,4902.1274
8.21,34.47304,4942.0,5012.0215
56.82,17.580973,4588.0,4761.452
81.14,64.65974,3863.0,4107.5435
117.68,97.008965,2676.0,2930.954
194.36,143.62955,825.0,1348.8588
289.12,225.60834,14.0,47.999863
299.47,290.9025,0.0,-8.590842
302.14,284.19775,0.0,-4.93606
286.3,271.93,0.0,0.21123937
220.42,215.36853,0.0,-0.079528004
138.24,166.95508,0.0,-0.079528004
122.83,119.109474,0.0,-0.079528004
119.74,107.6338,0.0,-0.079528004
106.6,107.07882,0.0,-0.079528004
105.14,102.14988,0.0,10.157069
104.5,102.14988,0.0,10.157069
102.15,105.30983,0.0,9.709573
101.29,110.07641,0.0,10.622027
127.03,119.44586,0.0,10.622027
135.47,153.50745,221.0,224.35516
132.74,135.51436,1812.0,1374.7056
127.78,116.26161,3571.0,2817.394
64.87,105.645195,4647.0,4277.3237
18.17,56.2378,5118.0,4935.3867
8.79,26.423063,5219.0,5197.0366
58.82,15.551827,4915.0,5026.154
68.42,64.38983,4149.0,4342.729
120.48,91.200966,2740.0,3216.6182
174.96,157.0471,817.0,1406.4122
255.68,227.17772,10.0,61.92618
196.94,285.4365,0.0,-7.0572686
166.23,221.35938,0.0,-1.6824621
155.74,179.67899,0.0,-1.6824621
127.04,155.4303,0.0,-1.3331962
113.84,116.94832,0.0,-1.0424296
111.52,107.13151,0.0,0.21123937
104.68,105.37404,0.0,-0.079528004
115.16,100.12438,0.0,-1.0936723
101.24,109.93176,0.0,9.709573
98.42,99.454,0.0,9.709573
94.19,96.74644,0.0,9.709573
96.33,96.3523,0.0,10.622027
102.92,105.19455,0.0,10.622027
108.38,110.28582,197.0,154.61543
107.58,104.75333,1742.0,1109.3801
88.64,96.40184,3619.0,2700.433
52.89,71.596466,4663.0,4317.43
0.0,46.754066,4869.0,4941.465
0.0,7.1318035,4994.0,5000.3774
42.28,5.0289755,4830.0,4794.635
74.82,43.734985,4102.0,4358.469
112.15,92.29621,2477.0,3151.7678
134.03,133.36868,607.0,1266.0626
179.25,184.73782,13.0,39.239494
160.07,192.0913,0.0,-6.7080026
145.34,158.16206,0.0,-3.0527887
141.55,133.9721,0.0,-8.79899
125.84,122.96773,0.0,-5.8548794
115.49,108.65676,0.0,0.6587352
113.89,106.8658,0.0,-2.914042
108.0,106.13164,0.0,-1.351623
108.16,101.67127,0.0,0.6587352
100.32,104.98489,0.0,10.745618
99.68,98.02806,0.0,11.036387
100.68,97.28779,0.0,11.036387
101.56,100.5157,0.0,11.501346
104.51,102.12885,0.0,11.501346
105.1,106.00657,184.0,132.8793
100.38,94.510574,1660.0,1115.1681
86.92,83.72417,3464.0,2630.5195
34.77,70.595566,4515.0,4127.2837
1.26,28.99734,4933.0,4912.885
0.01,11.195039,4973.0,5001.8086
18.02,7.171283,4646.0,4795.7188
45.8,27.815638,3860.0,4149.5537
98.53,73.109116,2352.0,2861.7642
121.06,118.22054,624.0,1138.2546
142.41,143.55829,10.0,41.71382
134.91,153.37892,0.0,-7.0572686
127.5,137.46257,0.0,-1.6824621
120.78,125.47833,0.0,-1.3331962
115.43,112.1581,0.0,-1.3331962
107.37,106.25532,0.0,-1.3331962
99.06,101.39029,0.0,-1.3331962
87.84,95.573235,0.0,-1.3331962
90.98,89.95561,0.0,-1.3331962
82.36,91.58739,0.0,8.524597
76.01,84.17765,0.0,8.524597
74.62,81.535706,0.0,8.175328
78.57,91.652664,0.0,8.989555
90.68,94.74288,0.0,9.868872
108.9,110.69768,119.0,157.26453
120.0,116.177635,831.0,908.8169
116.54,116.18845,1840.0,1505.0757
99.95,100.59461,2292.0,2351.2576
29.82,88.83441,2507.0,2575.108
0.03,32.780003,2447.0,2714.9675
19.75,14.202784,2391.0,2351.8655
76.17,37.748547,1659.0,1937.7924
106.27,100.799164,1083.0,1111.6039
115.18,133.16066,463.0,386.98392
121.37,149.86723,8.0,21.305002
118.91,143.27455,0.0,-14.991145
116.7,132.41138,0.0,-10.333236
110.71,116.32953,0.0,-10.333236
103.11,105.8327,0.0,-10.333236
93.75,95.81336,0.0,-7.3891225
90.45,91.98953,0.0,-1.3230066
81.2,88.32929,0.0,-1.6137735
83.47,85.464005,0.0,-1.6137735
83.31,81.892204,0.0,8.106639
79.49,77.31825,0.0,8.985959
78.3,77.70406,0.0,8.985959
81.21,86.7995,0.0,-2.1040611
84.32,94.970566,0.0,-2.1040611
102.06,106.6243,62.0,141.03545
117.41,111.29171,675.0,695.2127
120.42,110.48735,1398.0,1728.0664
91.98,102.54226,1900.0,2313.4834
85.92,75.1919,2544.0,2306.6184
86.14,73.41467,2899.0,2733.115
86.33,75.649704,2492.0,2809.7427
92.28,82.25063,1752.0,2146.6614
116.02,105.05458,1156.0,1206.3435
129.09,129.62775,346.0,435.7226
135.66,144.48808,0.0,9.796729
139.33,147.18257,0.0,-15.059834
136.9,140.2467,0.0,-10.401924
133.98,121.506,0.0,-10.401924
125.34,112.4938,0.0,-8.158556
112.49,106.40199,0.0,-10.401924
105.23,100.05202,0.0,-10.401924
89.32,93.76267,0.0,-10.401924
87.22,85.50123,0.0,-10.401924
86.38,84.9578,0.0,-2.569019
84.82,84.4076,0.0,-2.569019
84.52,85.377106,0.0,-2.569019
86.18,91.6721,0.0,-2.1040611
102.6,96.21943,0.0,-2.1040611
122.04,121.81679,34.0,120.618355
138.1,130.12106,365.0,653.757
132.94,124.89066,950.0,1002.243
110.02,114.35354,1542.0,1421.4662
105.33,93.384,1829.0,1861.089
103.05,93.04646,1919.0,1940.4591
109.87,93.921326,1821.0,1912.4755
116.19,105.42366,1376.0,1483.7388
127.22,121.80475,714.0,1014.92346
135.55,148.02547,206.0,330.81
147.66,166.11871,0.0,4.544022
145.64,176.44351,0.0,-15.059834
134.64,159.49586,0.0,-10.401924
133.03,141.51425,0.0,-10.401924
128.82,125.03773,0.0,-10.401924
120.45,114.85122,0.0,-7.4578114
108.0,110.27939,0.0,-10.401924
91.88,97.20249,0.0,-10.401924
85.58,88.72371,0.0,-10.401924
83.96,84.79639,0.0,-2.569019
83.11,81.74776,0.0,-2.569019
83.8,84.29402,0.0,-2.569019
87.94,92.395905,0.0,7.4405575
101.54,108.94231,0.0,6.3737564
125.0,123.5366,58.0,148.06001
140.68,136.44301,672.0,562.37866
118.15,130.69534,1592.0,1825.5051
59.54,103.72345,2666.0,2339.0613
15.01,59.86692,3575.0,2877.727
0.0,31.375381,3863.0,3608.8833
0.0,15.207323,3416.0,3627.9946
66.19,15.7042265,2517.0,3131.0698
109.31,95.95764,1372.0,1607.7333
128.07,145.82155,336.0,457.15988
150.5,164.97453,6.0,16.329422
155.0,186.14645,0.0,-9.983001
155.0,174.83623,0.0,-10.401924
152.21,153.11348,0.0,-10.401924
129.6,143.31119,0.0,-10.401924
118.9,118.06081,0.0,-10.401924
100.01,109.22891,0.0,-10.401924
87.78,97.66015,0.0,-4.6152062
92.9,85.510155,0.0,-1.0424296
92.29,89.30239,0.0,5.8803854
86.92,89.30239,0.0,6.9755993
85.96,87.64351,0.0,8.985959
85.19,94.88382,0.0,6.0244884
93.7,101.195206,0.0,9.160148
116.82,113.23638,54.0,149.06578
129.54,128.27162,586.0,878.1266
89.68,118.48586,1461.0,1734.2437
40.58,69.70104,2216.0,2407.3435
0.0,31.295605,2534.0,2704.7332
0.0,0.60431933,2690.0,2904.5254
16.26,1.5544454,2502.0,2585.9053
56.8,24.594454,1865.0,2081.7163
94.85,80.28976,1026.0,1435.6733
105.0,118.18942,226.0,502.97098
158.65,139.49884,5.0,12.837373
136.57,174.59834,0.0,-6.766502
114.6,144.71509,0.0,-1.3916954
112.49,120.900955,0.0,-1.3916954
108.82,105.442154,0.0,-1.3916954
103.1,100.36161,0.0,-1.3916954
93.05,97.01018,0.0,-1.3916954
80.08,87.33294,0.0,-1.3916954
86.14,83.89456,0.0,-3.4020557
86.42,84.68201,0.0,5.5595303
86.53,82.49839,0.0,5.5595303
85.26,83.642784,0.0,5.5595303
86.86,82.33921,0.0,6.0244884
86.11,88.41127,0.0,6.0244884
91.94,93.596985,64.0,126.61304
97.23,102.28458,997.0,747.43445
36.61,81.12811,2203.0,2038.2588
4.18,26.515303,2584.0,2935.6152
0.0,-3.7679527,2345.0,2909.1963
0.0,-3.6729667,2207.0,2620.8298
0.0,-3.4285548,1896.0,2211.9539
22.39,2.8897545,1646.0,1717.1533
69.91,49.831398,932.0,1204.2416
88.62,94.98706,289.0,306.07544
109.76,123.28328,4.0,14.91335
109.46,129.81212,0.0,-9.943236
103.59,113.53242,0.0,-4.964472
101.64,101.88094,0.0,-10.401924
98.49,92.771,0.0,-10.401924
99.96,91.74854,0.0,-10.052656
88.92,92.370674,0.0,-10.401924
82.5,84.25526,0.0,-10.052656
78.28,81.83869,0.0,-10.052656
74.35,76.43095,0.0,-2.219753
70.44,74.481995,0.0,-1.980229
63.23,72.28015,0.0,4.9899654
60.88,67.26159,0.0,8.395774
68.87,67.83521,0.0,8.395774
81.97,76.13656,44.0,137.51906
40.14,85.15462,936.0,939.7494
-0.05,30.84664,2104.0,2094.8428
-1.27,-6.9647527,2336.0,2877.8745
-3.24,-7.0421743,2660.0,2751.6235
-2.94,-2.6665351,2791.0,2840.657
-2.1,-1.0333852,2788.0,2709.4666
-2.0,1.9307928,2460.0,2388.1316
0.72,22.74609,1881.0,1739.911
68.75,34.37393,599.0,687.2727
123.91,99.5133,4.0,41.28993
136.73,132.47475,0.0,-5.006838
136.73,133.68938,0.0,0.36796823
137.25,124.05589,0.0,0.36796823
122.72,119.47189,0.0,0.5863002
106.24,110.76845,0.0,0.9579483
95.64,99.43339,0.0,0.9579483
76.13,91.02276,0.0,0.9579483
76.26,79.50443,0.0,1.6359937
71.58,72.85394,0.0,11.493784
73.33,69.78321,0.0,11.493784
75.41,71.79829,0.0,12.61227
76.66,81.89646,0.0,13.956545
93.77,88.108154,0.0,13.956545
134.45,107.73381,93.0,81.464745
116.86,130.97227,1284.0,986.08984
44.9,108.466576,3201.0,2442.78
7.55,50.66698,4338.0,3688.9673
0.0,12.145227,4496.0,4508.7314
0.0,8.55791,4508.0,4478.3896
0.0,8.6509285,4310.0,4258.268
7.5,13.513775,3838.0,3699.8572
80.18,39.882805,2562.0,2762.0806
212.7,96.617775,629.0,1257.8307
267.09,206.9505,4.0,44.12371
266.62,231.86295,0.0,-4.9381485
239.0,229.37437,0.0,0.7274239
205.24,195.4492,0.0,0.94575566
177.98,155.70416,0.0,0.94575566
141.54,136.38762,0.0,0.6549888
126.41,121.175415,0.0,0.94575566
104.84,102.2377,0.0,-1.5318099
104.02,92.05359,0.0,-5.1203628
100.95,96.2357,0.0,-0.30025688
101.84,93.38888,0.0,-0.51858836
92.54,95.3578,0.0,-0.51858836
102.15,96.30281,0.0,8.395774
105.1,109.06334,0.0,8.395774
129.57,122.58304,86.0,63.439667
147.28,124.63356,863.0,752.93085
94.5,120.84446,1736.0,1706.4656
83.94,78.107956,1962.0,2312.6384
81.56,68.70352,2040.0,2266.8787
56.99,73.06921,2099.0,2052.1626
49.88,53.86999,1736.0,1877.3323
68.67,57.988678,1139.0,1455.9467
89.74,83.70775,697.0,899.7985
121.22,138.09888,258.0,249.43933
290.3,174.382,0.0,13.788005
132.17,276.7443,0.0,-8.019449
165.18,166.92896,0.0,-6.5556226
146.49,156.49947,0.0,-8.79899
128.03,128.823,0.0,-8.79899
112.0,116.59887,0.0,-3.2348962
97.36,107.126854,0.0,-3.361539
83.28,91.87959,0.0,-3.682394
84.72,84.22799,0.0,-3.361539
69.53,85.3924,0.0,1.2772824
83.07,76.24839,0.0,7.162465
83.81,83.08332,0.0,-0.96608406
85.7,92.33783,0.0,-0.5011259
89.71,99.37743,0.0,7.9482775
112.24,112.30959,70.0,44.876823
84.3,124.82629,933.0,680.98364
70.0,82.2495,2130.0,1576.2108
68.1,67.015854,2494.0,2529.3762
12.39,62.772785,2529.0,2615.109
26.18,23.19811,2456.0,2604.1816
51.9,28.975513,1997.0,2217.756
87.12,63.678173,1444.0,1411.0342
62.82,101.4307,928.0,635.89044
108.39,92.974625,210.0,221.84473
195.41,166.02632,0.0,4.544022
195.0,175.55367,0.0,-8.527171
187.28,176.96056,0.0,-4.6152062
154.32,154.1754,0.0,-5.285326
99.72,124.19997,0.0,-8.158556
96.32,93.36945,0.0,-10.401924
88.47,91.09648,0.0,-10.052656
67.01,81.70478,0.0,-10.052656
78.02,66.909996,0.0,-10.052656
82.68,71.43387,0.0,-2.219753
79.82,77.59861,0.0,-2.219753
78.04,76.61668,0.0,-2.219753
81.91,83.072754,0.0,-1.7547945
83.72,90.32683,0.0,-1.5152701
112.72,99.997536,27.0,22.61778
103.17,113.02322,273.0,672.54645
101.54,93.327095,602.0,905.5693
97.92,82.08092,769.0,971.24365
89.9,79.57751,914.0,956.71387
89.4,75.77575,958.0,910.8911
90.99,77.86877,816.0,884.3367
89.8,84.845825,602.0,750.9208
93.4,93.43267,263.0,564.4642
138.58,109.43937,74.0,137.37202
150.19,165.16333,0.0,-6.114127
141.35,162.72446,0.0,-13.456902
135.72,153.93604,0.0,-8.79899
134.05,129.11812,0.0,-8.79899
121.0,111.87106,0.0,-8.351496
105.65,107.69315,0.0,-8.351496
91.23,95.90972,0.0,-8.351496
72.47,80.75611,0.0,-8.351496
86.55,76.12943,0.0,-8.351496
71.66,84.56462,0.0,-0.51858836
72.03,72.580956,0.0,-0.51858836
79.89,74.854485,0.0,-0.51858836
74.83,85.87921,0.0,-0.05363003
101.01,85.26932,0.0,-0.05363003
119.88,114.997,10.0,14.9157095
118.27,122.84934,182.0,313.28006
105.08,116.49223,501.0,683.7178
95.79,98.68602,998.0,929.05774
90.26,89.44116,1472.0,1240.4081
88.8,86.757614,1612.0,1459.6182
88.51,88.63217,1391.0,1391.596
85.88,88.484695,1115.0,1136.6526
97.11,100.24776,663.0,547.53174
118.75,121.0029,189.0,80.70037
137.25,146.59642,0.0,-0.38190994
135.24,141.2721,0.0,-13.009405
135.9,134.94395,0.0,-8.351496
134.67,124.49719,0.0,-8.351496
123.87,116.35204,0.0,-8.351496
113.1,111.33759,0.0,-8.351496
110.23,106.81778,0.0,-8.133165
93.58,97.085594,0.0,-8.133165
96.4,90.4402,0.0,-8.133165
92.54,89.42318,0.0,-0.30025688
90.85,86.16022,0.0,-0.30025688
90.28,86.9843,0.0,5.655793
91.62,85.97483,0.0,8.985753
97.54,98.29854,0.0,8.985753
101.56,106.591354,37.0,18.462355
112.93,108.85364,540.0,380.54636
114.85,108.13438,1569.0,1179.3246
111.23,100.65929,2749.0,2002.2063
105.1,91.775314,3430.0,2846.7483
102.21,90.78311,3329.0,3368.7185
101.51,89.36631,2999.0,3185.264
98.52,94.12647,2320.0,2390.4968
109.65,106.30042,1155.0,1266.2019
121.86,119.32768,246.0,278.16718
142.49,136.21935,0.0,6.594451
139.9,138.78586,0.0,-13.009405
138.47,138.3047,0.0,-6.108127
135.92,129.6955,0.0,-3.0165648
130.48,119.75013,0.0,-1.6004986
117.42,119.11004,0.0,-7.7615175
115.7,110.49293,0.0,-7.7615175
102.14,107.39145,0.0,-7.7615175
96.68,98.769135,0.0,-7.7615175
93.42,94.08069,0.0,11.626367
87.43,90.19746,0.0,11.335599
86.06,85.6859,0.0,11.335599
84.69,87.37723,0.0,12.478604
90.92,87.03768,0.0,11.890054
94.02,96.522736,56.0,50.91841
95.68,98.49281,1000.0,697.2937
94.24,87.03231,2375.0,1976.5116
83.81,80.47628,3323.0,2983.3718
45.0,69.62465,3722.0,3704.1858
48.41,47.32388,3985.0,3725.3198
58.75,54.09529,3747.0,3641.1746
63.01,62.475166,3226.0,3121.96
102.3,81.32099,1951.0,2319.0535
110.41,113.02119,435.0,701.786
125.66,134.90242,3.0,31.580082
127.49,129.95576,0.0,-4.71607
129.22,134.77933,0.0,0.36796823
131.05,131.22684,0.0,0.5863002
129.91,121.90128,0.0,0.5863002
120.72,116.94913,0.0,0.9579483
114.13,112.120834,0.0,0.9579483
98.6,106.51913,0.0,0.9579483
100.22,95.72902,0.0,0.9579483
99.59,97.00758,0.0,11.493784
96.7,93.80313,0.0,11.493784
92.47,94.433945,0.0,11.493784
96.85,98.94658,0.0,11.958742
105.57,110.0665,0.0,11.280697
144.99,124.61512,58.0,75.34545
138.6,137.88554,1173.0,984.1631
145.71,123.28048,3039.0,2431.7727
115.79,118.29397,4250.0,3947.1226
42.07,98.41885,4826.0,4629.8306
52.28,43.39094,5069.0,4816.9424
69.17,55.83471,4751.0,4896.9463
102.86,69.4223,3977.0,4150.6255
148.95,112.891014,2467.0,3093.9255
162.51,171.42456,567.0,1091.2968
253.33,191.36945,0.0,41.35862
217.78,247.26315,0.0,-4.6473813
238.43,218.02574,0.0,0.7274239
216.29,217.45592,0.0,0.94575566
180.75,180.12663,0.0,0.94575566
146.79,149.63097,0.0,1.3174034
130.78,125.89147,0.0,1.3174034
112.92,117.31445,0.0,-1.1601611
107.63,107.444176,0.0,-7.6928287
104.05,106.153336,0.0,0.071391754
99.13,105.21456,0.0,0.071391754
94.76,100.41549,0.0,0.071391754
97.9,106.63877,0.0,13.8878565
103.26,112.95283,0.0,13.00854
132.52,127.46708,61.0,71.00943
137.3,140.70833,971.0,794.05347
132.92,126.914444,2296.0,1825.819
94.2,113.08611,3209.0,2885.1501
79.38,77.397835,3564.0,3600.81
83.65,68.6068,3513.0,3564.5374
87.9,71.07331,3463.0,3384.7424
104.16,86.83643,2857.0,2979.7854
135.1,121.56693,1613.0,2146.569
150.89,151.28847,362.0,589.8993
206.25,205.74554,0.0,20.14052
188.43,208.05737,0.0,-6.7264285
173.63,206.35133,0.0,-3.2348962
166.64,173.5182,0.0,-8.351496
150.26,144.44594,0.0,-8.351496
130.02,128.22043,0.0,-8.351496
120.11,120.89484,0.0,-8.351496
105.0,107.11795,0.0,-8.351496
104.04,98.09297,0.0,-8.351496
103.6,101.84484,0.0,-0.51858836
99.71,101.504036,0.0,-0.51858836
99.35,100.07106,0.0,-0.51858836
102.26,107.477325,0.0,-0.05363003
107.28,110.98746,0.0,-0.05363003
144.86,122.393906,11.0,24.056517
183.48,135.50316,193.0,673.82764
185.6,156.73787,476.0,767.25507
163.92,150.42072,754.0,971.78723
142.44,127.14809,953.0,1049.882
136.98,117.390015,983.0,888.3686
141.96,114.8429,928.0,921.71643
144.82,123.85042,675.0,927.74384
173.5,141.90117,340.0,609.4028
185.48,174.36882,64.0,180.22911
185.5,214.4265,0.0,-4.6524863
255.74,199.3063,0.0,-13.009405
202.41,235.83223,0.0,-8.351496
171.66,181.53386,0.0,-8.351496
145.19,137.34052,0.0,-8.351496
124.26,121.47728,0.0,-8.351496
119.4,109.923325,0.0,-8.351496
109.28,105.43095,0.0,-6.108127
100.29,101.78481,0.0,-6.108127
96.12,100.45022,0.0,-0.51858836
93.23,95.476875,0.0,1.7247788
93.27,94.430695,0.0,4.203241
97.22,102.59879,0.0,-0.05363003
104.32,107.3671,0.0,-0.05363003
111.66,124.15589,9.0,3.980548
117.65,128.70218,174.0,213.09515
117.65,132.88898,451.0,337.40613
117.24,122.2638,748.0,714.668
108.33,119.55964,924.0,925.61066
104.82,110.99602,683.0,830.16223
118.38,111.57852,472.0,679.2827
116.82,125.82512,284.0,375.74988
138.5,134.44205,184.0,239.46399
145.74,162.97488,52.0,13.458238
155.4,168.41748,0.0,-5.0999823
147.89,184.2636,0.0,-13.456902
145.87,157.4383,0.0,-8.79899
141.0,135.32306,0.0,-8.351496
128.97,123.33754,0.0,-8.351496
119.0,114.29339,0.0,-8.351496
112.4,107.43971,0.0,-8.351496
100.58,102.592384,0.0,-8.351496
99.3,96.23101,0.0,-8.351496
97.49,96.545906,0.0,-0.51858836
93.8,93.30065,0.0,-0.51858836
93.6,91.332146,0.0,-0.51858836
98.27,100.04103,0.0,-0.05363003
104.25,108.382545,0.0,-0.05363003
125.75,119.0067,4.0,-0.05363003
143.51,124.82078,71.0,185.82242
149.75,133.83025,214.0,327.7387
155.08,133.97414,382.0,599.48663
146.87,134.03983,471.0,749.0261
155.63,133.07014,467.0,684.2505
138.31,140.55054,423.0,595.2151
137.96,134.91916,331.0,453.10553
145.31,149.99184,178.0,248.68565
149.88,154.0386,42.0,32.529377
152.1,166.3674,0.0,-11.766494
148.84,152.3847,0.0,-13.009405
142.08,150.19688,0.0,-8.351496
128.21,133.1516,0.0,-8.351496
113.18,119.383606,0.0,-8.351496
101.31,104.82728,0.0,-8.351496
96.9,98.73666,0.0,-8.351496
85.92,94.832634,0.0,-8.351496
83.27,90.48768,0.0,-6.108127
79.65,84.596985,0.0,7.9308157
76.32,80.91184,0.0,7.570196
78.71,77.58512,0.0,7.9308157
81.9,85.54086,0.0,2.1897366
85.1,89.97347,0.0,8.395774
92.17,98.06039,14.0,0.9071614
103.58,108.043175,357.0,202.5444
110.88,113.92494,993.0,628.4839
109.45,116.2832,1482.0,1115.8567
99.88,113.7321,1659.0,1496.176
98.19,110.56266,1628.0,1386.2968
98.2,108.112595,1511.0,1182.9423
104.24,109.71031,1094.0,1043.6173
111.23,125.706566,691.0,560.10333
118.82,134.56232,160.0,86.11554
127.65,143.85123,0.0,0.46411553
123.96,138.11044,0.0,-13.009405
122.14,130.67361,0.0,-8.351496
121.26,116.462555,0.0,-2.914042
120.19,106.97378,0.0,-2.914042
100.67,104.83179,0.0,-3.2348962
94.72,96.104164,0.0,0.6587352
89.13,87.78462,0.0,-1.8188298
86.07,82.93993,0.0,-1.8188298
82.62,80.40059,0.0,11.036387
81.74,73.13145,0.0,11.036387
76.1,76.35499,0.0,11.036387
77.7,72.15072,0.0,11.501346
78.07,78.297806,0.0,11.501346
81.62,83.154465,13.0,17.732908
86.75,88.7367,464.0,425.38763
88.34,86.10766,1533.0,1301.4208
90.94,80.325935,2363.0,2173.721
84.02,78.63743,2696.0,2540.8635
83.58,76.684105,2682.0,2666.6748
89.7,76.816734,2380.0,2450.5447
94.0,89.89582,1696.0,1919.5913
100.16,109.71063,891.0,1134.9117
111.14,116.650894,202.0,237.64655
114.91,130.38947,0.0,-2.4091172
108.5,119.16842,0.0,-10.766035
109.23,114.43671,0.0,-3.2348962
113.1,107.12802,0.0,-1.8188298
111.89,104.16271,0.0,0.6587352
100.6,103.655876,0.0,-3.2348962
90.61,96.93308,0.0,0.6587352
77.09,87.402626,0.0,-3.2348962
79.55,80.53288,0.0,-2.914042
79.16,78.27834,0.0,11.105076
72.37,77.21229,0.0,11.105076
77.83,72.67574,0.0,11.105076
78.26,86.76464,0.0,11.570034
84.85,88.797485,0.0,11.570034
104.3,107.49744,9.0,14.756174
126.62,119.659134,356.0,532.9221
117.44,123.18376,1297.0,939.1756
109.18,109.64881,2189.0,2109.0215
92.5,96.20864,2819.0,2764.3892
85.4,86.77272,2985.0,3039.8616
83.79,82.538765,3032.0,2932.9473
85.04,89.81315,2321.0,2686.4443
101.3,109.932144,1270.0,1662.0454
105.1,127.05323,288.0,402.08493
118.96,134.63475,4.0,20.209208
122.04,131.20378,0.0,-4.6473813
120.6,135.49527,0.0,0.7274239
122.92,124.693275,0.0,0.7274239
118.35,112.542534,0.0,0.7274239
104.93,109.46322,0.0,0.7274239
100.64,98.75162,0.0,0.7274239
89.16,90.2219,0.0,0.94575566
82.82,85.88404,0.0,0.94575566
84.61,81.73657,0.0,11.254718
84.25,79.1195,0.0,11.254718
83.82,81.93258,0.0,11.254718
87.65,91.221306,0.0,11.719676
97.6,96.9802,0.0,12.091325
124.14,115.66758,15.0,19.64269
121.72,135.10228,596.0,527.2455
62.04,114.54838,1905.0,1595.7521
40.25,64.9375,2929.0,2578.3774
0.0,41.26789,3433.0,3399.9536
0.0,12.772383,3715.0,3532.34
0.0,11.382672,3706.0,3543.929
53.39,16.985765,3208.0,3139.9058
84.61,83.74245,1950.0,2323.971
111.19,110.65887,436.0,679.98456
131.87,136.7211,4.0,31.289326
134.99,140.116,0.0,-5.006838
136.27,139.03404,0.0,0.36796823
137.48,129.19292,0.0,0.36796823
125.8,121.79402,0.0,0.5863002
120.04,109.67759,0.0,0.5863002
108.21,111.26259,0.0,0.5863002
88.02,101.40226,0.0,0.9579483
84.78,86.44636,0.0,0.5863002
83.62,85.85356,0.0,10.74705
81.89,83.87527,0.0,10.74705
83.34,86.22397,0.0,10.74705
85.46,94.113884,0.0,11.212008
94.49,102.23593,0.0,11.212008
121.49,118.99643,22.0,19.20112
132.48,133.77696,684.0,520.6824
111.55,124.60055,2130.0,1625.8754
117.77,105.294495,3472.0,2715.2566
45.92,110.40384,4009.0,3708.126
46.6,55.910583,4079.0,4048.9797
75.48,68.093475,3879.0,3879.745
97.91,83.02094,3067.0,3348.3167
95.48,114.39433,1824.0,2186.9587
127.6,121.93221,439.0,630.288
136.55,152.10571,5.0,22.839249
137.08,151.58159,0.0,-7.5719523
137.66,150.35378,0.0,0.6587352
150.58,129.85628,0.0,0.36796823
148.6,127.34986,0.0,0.36796823
137.03,125.77017,0.0,0.36796823
125.49,117.27309,0.0,0.36796823
107.81,104.791985,0.0,0.36796823
94.42,94.60383,0.0,0.36796823
90.45,89.58685,0.0,10.157069
88.29,85.541435,0.0,10.157069
88.27,88.68606,0.0,10.157069
90.19,97.300934,0.0,10.622027
104.82,101.48548,0.0,10.622027
122.69,117.10929,21.0,26.74991
114.0,125.534904,839.0,508.16437
86.56,103.08238,2597.0,1660.4501
56.1,82.81744,3923.0,3226.2944
0.0,50.907097,4432.0,4195.246
0.0,10.469928,4525.0,4398.513
36.81,13.629135,4382.0,4264.629
103.84,54.49425,3724.0,3727.412
108.23,117.31235,2258.0,2721.6438
128.1,134.20752,539.0,965.1314
140.0,150.71498,4.0,38.988003
133.14,143.3469,0.0,-5.006838
129.75,138.80879,0.0,0.36796823
130.22,130.97592,0.0,0.36796823
127.0,121.499504,0.0,0.36796823
118.45,117.65776,0.0,0.36796823
108.26,109.01089,0.0,0.36796823
95.86,103.8763,0.0,0.36796823
96.19,94.72899,0.0,0.36796823
95.46,94.112785,0.0,10.157069
96.11,91.78153,0.0,10.157069
95.02,96.29777,0.0,10.157069
94.54,103.27706,0.0,10.622027
101.31,106.919586,0.0,10.622027
128.14,120.915955,15.0,26.74991
131.16,128.88272,717.0,628.40265
134.95,118.49063,2435.0,1698.0956
110.12,121.556206,3757.0,3201.9536
78.97,103.977356,4504.0,4085.5503
61.16,87.43499,4702.0,4539.251
56.19,71.05992,4504.0,4541.791
97.54,74.940895,3816.0,3930.628
111.75,111.75852,2332.0,2798.5078
130.57,133.2236,529.0,1121.9253
159.36,153.16759,0.0,31.565264
146.0,154.57635,0.0,-5.006838
134.56,143.26009,0.0,0.36796823
130.0,123.114365,0.0,0.36796823
123.59,114.937645,0.0,0.36796823
114.85,107.99458,0.0,0.36796823
108.26,103.34545,0.0,0.36796823
99.87,100.09119,0.0,0.36796823
102.09,92.5527,0.0,0.36796823
98.02,95.810555,0.0,10.157069
94.49,93.28076,0.0,10.157069
90.18,91.02219,0.0,10.157069
90.82,90.45465,0.0,10.840358
95.76,92.0678,0.0,10.840358
103.05,105.77977,10.0,19.790262
110.95,105.40442,520.0,539.80505
112.21,101.45288,1739.0,1575.1345
79.09,95.44166,2772.0,2479.5889
85.67,65.81463,3176.0,3260.245
84.26,73.927284,3347.0,3406.6597
84.35,70.61364,3225.0,3231.2966
87.67,80.90694,2614.0,2796.9253
95.3,98.60727,1569.0,1922.9872
113.33,115.47061,362.0,519.14014
121.8,135.58612,0.0,20.14052
122.24,126.139534,0.0,-4.71607
119.95,124.77286,0.0,0.877067
120.76,116.256546,0.0,0.877067
114.6,112.29596,0.0,0.877067
106.54,104.897896,0.0,1.2487148
101.76,100.16821,0.0,1.2487148
93.97,96.587135,0.0,1.2487148
91.83,90.661934,0.0,1.9267596
91.57,90.76333,0.0,11.626367
85.75,90.75222,0.0,11.626367
81.85,82.61222,0.0,11.626367
85.6,81.618515,0.0,12.769372
86.37,88.30829,0.0,12.769372
87.3,91.24131,12.0,15.67867
90.45,94.13271,726.0,512.46295
84.61,80.963036,2526.0,1665.2692
89.08,67.852715,3869.0,3139.4905
67.43,74.319565,4544.0,4145.1973
83.18,60.091553,4658.0,4501.2603
85.24,70.96603,4378.0,4283.025
70.04,79.93768,3706.0,3799.8743
94.74,89.95468,2269.0,2729.6968
105.1,109.350555,520.0,908.89514
117.52,121.326515,0.0,32.303524
120.5,116.45074,0.0,-4.71607
121.71,116.102554,0.0,0.36796823
121.3,111.70281,0.0,0.877067
113.7,105.88719,0.0,0.9579483
103.27,103.294846,0.0,0.9579483
97.6,98.53853,0.0,0.9579483
91.43,90.44233,0.0,0.9579483
87.36,88.02745,0.0,0.9579483
85.1,85.80889,0.0,10.815739
85.18,80.786705,0.0,10.815739
84.81,81.910995,0.0,10.815739
87.46,92.25022,0.0,11.280697
103.22,96.883705,0.0,11.280697
155.47,115.30202,17.0,16.224382
159.13,144.60846,789.0,619.9804
133.07,134.96341,2631.0,1865.1368
125.56,117.19756,3885.0,3429.5227
67.08,104.92035,4608.0,4258.6445
55.76,68.34012,4832.0,4663.5303
63.28,62.583916,4577.0,4689.7437
84.07,66.521904,3826.0,4011.8132
92.32,100.62304,2383.0,2858.8423
151.54,114.626465,571.0,1107.7941
174.78,157.22467,4.0,41.35862
180.12,160.46663,0.0,-4.9381485
166.0,164.67883,0.0,0.43665698
152.05,139.37964,0.0,0.6549888
147.66,123.44362,0.0,0.6549888
131.03,122.04797,0.0,0.6549888
129.13,116.30682,0.0,1.026637
107.29,112.92855,0.0,0.6549888
102.9,96.61294,0.0,0.6549888
96.95,97.65332,0.0,10.74705
96.1,94.00019,0.0,10.74705
97.35,95.186165,0.0,10.74705
99.28,104.529594,0.0,11.890054
127.16,112.35669,0.0,13.00854
176.05,147.68782,20.0,26.625666
193.98,163.50348,810.0,691.6504
138.34,157.12321,2375.0,1940.0878
94.04,120.06555,3326.0,3039.8296
79.14,75.86828,3661.0,3926.5264
78.71,68.79202,3523.0,3846.4783
78.53,68.26356,3156.0,3409.7715
88.34,75.04773,2202.0,2782.9883
121.09,97.367294,1094.0,1607.5684
170.84,139.46014,253.0,406.40405
231.59,178.0403,0.0,6.594451
210.0,211.54001,0.0,-13.009405
201.09,190.86401,0.0,-8.351496
172.16,176.09483,0.0,-8.351496
139.01,138.56891,0.0,-8.351496
120.0,124.272545,0.0,-8.351496
117.26,112.94668,0.0,-8.351496
105.14,107.240654,0.0,-6.108127
104.68,97.12139,0.0,-8.351496
97.47,102.301575,0.0,-0.51858836
97.17,96.83936,0.0,-0.51858836
98.48,99.596375,0.0,1.7247788
103.84,107.04254,0.0,0.16470134
104.08,120.45054,0.0,4.886532
135.6,131.6135,13.0,19.056208
152.86,147.83353,631.0,662.25854
134.02,134.13997,2336.0,1680.3165
96.07,116.41734,3726.0,3217.8967
81.23,81.402565,4266.0,4190.5347
79.96,74.21886,4372.0,4239.326
80.45,74.13662,4081.0,4165.342
99.76,83.24201,3542.0,3457.6458
120.37,112.73385,2290.0,2503.999
137.44,140.84424,559.0,932.7791
152.99,186.27089,4.0,41.28993
153.1,176.22401,0.0,-5.006838
182.42,166.94633,0.0,0.36796823
177.0,171.6056,0.0,0.36796823
141.27,149.00226,0.0,0.5863002
119.78,123.88307,0.0,0.36796823
119.8,113.81125,0.0,0.5863002
110.32,111.54911,0.0,0.5863002
109.1,106.46804,0.0,0.5863002
106.56,109.059654,0.0,10.3754
97.4,104.11761,0.0,10.3754
96.6,100.10067,0.0,10.745618
106.4,107.3997,0.0,11.719676
136.38,115.977776,0.0,11.719676
205.71,146.50143,16.0,13.510491
213.67,187.4985,730.0,685.30096
135.2,172.55661,2287.0,1788.7831
128.93,111.03418,3573.0,3191.0378
96.43,103.93563,4084.0,4102.837
95.48,84.941795,4210.0,4269.648
97.67,83.21441,3842.0,4092.7666
114.77,97.26259,3140.0,3437.3538
127.22,120.867226,1924.0,2383.3464
208.33,143.00407,501.0,756.0242
275.98,203.06007,5.0,31.85603
245.49,243.95206,0.0,-5.006838
262.85,220.71706,0.0,0.36796823
255.25,217.51329,0.0,0.36796823
206.65,192.97035,0.0,0.36796823
159.14,151.91304,0.0,0.36796823
132.16,127.38728,0.0,0.36796823
113.93,115.036606,0.0,0.6587352
109.22,105.929825,0.0,0.6587352
106.66,108.490105,0.0,10.157069
104.09,104.48154,0.0,10.157069
105.0,106.89534,0.0,10.157069
104.32,114.77009,0.0,10.840358
113.88,121.92925,0.0,10.840358
147.61,147.27069,13.0,20.932367
162.56,167.0512,703.0,761.1243
140.31,138.65883,2358.0,1773.9633
127.49,122.2307,3684.0,3256.402
92.85,107.904205,4144.0,3913.9087
94.65,87.1782,4029.0,4084.0422
102.21,87.76605,3840.0,3771.5002
115.2,100.32438,3226.0,3261.5845
137.29,127.00781,2050.0,2392.664
178.4,168.4267,456.0,980.70715
216.58,218.0527,3.0,27.95587
154.29,223.22101,0.0,-13.009405
152.66,181.46915,0.0,0.36796823
163.63,167.66406,0.0,0.36796823
141.55,149.61905,0.0,0.6587352
117.72,124.75978,0.0,-8.351496
116.66,112.844696,0.0,-8.351496
111.02,109.687126,0.0,-8.351496
98.45,106.00909,0.0,-8.351496
94.47,97.71121,0.0,-0.30025688
90.15,93.63867,0.0,-0.30025688
88.77,90.43504,0.0,-0.30025688
90.1,93.710594,0.0,0.16470134
91.57,93.804794,0.0,4.886532
98.71,107.28223,5.0,0.9947233
106.62,108.64275,256.0,521.59064
115.44,103.79408,971.0,921.60614
117.14,104.32766,1689.0,1438.4695
112.52,97.78786,2075.0,2004.2294
110.99,97.398254,2074.0,2162.0308
109.61,98.94207,1761.0,1919.8519
112.06,102.41223,1256.0,1696.5554
124.37,120.967545,735.0,998.78296
127.88,140.8835,188.0,288.1533
133.21,170.87169,0.0,-4.6524863
127.44,140.00383,0.0,-13.009405
126.43,137.16035,0.0,-8.351496
122.37,125.85514,0.0,-8.351496
116.6,115.64829,0.0,-8.133165
111.78,107.08935,0.0,-8.133165
107.7,106.012184,0.0,-8.133165
94.46,101.99624,0.0,-8.133165
99.11,93.06918,0.0,-8.133165
92.32,96.64183,0.0,-0.30025688
90.84,88.61763,0.0,5.655793
90.85,86.39238,0.0,1.9431087
89.44,88.33609,0.0,8.614105
90.76,90.59724,0.0,8.29325
93.8,93.750084,0.0,9.574897
100.34,99.37337,159.0,352.1173
103.34,98.534004,710.0,677.0814
104.63,91.105804,1387.0,1124.842
106.1,91.92275,2156.0,1626.2805
106.09,96.80394,2556.0,2106.3467
106.97,97.009735,2152.0,2339.6038
106.2,100.23058,1530.0,1771.8204
108.57,115.90937,800.0,1119.2272
110.54,125.803116,179.0,235.86719
118.22,127.90674,0.0,0.46411553
121.21,123.120964,0.0,-7.8928056
121.56,125.61461,0.0,-3.2746615
121.56,115.35257,0.0,-2.914042
117.23,107.385994,0.0,-2.914042
116.78,107.17842,0.0,-3.0165648
106.08,107.971886,0.0,-3.2348962
95.99,99.471794,0.0,-1.133292
90.95,93.7446,0.0,-3.0165648
88.58,88.3913,0.0,-0.44989964
88.36,88.342766,0.0,-0.23156822
85.84,89.80344,0.0,-0.23156822
89.31,95.18473,0.0,0.015058659
97.6,101.81534,0.0,0.015058659
109.94,119.51008,3.0,0.9758501
135.2,128.24817,176.0,288.669
125.06,134.83438,642.0,595.01495
122.1,120.68418,1163.0,1087.8939
119.43,110.70427,1434.0,1333.7035
118.31,111.78606,1637.0,1464.6499
116.72,112.431465,1549.0,1483.868
117.25,117.05636,1154.0,1391.4209
122.69,128.39288,671.0,881.77325
139.12,141.6731,148.0,208.35385
145.01,157.54196,0.0,0.85365903
151.0,143.5963,0.0,-7.5032635
140.01,150.68762,0.0,-2.8453531
141.0,130.70612,0.0,-3.2059727
121.59,121.68317,0.0,-3.1662073
118.68,109.29701,0.0,-3.1662073
103.95,109.84069,0.0,-2.947876
92.22,98.8767,0.0,-2.947876
82.48,90.31554,0.0,-2.947876
83.62,82.03508,0.0,9.026029
83.5,82.25529,0.0,7.8282914
82.03,83.812515,0.0,7.60996
83.25,92.47052,0.0,11.719676
100.7,99.88873,0.0,11.719676
108.26,123.75963,4.0,12.680469
130.97,141.03522,234.0,359.35843
142.59,139.30173,841.0,767.7351
122.91,128.61414,1448.0,1367.7095
119.66,107.554214,1745.0,1830.3751
102.58,109.95482,1844.0,1880.0759
113.3,99.274734,1643.0,1716.0234
109.7,112.88188,1218.0,1304.5381
121.31,128.12415,673.0,678.47064
151.0,146.54276,165.0,120.69938
157.18,181.0687,0.0,-0.38190994
173.0,174.04439,0.0,-8.738828
156.49,183.6813,0.0,-3.2348962
149.0,147.88005,0.0,-5.407384
130.06,131.1361,0.0,-3.0165648
112.07,118.58951,0.0,-2.6957097
112.79,107.90104,0.0,-2.6449156
96.19,106.57247,0.0,-7.7615175
95.34,92.303955,0.0,-3.490941
88.08,91.18992,0.0,-0.30025688
85.92,87.84343,0.0,-0.30025688
79.24,88.863686,0.0,-0.51858836
80.0,90.49187,0.0,-0.05363003
86.5,98.40721,0.0,-0.05363003
102.46,106.43215,0.0,0.9071614
114.63,117.82022,87.0,287.1298
139.1,122.44209,297.0,651.04816
123.0,126.15035,555.0,741.8409
137.33,110.48233,734.0,848.77203
144.86,122.38974,884.0,787.7
152.84,124.819984,842.0,919.26013
137.17,137.52213,553.0,833.14417
126.29,144.30461,305.0,586.62946
116.0,148.05417,72.0,157.31696
116.15,147.31396,0.0,-4.6524863
116.34,136.52576,0.0,-13.009405
98.13,138.44955,0.0,-8.351496
98.13,111.71703,0.0,-8.351496
91.16,100.892365,0.0,-8.351496
85.86,91.20542,0.0,-8.351496
81.7,94.07815,0.0,-8.351496
67.4,86.14722,0.0,-8.351496
74.49,77.78555,0.0,-8.351496
72.94,77.798874,0.0,-0.51858836
78.53,75.86185,0.0,-0.51858836
70.22,81.20212,0.0,7.60996
76.08,84.60863,0.0,8.074918
79.49,92.36576,0.0,11.501346
81.62,106.08897,4.0,12.462136
83.72,106.22627,399.0,288.32315
81.0,102.7878,1434.0,771.73596
81.05,96.51677,2585.0,1820.4607
78.31,90.05552,3197.0,2696.8853
76.2,93.061066,3473.0,3184.652
77.52,92.95006,3180.0,3226.158
81.3,94.93789,2484.0,2450.2292
86.75,109.60127,1318.0,1390.2051
100.97,119.48035,290.0,303.21347
105.14,132.53426,3.0,20.14052
105.6,127.33338,0.0,-13.009405
107.17,121.54793,0.0,-8.351496
109.34,109.93801,0.0,-8.133165
110.85,112.10841,0.0,-8.133165
108.24,110.17504,0.0,-8.133165
105.09,102.49406,0.0,-8.133165
96.37,93.21705,0.0,-8.133165
97.1,87.994995,0.0,-8.133165
91.05,91.901085,0.0,-0.30025688
85.86,88.32175,0.0,-0.30025688
83.24,85.686844,0.0,-0.30025688
83.06,89.36283,0.0,0.16470134
83.72,91.85727,0.0,0.16470134
85.18,102.38466,4.0,1.1254929
95.1,102.469696,233.0,416.24915
99.3,97.463554,892.0,949.85675
96.97,88.16398,1549.0,1665.1189
89.25,83.748085,2044.0,2185.3867
84.99,79.19026,2398.0,2123.5771
82.31,78.455505,2262.0,2348.8784
83.28,81.63437,1725.0,1917.4257
93.73,102.960495,966.0,1177.5553
111.66,116.876785,255.0,289.88913
118.92,133.72273,5.0,13.127127
122.29,124.279465,0.0,-4.71607
118.18,127.935326,0.0,0.877067
117.43,119.090096,0.0,1.2487148
115.1,110.3051,0.0,1.9267596
112.9,105.50741,0.0,1.9267596
109.22,106.35038,0.0,3.0452447
99.9,103.495155,0.0,3.0452447
96.98,96.2582,0.0,3.0452447
91.97,93.83908,0.0,13.422898
84.98,86.81487,0.0,13.422898
83.55,80.23488,0.0,13.422898
84.97,79.97859,0.0,13.8878565
84.1,84.868935,0.0,13.8878565
90.38,86.68263,5.0,17.122202
101.37,96.60584,554.0,297.16983
101.59,95.53229,2226.0,1415.0717
90.78,91.11167,3676.0,2808.4028
71.82,78.159584,4536.0,3806.807
68.79,66.505,4764.0,4429.954
66.05,64.226105,4587.0,4352.612
72.19,68.648895,3926.0,3970.0962
91.15,92.78367,2524.0,2825.7734
109.02,110.00297,709.0,987.20605
118.9,124.701225,9.0,49.777752
123.3,127.0094,0.0,-2.329561
125.6,121.20864,0.0,2.7544775
129.27,116.24365,0.0,2.7544775
127.45,113.98907,0.0,2.7544775
108.05,112.953835,0.0,2.7544775
100.98,102.26417,0.0,2.7544775
94.01,97.59597,0.0,2.7544775
91.86,96.24998,0.0,2.7544775
86.61,92.36584,0.0,13.132133
84.14,85.31204,0.0,12.543582
82.6,82.29175,0.0,12.543582
83.38,82.11987,0.0,13.597091
86.44,84.65232,0.0,13.00854
88.72,92.740204,7.0,17.122202
95.97,96.83093,747.0,440.52957
90.86,87.00272,2807.0,1769.3639
74.69,76.190186,4232.0,3558.7195
17.05,61.32353,4611.0,4552.6646
25.1,22.384546,4861.0,4695.5503
29.49,23.646479,4894.0,4727.5156
60.24,29.598866,4330.0,4307.2607
83.33,80.169106,2837.0,3297.0483
102.1,101.54339,787.0,1463.6677
112.32,116.94028,10.0,50.387688
114.75,122.284096,0.0,-5.006838
115.39,117.15868,0.0,0.36796823
110.14,115.05348,0.0,0.5863002
105.01,104.90538,0.0,0.9579483
99.03,97.96498,0.0,0.9579483
98.28,95.24888,0.0,2.7544775
89.63,94.45242,0.0,2.7544775
90.3,88.81898,0.0,2.7544775
86.93,85.79659,0.0,12.61227
84.74,83.18901,0.0,12.61227
82.19,82.82608,0.0,12.61227
84.02,90.13609,0.0,13.077229
90.79,94.84162,0.0,13.077229
96.33,106.2263,7.0,17.19089
108.27,107.98515,739.0,580.8938
102.3,106.145164,2812.0,1852.3813
79.85,94.768425,4458.0,3590.2817
70.3,77.708824,5193.0,4844.9253
58.4,75.86774,5410.0,5293.937
75.1,66.217285,5204.0,5174.5664
87.57,79.49869,4495.0,4648.9624
104.12,101.51784,2973.0,3553.3628
125.0,127.55551,862.0,1753.3862
151.72,143.24806,10.0,73.78428
145.06,159.22064,0.0,-4.348168
144.34,143.46825,0.0,1.026637
146.99,131.46135,0.0,2.8231664
125.7,124.56316,0.0,2.8231664
121.6,111.78294,0.0,3.1139336
114.4,112.54464,0.0,2.8231664
90.06,104.94636,0.0,2.8231664
94.7,88.910706,0.0,2.8231664
81.63,92.88886,0.0,12.543582
80.25,82.75336,0.0,12.543582
79.14,83.57532,0.0,1.8679203
77.07,88.83476,0.0,2.3328779
91.97,93.89944,0.0,2.3328779
104.86,110.144196,6.0,2.3328779
108.27,111.30485,603.0,577.124
90.98,107.94023,2302.0,1443.2075
90.49,82.80555,3686.0,2858.135
72.86,80.671585,4212.0,3997.668
40.56,67.556755,4062.0,4373.9224
72.04,41.889793,3796.0,3987.595
77.04,75.27325,3217.0,3340.4053
90.21,96.121635,2042.0,2447.7312
111.1,115.696976,534.0,1028.766
118.0,142.41231,7.0,29.447659
122.21,144.12907,0.0,-6.508097
122.77,137.55913,0.0,0.877067
131.12,125.01322,0.0,-2.6449156
120.32,119.99859,0.0,-5.518146
112.4,108.932465,0.0,-5.518146
109.45,107.515015,0.0,-7.7615175
85.98,101.83147,0.0,-5.518146
88.45,91.486534,0.0,-7.083471
