actual_price,predicted_price,actual_P,predicted_P
109.96,109.306335,0.0,11.738437
111.81,111.21536,227.58125,135.4878
123.78,117.67933,946.7125,624.9289
153.12,135.79524,2511.68125,1894.1361
108.26,154.67776,4982.69975,4357.649
95.41,110.16979,7619.1285,6997.5938
51.91,87.06754,10024.557,9493.683
4.4,40.483715,11345.99325,10638.588
2.82,6.2194867,10941.61675,10988.967
0.12,9.274087,9843.84,11045.182
0.96,7.272856,10092.3145,9729.445
2.6,10.901671,9146.94225,9423.639
69.84,21.958624,8676.947,8269.991
82.14,78.91963,7370.73825,7580.266
100.21,96.57951,5466.69525,5836.8
124.78,124.11449,3183.48575,3548.2544
158.76,153.28188,1473.518,1822.8105
277.68,200.76375,463.02,481.70935
183.27,219.0262,0.0,-2.9761133
136.37,156.55392,0.0,-9.593204
114.82,122.44021,0.0,-1.390212
102.83,109.1074,0.0,-1.390212
98.37,101.107994,0.0,-1.390212
94.27,99.63818,0.0,18.767467
95.01,97.79008,0.0,18.767467
101.63,99.571976,246.3095,172.2927
103.24,108.37613,1009.56925,936.09546
94.73,118.27575,2507.89675,2282.8152
103.04,96.78745,4707.6990000000005,4839.714
116.19,92.3392,6810.72775,7218.1777
91.19,92.73294,8209.3025,8765.973
78.12,73.05189,9105.379,9357.644
82.36,65.90049,8321.584,9871.619
96.69,72.91521,7858.1595,8675.101
105.1,86.89792,7132.12225,7802.3174
102.96,95.15896,6522.46275,6876.4897
117.35,100.47857,5406.0015,6014.831
141.27,116.65062,4128.9395,4723.664
124.21,140.98831,2877.88725,3143.935
153.09,142.25307,1982.042,2090.8386
158.83,176.67686,1151.51025,1202.3135
204.71,195.62703,420.3725,375.81073
139.86,188.04962,0.0,-15.285265
122.83,127.06196,0.0,-16.806143
105.48,113.44462,0.0,-16.806143
120.88,101.91159,0.0,-16.806143
109.92,109.35481,0.0,-16.806143
103.21,106.68883,0.0,11.752624
103.18,101.86766,0.0,7.639349
96.72,105.328926,222.83525,128.45503
97.24,99.37955,774.8855,874.7447
122.91,107.729904,1670.45125,1583.0067
129.51,121.53045,3037.36625,2944.0762
112.74,120.69656,4510.61025,4650.7285
88.94,101.40176,5986.530000000001,6063.674
18.95,78.34927,6105.43625,7104.2866
6.15,20.175308,6581.55525,6486.5977
0.57,13.962508,6485.3679999999995,6582.361
3.65,9.939875,6364.56725,6298.8105
1.72,17.63227,6365.973,5941.9272
7.46,27.512602,6136.231,5594.4087
10.52,37.272354,5200.5247500000005,4842.423
80.06,42.83409,4803.93075,3556.4507
137.91,104.84597,3059.2045,2735.3845
129.55,155.00238,1489.57275,1461.4929
206.21,152.73972,584.23375,512.8353
170.83,170.90424,0.0,2.774388
125.94,144.01926,0.0,-1.3760214
112.84,115.77593,0.0,0.37333894
111.32,108.64706,0.0,2.5861213
107.42,105.504135,0.0,8.320852
105.35,104.0889,0.0,18.767467
106.17,104.23543,0.0,25.76107
105.45,105.851074,316.27275,179.41907
103.14,110.014786,1086.73925,754.7732
106.13,117.4061,2631.0625,2039.1106
120.24,116.059616,4629.928,4588.7754
122.92,113.73835,6039.7715,6655.5254
117.34,104.792206,7258.48325,7675.152
102.33,94.87125,7978.66425,8249.001
100.3,88.3254,7963.59925,8392.022
101.64,89.64917,7705.14325,7932.94
101.99,92.96618,7651.90725,7312.6567
103.92,95.33641,7109.0115000000005,7088.469
104.2,101.498795,6363.68925,6265.133
104.1,104.834015,5242.58375,5303.6533
128.05,113.695786,4155.12625,3704.1377
127.77,145.65628,2621.30475,2618.0945
146.96,149.79063,1335.5635,1516.7031
181.32,178.64864,473.538,519.20306
146.8,166.98761,0.0,-14.43935
130.19,131.94594,0.0,-16.820333
108.2,117.28573,0.0,-16.806143
127.29,104.97326,0.0,-16.820333
121.74,117.68866,0.0,-16.806143
129.31,117.45948,0.0,20.10109
125.64,124.382675,0.0,25.05074
130.96,124.44107,229.6175,248.94893
122.56,128.88704,889.90125,956.6547
120.29,124.68022,2202.63575,1934.7415
114.74,115.171684,3964.236,4282.8223
105.9,105.85962,5447.32725,6496.6133
3.45,91.63557,7282.546,7250.404
-0.02,0.8891684,7781.99575,8316.1875
-1.0,2.5784614,7406.45875,8308.476
-3.07,-0.7494989,7383.53925,7505.742
-13.17,0.49651736,8379.374749999999,7289.4634
-7.75,-7.026038,7745.95,7908.3647
-0.57,1.3486125,7481.5625,6892.8027
-0.05,22.388933,7419.83975,6312.7256
100.28,37.513397,5511.58125,5452.7524
160.45,119.47072,3450.1245,3329.7861
131.68,168.71593,1539.979,1823.6238
215.97,150.38376,477.784,542.4862
201.34,176.36838,0.0,-11.852636
133.33,162.75392,0.0,-22.001377
111.68,116.8701,0.0,-1.390212
95.79,110.28623,0.0,-16.820333
94.59,97.51883,0.0,-9.593204
90.38,99.366776,0.0,11.738437
92.07,93.12027,0.0,20.10109
96.72,98.5954,241.34,149.29701
105.1,98.97111,1060.2225,818.8751
105.69,106.02425,2541.8495000000003,1830.0654
98.76,99.17972,4807.795,4801.891
28.36,91.03821,6483.092,6844.6553
-0.01,16.90605,8106.539,8391.195
-0.6,-8.429871,8624.02325,9071.679
-2.11,-8.013435,7929.433,9040.738
-5.48,-5.4110203,7563.63275,8022.1597
0.0,-5.6195793,7532.94925,7369.6323
-0.01,5.2276134,6635.3835,7092.935
0.01,15.98149,6231.29375,5947.7476
84.77,21.678434,5483.58275,5378.9844
121.43,100.92465,4576.02625,3818.8257
119.11,141.69446,2556.4674999999997,2766.5967
119.71,135.19934,1139.422,1377.1823
118.51,143.08102,384.867,393.912
114.99,121.375275,0.0,-16.209242
118.02,107.639305,0.0,-11.377284
120.22,108.05765,0.0,-20.744892
105.45,108.16213,0.0,-3.1601012
95.1,97.1942,0.0,-3.1742918
86.12,95.08195,0.0,2.4583063
97.57,87.95357,0.0,6.5715914
101.86,102.35491,251.107,152.63895
95.69,106.743774,946.28075,881.95715
109.26,112.62439,2086.2084999999997,1873.8334
114.94,118.96739,3944.79575,3847.0515
102.21,110.25437,6268.80925,6411.41
96.85,90.38463,8241.81025,8070.2437
58.4,84.72358,9064.9845,9100.174
33.21,57.071354,9580.74525,9325.935
20.0,39.364365,9552.86475,9567.9375
15.02,27.359776,9161.6515,9082.459
63.57,29.980227,8835.481,8479.806
93.1,74.39986,7415.43975,7670.914
90.35,103.64859,5386.0025,6040.525
95.56,110.29708,4017.4615,3833.4592
172.94,119.80447,2223.0637500000003,2462.5662
265.41,200.84682,965.19425,1166.3406
427.76,284.71133,246.6515,385.75656
256.99,322.25952,18.557,-18.363905
142.98,198.22423,0.0,-20.744892
113.74,130.7476,0.0,-18.60442
114.14,110.36145,0.0,-18.590229
111.87,109.6786,0.0,-15.592975
103.85,111.9061,0.0,11.738437
101.21,105.2995,0.0,11.738437
99.76,105.18393,80.0785,161.9191
115.0,109.00499,524.9875,798.9707
134.17,127.38173,1587.8365,1463.2588
120.25,133.54306,3188.767,3237.2642
105.3,110.90253,4953.41,5497.0146
112.21,92.35961,6844.14725,6920.488
93.0,94.33349,7900.773000000001,8256.557
75.77,83.01309,8503.13975,8448.219
65.86,70.89725,8923.85,8613.696
60.82,63.03985,9182.59775,8518.799
60.54,59.31578,9592.755,8589.351
75.8,70.54217,9253.212,8593.208
78.84,86.80068,8020.71925,7457.4917
89.81,91.748146,5994.05225,6157.042
115.83,123.93287,3529.36725,3832.6943
199.49,151.17613,1599.29625,1759.2351
343.66,252.73936,464.11675,372.50357
187.76,295.80737,35.59,7.704485
104.52,160.29922,0.0,2.006746
93.41,101.40067,0.0,2.006746
107.46,94.40283,0.0,2.006746
100.27,102.9903,0.0,2.006746
101.68,98.854095,0.0,25.036552
100.27,101.513916,0.0,18.05714
97.93,100.83355,228.47925,119.634926
90.23,104.37077,974.8305,678.1549
107.73,105.36268,2433.40525,2126.4998
113.57,109.99123,4527.054,4477.747
105.61,107.5578,6999.5425,6718.754
65.26,94.879295,9287.50425,8848.143
-2.35,53.81292,10723.70525,10429.642
-15.97,-4.092027,11107.08025,10934.148
-1.23,-12.670508,10454.32075,10768.361
9.69,1.5080017,9144.35275,10208.004
17.72,15.002654,9284.339,8831.552
46.86,41.249718,7456.9535,8350.934
78.34,68.12754,5605.10775,6240.1216
102.72,100.45743,4173.3715,4026.5215
122.76,128.38545,2518.7174999999997,2566.028
161.47,156.42532,1088.748,1287.6476
223.09,204.07439,279.62825,431.29883
151.2,201.25714,18.64975,-29.823187
117.8,127.612465,0.0,-28.378391
97.07,103.59574,0.0,-25.119926
107.21,95.671135,0.0,-25.119926
103.39,102.162254,0.0,-9.990691
101.4,100.94099,0.0,11.804201
100.04,101.71351,0.0,4.5093184
100.5,101.07985,144.01675,154.68997
100.04,102.564476,563.3205,720.1476
114.03,111.92153,1636.21675,1863.6998
126.38,116.24471,3478.30475,3331.7563
113.58,116.91994,5623.5085,5707.42
106.57,92.138504,7547.7735,7218.812
85.87,84.336006,8729.3285,8707.911
63.1,73.118095,9409.055,9162.884
61.04,54.93603,8900.5625,9333.35
61.13,53.964993,9673.84225,8456.642
76.82,57.235153,8778.26525,9066.0
100.04,78.98288,7362.24925,7831.0435
106.55,105.0901,5788.79125,5961.5273
104.29,114.64748,4097.18475,4034.3848
116.86,127.04435,2575.5575,2416.7747
151.91,142.98827,1148.767,1263.5946
218.03,183.19785,303.2185,358.42892
161.32,186.34883,16.98625,-18.542261
110.99,134.47241,0.0,-20.730701
102.23,102.496796,0.0,-18.60442
106.91,100.20937,0.0,-15.592975
105.62,102.908485,0.0,-13.409189
105.6,104.65371,0.0,17.789219
104.7,103.819954,0.0,20.919247
102.41,106.07006,177.34575,225.41689
100.42,104.41124,923.013,711.14764
98.6,111.25509,2388.29525,2059.4265
85.01,102.5099,4203.02725,4633.9863
85.2,83.15632,5812.5255,6408.3853
65.0,76.49291,6940.931500000001,7511.729
0.02,53.67287,7200.6285,8241.863
0.5,1.0550897,6998.5375,7755.3916
2.99,4.218524,6740.0935,7055.656
1.06,7.8257213,6654.63425,6701.783
0.24,14.090915,6049.3505000000005,6233.057
0.15,23.844746,6228.885,5310.7104
14.0,32.598003,5849.37775,4983.7075
89.34,43.99563,4713.155,4033.8281
147.92,109.05642,2889.38475,2709.385
144.99,165.33223,1301.19525,1362.943
196.07,171.15361,348.85475,425.40585
144.08,175.25021,12.767,-1.8224697
125.46,127.68419,0.0,-9.689807
105.57,113.03239,0.0,2.006746
116.08,103.85087,0.0,2.006746
112.34,111.0519,0.0,2.006746
110.3,113.13165,0.0,21.73684
105.6,109.50384,0.0,19.430279
93.77,108.526794,177.134,142.26682
94.07,99.46368,852.7322499999999,814.189
104.33,100.05853,2363.362,1795.506
102.57,96.45842,4622.61025,4550.197
94.56,94.36973,6557.20475,6663.7363
63.85,77.57087,7398.76825,8460.382
29.48,48.566498,7828.29825,8521.107
9.44,20.928688,6837.7605,8211.45
1.19,7.4450808,6317.87225,6857.2334
24.16,7.394208,5850.977,6143.481
82.79,24.819868,4625.45225,5368.7188
100.3,82.54178,3915.7815,4065.896
102.57,100.267746,3159.14675,3283.7039
118.92,110.85392,2343.1265,2575.2156
87.14,139.81076,1565.30325,1812.7838
119.35,108.973656,748.256,957.5304
140.27,143.07802,238.00875,373.3459
123.82,143.9111,13.45875,6.147954
106.85,115.87849,0.0,-13.42338
91.54,100.75464,0.0,-2.669173
94.46,91.37849,0.0,-13.409189
84.92,92.47717,0.0,-13.409189
84.84,83.83188,0.0,4.5093184
77.24,84.40683,0.0,11.752624
70.7,78.769165,162.0965,165.85075
71.01,74.644966,819.6600000000001,785.92926
64.99,74.62982,2274.401,2213.3513
65.5,60.767193,3747.0665,4536.0444
2.44,56.823845,5138.9215,6066.356
-0.5,-1.5873264,6637.69975,7045.133
-2.0,-12.642443,6328.9955,7960.367
-5.58,-7.7924566,6254.7657500000005,6893.002
-18.42,-4.0904675,5953.89425,6333.7036
-18.76,-15.866908,4692.41725,5718.207
-11.77,-10.565835,4300.299,4280.7866
-22.66,0.118546814,3727.50775,3689.1838
-15.44,4.875124,3162.43525,2743.4343
41.66,14.412819,2756.5295,2150.8936
87.28,64.62805,2116.583,1726.1818
83.77,100.84488,1019.8715,995.3382
113.71,97.76579,285.96524999999997,274.40387
80.68,110.68809,11.9125,-2.1540656
91.81,77.8364,0.0,-13.409189
64.29,90.239586,0.0,-1.9459529
4.75,67.71442,0.0,2.0209367
8.14,15.405644,0.0,2.0209367
0.0,18.476126,0.0,16.985252
0.23,14.994476,0.0,18.630974
6.66,15.107041,151.85775,153.78297
25.35,22.904503,605.26275,675.9306
65.17,43.304874,1546.547,1663.072
58.48,72.379745,2779.619,2993.673
24.59,58.743786,4356.25475,4566.9473
0.06,22.38661,4945.6142500000005,5974.4507
0.05,3.359721,5303.20525,5924.098
0.02,7.1200504,6727.3642500000005,5856.2485
-2.31,10.283487,6729.86525,6779.6313
-9.58,4.775983,7023.171,6520.477
-11.11,-5.778572,6246.055249999999,6448.091
-1.6,4.0480533,6217.42325,5382.1616
-4.01,19.2617,5851.1245,5169.2847
32.96,22.33942,5224.85725,3927.94
102.95,71.002235,3278.09325,3049.3577
129.96,132.15756,1559.01275,1659.4174
194.38,171.85938,423.62825,334.0059
153.17,187.60193,10.8645,7.480765
126.07,141.07147,0.0,-2.6592033
103.02,114.84456,0.0,5.98308
102.58,98.79785,0.0,11.732003
105.96,99.28369,0.0,11.717811
94.01,99.681915,0.0,18.767467
91.73,91.856895,0.0,27.137276
85.02,90.96075,164.54475,125.66009
86.01,90.31483,980.3095,642.5621
77.69,96.85828,2590.9195,2057.231
83.86,85.28047,4798.62925,4289.525
103.91,77.80014,7160.729,6767.144
90.47,90.44197,9007.38025,8490.164
50.67,77.10742,8720.633,9657.615
57.81,44.773502,8535.5245,9104.842
76.57,55.031445,8126.9385,8721.066
79.0,71.86342,8085.825,7888.3955
87.13,76.47287,7298.97575,7573.8306
103.94,88.1705,6128.4887499999995,6552.1387
101.19,104.58202,4631.3905,5044.091
106.99,106.81379,3062.11125,3475.1584
155.19,120.44413,1631.9185,2204.1255
192.11,175.01688,684.12725,1090.485
225.37,217.0206,184.56875,347.67548
149.58,200.87993,19.98425,-8.326505
99.45,132.12923,0.0,-13.409189
88.12,92.09776,0.0,-13.409189
107.6,90.29711,0.0,-13.409189
108.57,103.86158,0.0,-13.409189
103.76,106.4435,0.0,11.738437
93.95,102.41507,0.0,11.738437
88.5,95.353874,115.40325,123.75834
93.9,92.49353,472.457,793.64594
120.11,103.60494,1190.0715,1597.4208
121.9,122.683266,2215.35325,2411.7832
113.18,112.06386,3483.552,4042.1655
106.45,96.53942,5252.9035,5266.6646
70.61,88.69319,6182.78875,6544.4316
54.72,60.557438,5693.90125,6844.943
7.61,50.201324,5998.282,6099.67
3.63,11.748772,5891.70925,6063.38
4.29,14.74329,5823.5825,5420.932
12.29,23.034115,5998.085,4942.138
34.66,33.33017,5534.474,4820.418
84.6,57.246925,5026.2645,3643.4443
102.11,107.32639,3351.828,2922.517
141.35,122.88606,1521.96925,1731.6702
219.9,171.74942,497.33275,342.1042
180.72,192.72122,26.3475,12.139515
121.61,142.88107,0.0,2.0209367
109.34,107.658,0.0,-13.409189
98.89,104.34182,0.0,2.0209367
104.12,95.87881,0.0,2.0209367
104.21,100.813576,0.0,16.616123
101.12,102.37064,0.0,27.151466
94.43,100.88142,199.01,109.981575
95.04,98.00236,976.982,537.42865
114.72,108.36953,2755.874,1800.0485
103.55,117.023964,5428.64875,4569.753
83.87,98.549164,8017.202499999999,7251.1147
36.33,75.63745,9998.719,9550.022
0.0,28.207983,9275.56925,10479.518
0.82,0.5376789,9470.11525,9492.545
-2.72,6.7265234,9266.63875,9186.099
-8.75,-1.8815955,9129.42975,8680.155
0.1,-10.519302,9033.89625,8453.71
5.25,17.272135,9359.22925,7923.6074
11.62,26.263533,7483.19825,7726.948
74.57,35.80516,6419.55125,5850.4365
89.58,92.42284,3801.55975,4671.3022
146.6,116.39815,1701.82225,1970.2349
232.91,179.03745,472.957,602.22015
187.82,203.11053,23.05275,12.139515
123.04,152.11177,0.0,-3.5009587
104.47,111.20473,0.0,2.0209367
105.63,99.21381,0.0,2.006746
106.18,100.509445,0.0,2.0209367
105.6,104.51063,0.0,16.616123
105.56,103.99877,0.0,18.767467
105.61,105.187836,115.956,178.88974
104.2,107.25053,739.9565,881.19385
106.29,111.76562,2119.91025,2169.8118
104.88,103.35355,4410.3895,3816.7524
105.19,93.95979,6642.49525,6831.801
58.64,86.60828,7890.50125,8680.688
4.27,44.83798,9445.08575,9115.79
0.32,2.4516544,10037.0545,9759.436
0.0,3.131071,9432.39725,9779.268
0.14,3.6138613,9977.2455,9045.356
0.01,7.0508204,9833.87075,9321.754
39.34,16.152596,9654.50075,8825.426
82.1,51.710384,8581.06425,8072.613
106.55,92.510254,6584.83975,6873.863
116.79,119.96461,3925.55925,4701.071
152.9,138.97716,1628.09,2228.3604
244.9,179.25201,495.7062499999999,569.2333
197.19,220.95119,27.462,6.603422
124.01,158.41978,0.0,2.006746
106.01,113.49089,0.0,2.006746
126.98,103.13812,0.0,2.006746
113.23,119.49801,0.0,3.7561061
105.72,110.64625,0.0,20.281635
105.72,107.134056,0.0,20.140606
106.55,106.13494,163.40625,136.43813
117.09,103.75135,957.437,752.7823
108.16,115.95772,2828.37925,2271.5728
113.94,101.82029,5777.69475,4869.169
44.46,104.40703,8480.688,8023.3594
0.0,30.728334,9834.445,10208.876
-2.05,-7.5026946,9080.20075,10541.217
-9.47,-9.781275,9953.6015,9622.345
-26.55,-17.970829,10182.10125,9930.001
-28.84,-17.888441,9711.3565,9762.595
-24.34,-14.874329,9351.6345,9085.279
-6.47,-4.6153927,8589.474,8377.218
-0.26,2.9259007,8732.88375,7487.0635
109.23,29.480581,7022.67225,7017.296
165.09,120.808,4101.0625,4885.6675
134.89,173.55098,1709.51675,2194.0227
190.63,156.18787,477.41,565.19196
179.93,175.97511,20.49275,40.02047
128.09,145.89052,0.0,2.006746
116.95,116.090164,0.0,2.006746
92.54,110.42155,0.0,2.006746
92.8,92.7359,0.0,-3.5151494
102.41,93.97045,0.0,20.10109
102.5,100.71344,0.0,19.449852
91.63,101.95058,144.25225,126.19082
91.78,93.70961,922.78,837.4785
85.59,91.68553,2763.5550000000003,2205.7114
63.89,81.22042,5211.66725,4899.0996
22.35,48.649345,7612.4395,7659.3975
-0.77,7.630566,8491.2945,9498.304
0.0,-15.503475,9045.53875,9663.06
-0.02,-3.3890514,10349.0945,9364.989
-1.39,-0.063868195,10553.2655,10522.725
-5.74,-6.0222387,10419.554,10207.117
-5.0,-2.8149717,9821.58875,9952.329
-2.0,8.496295,8738.67025,8866.01
-0.01,13.275382,8896.77425,7502.7153
78.39,34.82681,6729.78,7131.6304
170.82,110.01921,3886.90125,4597.063
130.06,175.0717,1545.54375,2061.7463
192.26,147.9576,425.71875,519.2002
153.83,174.28432,20.35675,34.414047
132.42,131.1322,0.0,-3.1601012
108.58,116.19414,0.0,2.0209367
104.63,99.21499,0.0,-1.1989281
91.47,96.368004,0.0,2.0209367
87.36,91.88578,0.0,18.05714
87.57,87.96704,0.0,18.05714
83.34,92.60546,140.28025,137.57161
94.2,90.57082,773.74825,815.72046
111.55,103.25107,1985.5115,2183.404
123.34,110.30474,3523.60025,4187.0215
133.49,109.805115,4927.068499999999,6080.559
89.41,112.58975,5818.611,6930.86
62.06,78.52593,6349.63775,7123.108
36.4,59.199184,6776.679,7263.6743
48.17,42.125164,6151.67025,6872.5234
35.1,49.468185,6073.825,6090.848
28.39,40.36981,5774.95725,5743.668
57.35,40.018387,5213.35825,5060.245
84.73,68.5931,4023.5315,4386.925
87.6,95.11414,2999.8455,3174.39
99.24,115.44674,2042.994,2148.4753
121.51,121.25833,998.129,1314.9305
186.48,143.65262,330.9425,349.7676
190.47,179.18948,12.3555,-4.580282
126.73,160.08829,0.0,-13.409189
104.64,117.63623,0.0,-13.409189
108.32,100.00771,0.0,-13.409189
107.38,104.98125,0.0,-13.409189
94.65,104.29469,0.0,11.738437
96.76,96.48278,0.0,11.738437
102.0,98.29218,123.48525,119.00747
107.38,105.329575,805.7925,734.0283
127.04,113.70855,2288.0665,2060.1865
114.88,125.59234,4583.51375,4385.106
97.25,109.275314,6786.757250000001,6843.76
59.81,85.53154,8434.44925,8305.98
3.26,48.75987,9668.765,9157.685
2.37,6.55069,9987.35725,9851.386
1.27,10.194471,10072.3255,9605.875
2.09,11.097882,9841.403,9483.204
1.02,14.518442,9550.0995,9118.188
0.47,22.042963,10404.05,8115.321
14.6,27.20046,8381.86575,8578.507
87.1,39.60662,6550.09225,6177.046
202.18,106.93453,3776.32275,4146.186
187.56,210.45016,1667.51075,1782.5438
268.22,209.21526,466.4435,413.15482
258.43,232.69576,12.08075,-12.325192
138.4,190.83559,0.0,-13.409189
117.21,120.43178,0.0,-2.669173
113.44,110.382545,0.0,-3.5009587
112.91,107.99394,0.0,2.006746
112.75,109.43348,0.0,11.738437
112.72,109.333786,0.0,18.05714
112.25,110.33002,120.1555,112.90766
113.01,114.89452,858.54475,679.3731
119.89,121.95792,2566.203,1949.1708
131.08,118.82926,4979.0875,4656.3247
121.09,119.02254,7331.737,7293.447
72.16,99.070755,9270.959,9011.652
21.16,57.172085,10213.517,10032.227
1.17,16.616955,9761.611,10588.6
0.16,6.403661,8933.34525,9638.642
0.12,4.8956103,8413.73775,8722.839
0.08,8.549604,8151.243750000001,7952.559
0.83,18.04981,7997.86125,7351.4805
21.34,26.137186,7108.3907500000005,6776.0566
86.81,48.885788,5512.3615,5326.737
123.62,111.81398,3315.98775,3623.9504
156.19,147.72081,1550.76075,1796.6604
219.82,193.60663,428.86625,515.60315
179.74,211.50208,12.1625,-19.660099
133.52,147.98166,0.0,-15.2116995
115.03,118.564606,0.0,-20.730701
112.76,107.71448,0.0,-3.1601012
111.14,107.61741,0.0,-3.1601012
115.75,110.9673,0.0,20.919247
116.94,116.186646,0.0,25.6053
100.26,116.550896,86.63925,138.87962
98.78,106.69832,539.119,754.6171
100.47,110.979805,1667.3805,1758.3376
87.67,107.40405,3331.88375,3288.9465
36.3,85.00638,4801.594,5633.039
2.83,29.170717,4964.8947499999995,6591.759
-0.24,-0.8724813,6062.51325,6330.9165
-49.08,-0.24518093,6444.9842499999995,6770.8057
-93.88,-15.783782,6262.382250000001,6530.0034
-92.56,-17.117762,6631.284,6358.999
-132.95,-15.234247,5909.77725,6369.982
-103.67,-7.2456326,5429.07975,5432.259
-79.85,-1.8620713,4856.3915,4753.8286
-0.24,5.222013,4383.47175,3766.961
12.61,34.332462,3474.4317499999997,3029.6174
87.88,49.399075,1586.1315,1956.5165
135.69,120.19771,460.098,529.6633
139.29,141.3832,11.805,40.556942
128.3,127.2523,0.0,2.0209367
108.19,116.26186,0.0,2.0209367
110.23,105.90373,0.0,2.0209367
103.34,104.28699,0.0,2.0209367
104.43,106.06516,0.0,18.071327
105.48,108.69669,0.0,16.601936
104.67,106.51635,117.005,87.01054
106.06,106.23881,860.13575,631.19196
120.63,111.09347,2743.31475,1945.5984
117.34,115.05208,5624.014,4789.4414
102.06,102.41102,8464.84475,7514.665
15.1,82.22382,10017.6025,10010.008
3.51,10.912577,8895.80325,10250.143
0.0,3.004502,7842.923,9275.196
-1.76,4.2506537,8571.44275,7834.243
-0.65,-1.4528314,7718.583500000001,8490.861
-0.12,0.76324993,7983.7725,7321.087
0.08,15.436509,7943.099,7108.107
11.82,19.856888,7472.3885,6725.1406
84.23,32.600956,6184.17325,6018.959
123.56,94.834656,4006.97325,4366.686
138.01,135.09367,1658.669,2173.206
211.82,154.70297,490.3755,563.7878
185.91,188.32465,14.80825,40.556942
137.05,154.4403,0.0,2.006746
121.38,120.58308,0.0,2.006746
119.37,115.26184,0.0,2.006746
110.48,112.415634,0.0,2.006746
108.15,105.92913,0.0,16.601936
106.85,109.23664,0.0,18.767467
109.06,104.876854,132.24725,118.86797
107.94,110.59405,920.55075,798.1761
100.71,109.71882,2826.239,2394.4512
101.91,98.25328,5762.2832499999995,5050.395
75.93,90.117455,8228.61125,8141.3906
23.4,57.345875,10114.9685,9790.77
0.0,7.630566,9108.24875,10608.2705
-2.38,-3.5256863,9819.8135,9625.292
-15.52,-6.739136,9563.48425,9870.581
-22.65,-18.018864,9080.13625,9231.999
-17.71,-14.087882,8497.0305,8638.414
-1.97,-4.505562,7356.3005,7788.4844
0.01,11.960619,7356.48875,6255.559
67.03,31.807669,5505.970499999999,5841.871
161.86,93.3632,3827.40325,3829.0122
130.76,169.43939,1623.4455,2143.0479
160.42,151.03401,432.36775,602.9391
170.38,159.87666,11.44875,37.87999
140.87,145.33615,0.0,2.006746
120.37,123.57081,0.0,2.0209367
108.52,112.51284,0.0,2.0209367
101.11,102.2392,0.0,2.0209367
97.14,99.42097,0.0,25.05074
92.58,97.00725,0.0,20.919247
90.24,94.08885,108.15675,124.19311
88.47,92.52369,759.2094999999999,807.16
72.47,90.09449,1869.07725,2032.5096
26.44,67.69485,3770.081,3994.1328
0.0,19.521564,6081.54375,6166.418
-0.09,-8.928797,7177.06425,8013.6704
-11.11,-9.537003,7803.04125,8362.997
-37.7,-25.269487,8535.524,8259.528
-64.26,-17.844284,8489.454,8615.993
-91.69,-16.687006,8661.836,8324.628
-73.84,-13.153785,8116.13975,8174.7285
-35.73,-5.386387,7203.1205,7243.386
-5.2,0.17461108,6093.223,6074.9336
10.61,18.05359,5465.2342499999995,4582.801
94.41,58.290943,3770.75,3660.9238
131.34,118.65493,1611.185,1867.1915
156.5,148.18289,435.46725,496.8869
144.55,153.55145,12.082,20.643229
126.51,132.01515,0.0,-24.210835
101.63,115.4027,0.0,-7.86441
89.84,99.12752,0.0,-1.9601436
71.45,86.79713,0.0,2.0209367
66.89,76.85714,0.0,20.919247
66.82,72.11586,0.0,15.864987
76.35,73.65132,118.21925,90.87296
89.94,85.69967,797.70775,645.01245
113.3,105.08389,2182.94875,1805.5271
98.14,117.23014,4067.84025,3848.6184
83.16,97.74774,5622.610500000001,6310.6997
92.88,74.82578,7331.672,7120.681
8.81,82.29279,9083.53275,8343.519
5.9,13.658465,9858.845,9513.059
10.42,18.336542,9346.60375,9559.69
4.43,21.493116,8702.76,8863.01
0.32,17.685637,7987.2985,8095.6016
9.5,24.353022,6751.64175,7039.686
75.54,38.456394,5956.66175,5246.9653
98.39,93.41317,4249.8330000000005,4222.38
114.97,119.013885,2388.757,2738.2278
124.48,139.54872,1147.98525,1220.8799
113.67,149.89948,332.3635,381.54675
95.58,129.02069,15.47575,-13.130401
97.15,96.695885,0.0,-13.409189
88.14,91.82165,0.0,-18.590229
77.86,87.13217,0.0,-13.409189
69.4,80.796776,0.0,2.0209367
67.72,68.807236,0.0,18.071327
63.52,69.55127,0.0,12.749146
66.09,67.23098,105.27825,103.18563
75.17,77.2752,813.9395,726.4725
96.43,90.25936,2428.19825,1986.4204
96.42,100.20247,4824.20575,4562.059
17.54,89.71778,6946.125,6889.068
-0.82,16.223171,7606.147,8718.276
0.1,-10.267945,6921.0735,8537.676
0.02,0.27313823,7021.07725,7760.4653
0.12,4.1391573,6885.9685,7205.9185
0.12,5.2893367,7035.39625,6842.8003
1.18,7.32951,6497.2880000000005,6717.36
0.03,19.44796,5591.65125,5899.4194
8.44,23.599554,4230.21575,4675.2603
43.74,32.918964,3325.894,3354.6497
100.85,73.43156,2170.5325,2158.942
165.77,118.2658,1021.64125,1201.0785
152.02,173.0145,305.385,423.5178
127.15,153.85593,15.9775,-4.594473
123.28,119.096855,0.0,-13.42338
115.56,112.13506,0.0,-13.409189
107.25,108.381386,0.21325,-2.6592033
76.04,99.79459,0.213,-13.409189
54.53,78.592705,0.213,7.639349
41.03,58.406673,0.21325,19.444466
38.9,48.69916,84.19149999999999,103.4475
64.99,51.385838,601.45,641.0308
105.97,78.8637,1657.9905,1649.8936
111.96,108.56799,3426.65525,3298.5168
97.8,101.27428,5261.60875,5548.5386
70.85,80.176735,6515.472,6750.397
4.44,56.444744,6992.1525,7472.9194
4.26,4.3356457,7322.07925,7447.043
9.25,8.035564,7267.328750000001,7145.9204
5.46,10.161492,7340.564,6992.5674
1.17,13.904572,6660.9065,6746.8813
3.51,20.807808,6096.89325,5860.2935
12.5,24.142445,5527.3724999999995,4878.482
66.07,33.935104,4496.869,3945.2432
102.8,85.707375,2957.5495,2746.167
154.76,120.64405,1472.96625,1502.9572
200.91,168.59741,432.196,450.51154
243.5,175.79015,15.37375,45.21569
173.7,187.1255,0.222,-13.42338
128.03,145.31978,0.22175,2.006746
119.95,117.54262,0.2075,2.006746
108.14,109.98249,0.2075,2.006746
103.47,103.135925,0.20775,18.05714
100.06,99.84315,0.20775,18.05714
100.18,95.98508,108.67625,78.9486
104.68,97.93455,820.5345,624.9007
120.51,113.78321,2705.12025,1966.9957
121.0,117.334656,5560.8435,4743.5566
106.79,106.9845,8611.98625,7585.071
96.8,85.07062,10848.36075,10110.74
88.4,76.929436,12159.86175,11199.091
73.92,76.4747,12625.68475,10896.905
70.47,66.42123,12415.938,10851.577
47.68,63.69656,12061.90675,10733.378
35.33,46.512127,11475.242,10355.664
67.92,46.452694,10276.4375,9789.741
82.22,75.713684,8586.445749999999,8731.739
117.3,92.047386,6287.7735,6656.077
189.63,128.04543,3588.1945,4352.169
305.83,200.95967,1415.46425,1770.6743
352.96,292.58167,352.6795,510.78058
270.53,288.6163,23.01425,33.50495
120.99,207.04567,0.2145,-8.766526
95.36,111.9346,0.207,-10.004882
120.87,95.762856,0.20375,-8.520448
103.16,111.95829,0.2035,-20.730701
102.06,100.47047,0.20325,-5.9206066
92.24,103.33063,0.2025,-0.6717244
82.39,94.65837,49.62975,59.901432
92.24,87.84211,380.56975,626.6825
117.68,105.431114,1139.101,1331.0354
113.2,121.153015,2196.9795,2314.4785
107.7,103.53312,3734.95825,3819.7588
91.04,92.674934,5312.4925,5333.415
79.14,79.403145,6623.85075,6801.2275
67.45,66.02106,6723.8645,7428.025
54.03,60.461067,6718.568,6971.6797
16.05,47.99818,5909.474749999999,6654.2207
3.33,21.56305,4627.03,5864.6016
10.86,16.653063,4437.8175,4365.9253
44.57,29.300581,4052.8925,3905.008
78.35,67.53824,3377.05525,3129.985
100.36,108.76991,2239.90275,2397.2537
107.25,124.721565,1025.6365,1372.4453
137.04,147.75136,306.74825,324.45688
135.8,154.02838,14.2285,-4.580282
126.07,126.18601,0.0,-13.409189
109.87,114.66411,0.0,-13.409189
92.59,104.86849,0.0,-2.669173
93.41,92.78146,0.0,2.0209367
93.37,94.925476,0.0,18.071327
94.92,93.360855,0.0,21.761002
89.65,95.043365,153.878,77.60882
86.7,94.99217,871.923,528.8635
82.7,91.82304,2366.70225,1757.9551
80.24,84.75685,4595.00075,3911.6826
27.8,73.48781,6515.10575,6755.015
2.34,21.897747,8510.66625,7921.449
0.01,-0.9176177,8930.818500000001,9544.297
0.04,-1.2171557,9205.317,9156.29
-0.54,1.9689867,9711.29125,9049.936
-1.05,-2.7429037,9504.247,9116.921
4.73,-0.26649788,8083.67525,8599.641
31.47,17.261581,6573.821,7084.119
83.51,45.364975,5658.17125,5499.49
118.21,89.03895,4907.27125,4176.862
162.59,133.76883,2870.46325,3082.3088
127.48,166.06561,1132.1215,1401.5675
131.68,139.43994,281.979,350.86844
128.55,132.53828,8.55575,-9.06389
119.88,120.05474,0.0,-24.210835
103.5,108.93275,0.0,-20.730701
106.2,99.598976,0.0,-20.730701
89.42,98.45745,0.0,-20.730701
89.66,88.596,0.0,0.31783348
86.82,88.503426,0.0,4.4311166
85.3,84.905205,49.69775,95.375824
85.3,83.64596,402.0164999999999,687.21124
86.38,82.00894,1489.364,1417.9149
76.11,78.31057,3172.167,2959.3765
47.91,64.76021,4863.6849999999995,5130.554
2.06,31.617313,6001.8055,6723.879
0.0,-5.256498,5983.41075,7055.835
-0.25,-3.006138,6131.624,6449.6694
-5.06,-6.1174498,6601.35025,6260.83
-19.79,-6.6978374,7195.9395,6558.714
-23.56,-17.996586,6893.3575,6680.3853
-13.05,-5.3282585,5765.97375,6171.2114
-0.63,4.151338,5417.896,4568.0625
0.1,29.391277,4709.84025,4006.9272
73.72,41.389633,2926.80525,2726.063
102.14,99.41263,1288.26725,1388.3176
111.98,116.188034,404.88325,323.67572
118.07,114.82804,12.27525,-20.487698
113.73,107.78624,0.0,-17.89279
101.0,100.39363,0.0,-5.3005786
98.73,96.13347,0.0,-6.379973
89.03,89.9121,0.0,2.0209367
85.03,89.298294,0.0,18.071327
84.13,85.64287,0.0,26.441135
86.46,88.424835,98.21375,72.39341
96.93,94.55238,789.3209999999999,495.70773
114.44,112.48595,2592.3875,1896.4263
111.78,114.70826,5168.242749999999,4441.8193
105.52,103.8678,7529.976000000001,7225.696
82.72,94.35982,9690.51525,9063.42
50.96,74.03136,11334.63925,10184.708
0.0,50.65967,12031.95025,10560.828
-21.04,12.188881,12195.588500000002,10611.381
0.0,-5.0316367,11897.70525,10698.66
-2.4,14.322094,11221.74725,10437.763
21.21,15.560804,10455.18125,9716.057
68.1,41.898907,8733.65275,8819.904
96.62,83.75114,7148.645,6711.328
110.65,111.272995,4139.622,4970.903
178.94,130.04333,1664.8825,2201.8816
284.7,176.8226,477.9485,493.6373
238.79,233.81104,13.14325,36.18113
157.0,173.50668,0.0,2.0209367
122.65,132.36517,0.0,2.0209367
111.28,111.01467,0.0,2.0209367
97.73,102.146095,0.0,2.0209367
89.1,96.10538,0.0,18.071327
88.3,89.40428,0.0,18.05714
90.01,89.105995,99.70725,102.06016
99.35,93.18076,793.1469999999999,750.61676
114.97,108.9199,2679.897,2269.1235
120.53,112.312775,5642.84175,4913.955
111.03,110.878174,8765.899249999999,7935.1763
71.7,91.28439,11197.04925,10511.342
42.07,57.664543,12765.66425,11700.561
16.32,34.1669,12853.27725,11378.924
11.81,18.205385,13108.08525,11333.2295
7.3,13.654525,12745.074,11193.243
29.09,11.579221,12226.925,10895.709
77.52,39.03612,11199.97475,10258.207
90.8,82.03914,9892.439,9560.8545
102.76,102.69992,7322.656,7886.235
152.12,116.35098,4286.669,5077.037
304.85,177.80269,1639.54625,2325.8865
471.29,307.43585,445.31825,557.11755
399.83,420.14172,12.23475,29.651417
243.83,261.44077,0.0,-5.3147693
145.91,180.3357,0.0,2.006746
119.29,129.42538,0.0,2.006746
102.89,106.623474,0.0,2.006746
92.54,98.60733,0.0,18.05714
92.08,91.89095,0.0,18.05714
94.23,92.83276,95.0775,92.55723
100.01,95.95563,751.24775,677.99994
115.57,111.238976,2590.10375,2158.7493
110.16,115.73863,5530.96475,4808.044
104.52,100.31319,8571.82325,7907.928
90.28,84.01948,10882.948,10546.119
68.23,72.816154,12538.63975,11722.131
24.6,59.591904,13450.72275,11371.46
7.35,21.78999,13682.332,11253.29
20.29,10.149618,13494.6155,11099.244
26.76,27.522293,12898.08025,10681.336
69.5,45.502956,11569.733,10160.792
82.61,86.30869,9741.18175,9490.699
106.28,101.20855,7162.77225,7442.395
193.93,134.09126,4165.03875,4982.696
303.29,264.6601,1591.0585,2138.5193
374.73,398.56543,436.04425,502.6379
197.2,351.95288,14.04775,-1.4316711
135.66,176.95117,0.0,-23.282053
117.35,124.914185,0.0,-9.689807
118.51,109.9625,0.0,-7.529866
101.11,108.680824,0.0,-5.3005786
85.51,98.23841,0.0,12.890286
88.05,85.267586,0.0,12.890286
85.51,90.38689,100.976,97.11188
94.78,88.89046,753.625,729.2451
104.62,106.05959,2493.1635,2178.6543
107.57,104.83542,5152.13675,4749.0273
104.9,96.6447,7765.74475,7600.0195
90.45,90.64891,9323.936,9474.13
75.06,76.20832,10161.162,10346.309
57.35,66.87592,10346.035,10303.489
42.16,53.45901,9794.22,10514.491
27.04,40.211998,9294.726,9380.151
22.76,31.759995,8570.027,8885.586
50.52,36.355217,7633.06575,7894.5176
75.0,67.23216,5771.87475,6607.8833
97.02,97.7441,4392.84275,4389.5195
156.55,139.74026,2935.06775,3038.028
154.39,226.50856,1299.174,1467.7795
202.25,214.06624,360.00975,371.25894
168.43,191.85667,14.01175,-32.432953
133.82,141.10619,0.0,-14.37992
113.97,116.549225,0.0,-5.3005786
110.48,107.3493,0.0,-20.730701
104.83,100.790245,0.0,-9.990691
102.26,101.97099,0.0,12.890286
98.55,100.52148,0.0,16.985252
103.91,97.522125,81.80975000000001,57.36466
107.63,104.272865,632.25575,655.6055
122.9,115.533325,1992.7935,1945.1498
116.65,119.936874,4249.1155,4150.8716
100.0,108.554085,6694.304749999999,6804.85
108.36,87.68818,8157.3595,8635.221
78.31,89.23508,9086.41325,9323.369
75.38,66.54401,9437.577,9751.56
35.85,67.8156,9381.0545,9342.887
22.99,34.07086,9925.351,9196.374
26.28,22.311924,9646.8725,9321.173
31.38,35.8824,9734.59275,8462.068
63.53,49.092022,8406.7015,7777.2695
93.76,77.296165,6380.315,6272.8545
111.47,113.17141,3945.36125,4380.7456
167.0,134.1614,1673.62375,2121.3489
220.79,173.30101,451.84625,489.29172
164.02,195.54352,11.19625,36.18113
130.04,136.73517,0.0,2.006746
110.6,115.41374,0.0,2.006746
121.31,102.664345,0.0,2.006746
117.62,108.69507,0.0,2.006746
107.65,110.77383,0.0,20.10109
103.64,104.57207,0.0,15.864987
96.23,101.208855,88.3755,77.26435
99.98,97.952896,714.1165000000001,663.98584
99.07,102.68957,2439.19975,1837.3832
102.12,93.84361,5266.1942500000005,4708.5522
82.14,90.3452,7574.83575,7570.8438
3.34,68.71955,8333.06175,9493.338
0.0,-4.0687394,9431.47075,9446.532
-0.09,-1.8899682,9027.09375,9797.358
-1.21,-0.32946593,9626.502,8995.012
-0.53,-6.563537,9238.4895,9416.948
-2.16,-1.6757488,9303.28525,8822.838
3.76,7.275365,8194.24625,8462.367
70.06,23.181194,6449.51475,6942.5586
112.56,90.66979,5566.1807499999995,4877.5605
120.63,133.16093,3219.1817499999997,3666.0154
158.04,148.28842,1369.90275,1650.8762
186.54,178.19981,342.78200000000004,463.26422
146.24,167.86691,10.824,27.458496
115.67,126.3572,0.0,-8.766526
107.79,103.64284,0.0,-7.126998
103.41,102.505165,0.0,-3.1601012
93.41,97.99546,0.0,-3.1601012
91.86,92.96357,0.0,25.05074
96.1,90.10075,0.0,19.444466
89.4,95.52259,84.81225,67.479515
87.77,90.2302,709.12025,583.9726
90.76,88.33535,2139.14425,1879.7906
97.17,84.2243,4155.32775,3894.0024
69.55,81.66136,6020.03175,6399.956
36.85,53.318493,7981.805,7856.1396
19.09,25.302792,9326.334,9176.532
10.12,13.460089,9992.9755,9619.097
6.08,10.37935,9748.395,9821.832
5.69,8.204508,8939.3625,9124.947
8.24,11.485466,9405.9275,8278.556
28.53,21.288116,8593.2345,8155.597
75.18,50.2332,6787.924,6954.7964
104.19,96.39387,5486.004,4857.378
115.68,124.8229,3118.28625,3430.6853
147.13,145.65305,1294.19625,1493.7924
177.24,170.46118,266.1955,383.42963
164.57,155.42416,14.1485,-42.71084
131.9,132.55402,0.0,-23.282053
110.78,114.62608,0.0,-25.134117
119.21,99.74801,0.0,-14.37992
107.02,106.773926,0.0,-25.134117
101.88,105.92041,0.0,-6.278145
98.98,102.5976,0.0,-7.201426
101.32,102.15567,46.3875,39.763103
110.36,108.76618,362.05725,581.4168
134.78,124.59843,1055.4515,1295.0802
143.85,140.79182,1956.61825,2657.102
149.78,132.8382,3622.67725,3848.8516
132.64,129.4485,4688.71425,5335.917
110.09,116.31352,5320.151,5899.1533
109.42,101.9954,6156.6535,6157.02
90.79,104.778275,5923.4455,6415.2915
85.15,89.21755,5597.36,6093.9663
90.73,84.71531,5573.29325,5511.3296
107.92,95.033424,4929.161,5056.6
125.02,116.18993,4304.4915,4146.35
148.78,136.0171,3277.363,3424.933
176.66,159.69026,2197.91125,2231.7026
261.33,196.68588,1153.3705,1271.0931
282.9,281.3728,363.64175,307.70706
193.89,266.292,15.50125,-6.7640786
120.22,164.24098,0.0,-13.42338
99.29,113.24338,0.0,2.006746
111.97,99.63378,0.0,-13.409189
103.13,107.8721,0.0,-13.409189
98.99,101.42039,0.0,7.639349
101.13,99.13082,0.0,11.752624
101.6,101.20563,56.72975,62.50679
102.62,108.15972,634.22025,454.8934
122.31,118.56996,1952.1905,1381.1362
119.03,130.28136,3655.46425,3175.918
116.48,118.21213,5445.376,5809.811
91.82,105.94524,6311.1735,7055.002
88.07,81.2256,6526.0165,7389.8447
89.1,86.1167,6173.516250000001,7064.75
90.3,88.23701,5808.0125,6284.3003
94.22,88.884155,5283.94675,5644.3877
96.84,93.64315,4815.960999999999,4720.1055
101.3,102.025246,4432.6445,4101.568
110.55,113.45357,3527.1255,3684.3892
129.17,126.3045,2487.866,2772.6194
132.11,153.92061,1454.362,1763.8074
154.17,174.12143,691.682,899.29346
147.32,199.84258,196.06075,293.11008
125.05,167.04411,14.9595,-4.9574194
118.22,126.0536,0.0,-13.409189
100.64,109.74333,0.0,-13.409189
96.84,97.046135,0.0,-13.409189
102.26,92.59108,0.0,-13.409189
101.28,100.47292,0.0,4.5093184
101.75,101.36675,0.0,4.5093184
96.8,101.64395,35.5,40.751297
101.19,99.50751,283.342,581.95667
118.95,111.46933,878.05375,1241.1982
122.19,123.7311,1824.308,2101.6033
120.08,115.27472,2667.28125,2997.133
105.99,106.86491,3709.1065,3748.9597
100.77,92.89448,4434.8375,4488.7217
105.73,92.71695,4958.75825,4912.1714
102.92,99.96017,4982.00925,4963.585
118.23,98.878555,4851.730750000001,4709.1084
118.23,112.407745,4607.19775,4311.626
120.12,115.33983,4545.3495,3972.5242
117.84,123.07329,3847.03325,3550.609
118.15,130.8829,2924.00275,2859.8914
118.15,140.52415,1878.89475,1792.6714
123.96,147.31657,908.0375,908.324
150.28,152.05531,255.7355,202.8032
143.74,145.41022,10.95375,-4.580282
118.26,128.2809,0.0,-13.409189
104.51,106.35035,0.0,-13.42338
100.91,101.33732,0.0,-13.409189
100.43,94.14562,0.0,-13.409189
100.43,98.63327,0.0,7.639349
96.66,99.5271,0.0,4.5093184
92.21,97.49668,35.9415,40.333893
98.51,97.41155,362.789,356.60797
107.5,111.412636,1181.866,966.63696
108.01,116.58969,2537.29025,2129.5515
105.57,107.4281,4324.556,3864.0273
88.63,97.1471,6501.346750000001,5696.156
78.19,80.28521,7788.28625,7197.8984
59.99,76.68345,8096.163,7921.4165
45.1,60.75481,8165.979,7704.495
38.97,53.537544,7653.071,7427.146
39.3,48.577003,7464.385,7015.6924
56.44,54.7785,6762.90625,6680.1387
76.59,72.30132,5396.7425,5642.6763
87.92,92.365,4356.644,3764.873
102.8,106.3667,2762.883,2599.8784
118.94,119.406456,1285.27375,1461.2395
141.49,135.48665,313.618,329.84372
139.04,140.83804,10.98375,-0.7222262
120.75,125.53945,0.0,-3.5009587
106.14,108.91004,0.0,-13.409189
101.31,100.48924,0.0,-13.409189
96.63,95.985275,0.0,-2.669173
91.96,96.2706,0.0,4.5093184
90.02,93.035995,0.0,18.621002
90.89,92.63908,42.729,54.492832
96.95,98.58964,421.356,382.34036
104.78,109.425606,1202.4807500000002,1005.85864
102.99,110.55746,2759.38025,2305.7524
101.9,98.10338,4055.15625,4489.723
92.35,95.46032,5016.57825,5709.0586
82.39,79.715965,5782.84775,6145.0034
92.95,71.96507,4852.896,6442.2314
100.82,83.63362,4932.949500000001,5177.7935
107.12,89.44655,4648.1635,4930.4946
111.24,98.44882,4270.461,4317.784
110.23,106.433495,3882.93725,3828.382
105.94,110.647995,3339.06475,3357.1821
100.22,113.83943,2423.378,2887.156
118.53,115.63878,1475.7615,1982.432
120.78,138.02611,907.34875,1020.24835
127.16,136.08562,370.7855,396.09058
124.38,131.54742,20.8265,7.480765
118.18,116.898476,0.0,-13.42338
103.21,106.41368,0.0,2.0209367
111.32,100.281075,0.0,-3.5009587
104.23,104.23125,0.0,-13.409189
103.47,102.46661,0.0,7.639349
100.59,98.79677,0.0,4.5093184
101.33,99.28541,79.37625,30.830975
99.86,101.52959,595.3625,440.0148
109.5,100.56851,1458.20325,1209.633
121.86,105.24447,2424.64575,2735.7102
123.99,109.3741,3554.48475,4060.449
116.35,107.15237,4410.628000000001,4940.909
102.24,97.631165,5103.377,5265.2954
93.99,95.04757,5489.27175,5437.338
91.27,90.62288,5579.996,5529.646
91.31,91.02024,6079.924,5342.4307
99.53,92.76013,5570.998500000001,5578.562
99.81,104.08545,5524.3715,4909.5415
99.39,107.77384,4759.2315,4516.758
106.96,112.72009,3645.42875,3441.2517
119.51,120.22316,2169.76375,2055.4531
110.56,135.70828,1006.96675,1133.39
122.03,123.737015,279.60675,404.78278
126.88,122.19101,15.21325,6.603422
125.17,113.72709,0.0,2.0209367
115.7,111.74582,0.0,2.0209367
115.24,107.37176,0.0,2.0209367
108.79,104.61084,0.0,2.0209367
108.15,104.37462,0.0,18.071327
107.31,105.145294,0.0,20.905056
104.54,103.656586,68.53225,80.33593
100.72,103.15221,546.398,644.36597
95.52,102.24251,1601.0115,1512.4379
91.96,95.92898,3459.575,2863.073
81.26,85.93227,4861.6125,5487.4707
38.98,72.50423,6150.793250000001,6462.8657
4.28,32.534153,7599.38075,6741.0205
0.05,8.86755,7803.39925,7858.8022
0.0,8.935745,7705.08775,7478.4385
0.0,9.839156,7381.731,7302.8994
0.0,13.066928,6688.32225,6790.93
11.74,22.260744,5758.060750000001,5874.0693
81.64,35.28233,5824.0785,4698.858
111.27,97.90509,3876.77275,4088.4412
123.0,117.96604,2022.03125,2259.9421
121.18,138.4757,1002.00425,1161.2129
126.38,132.366,273.431,251.82002
128.88,126.93669,12.481,12.125322
126.94,117.66737,0.0,2.0209367
116.13,113.48865,0.0,2.006746
113.94,108.91758,0.0,2.006746
103.26,105.71871,0.0,2.006746
97.53,104.69361,0.0,18.05714
93.83,102.01628,0.0,18.05714
97.68,98.99461,34.18725,57.076897
108.78,108.88195,561.9884999999999,550.8402
118.6,126.44744,1906.93325,1550.8239
120.32,129.45178,4036.65525,3244.9275
105.86,119.28343,6413.693,5929.3135
88.75,100.08651,7980.09725,8035.7354
81.45,82.26203,10343.68225,9252.446
77.82,78.84998,11074.19125,10681.244
71.89,78.185524,10003.86575,10786.742
64.94,74.89182,9791.68975,9659.807
71.27,69.91495,8767.241,8956.273
88.75,86.63451,8063.25775,7511.795
89.08,105.03776,6766.458500000001,6455.524
102.49,112.82212,4917.299,5018.5894
154.02,130.13411,2913.70725,2741.6252
242.42,186.93353,1269.2085,1372.2136
296.45,265.2326,282.12125,301.33447
220.33,258.72412,0.0,-14.465667
135.28,171.92337,0.0,-3.1742918
115.29,121.62103,0.0,2.006746
113.59,112.86306,0.0,-3.5151494
105.64,105.740364,0.0,2.006746
92.82,104.19754,0.0,20.10109
90.46,95.32982,0.0,11.738437
90.0,93.973015,46.51925,55.05225
94.21,96.681496,543.93075,599.97284
111.39,108.59139,1794.96125,1519.5568
113.28,113.9396,3944.76925,3456.8176
106.79,107.16037,6441.59175,6573.4907
90.27,90.07094,8590.211500000001,8405.122
76.28,76.79674,9324.196,9874.505
64.27,68.77621,9616.299,10059.026
61.14,58.762733,9443.06275,9808.084
76.28,57.563828,9204.14,9175.082
75.19,75.30417,7784.7065,8658.58
81.1,84.44072,7387.62225,6800.552
94.33,96.3307,5426.89625,6037.1475
103.13,111.59093,3947.41275,3733.4937
152.27,126.58483,2154.391,2302.4338
201.84,182.65489,867.16825,1022.2932
210.72,214.29283,188.38475,241.39066
158.32,190.2055,0.0,-16.47561
120.76,136.32465,0.0,-20.730701
110.99,109.49722,0.0,-3.1601012
100.33,104.91415,0.0,2.0209367
94.04,97.03204,0.0,2.0209367
91.36,93.66431,0.0,23.221275
94.0,92.42062,0.0,7.639349
93.14,95.14876,27.25925,23.754692
92.25,97.73043,306.36075,437.7158
106.31,105.16653,1253.4795,1218.4524
113.01,108.620445,2928.13975,2928.9797
111.73,106.24961,4784.28575,4715.5874
103.22,99.20056,7100.7967499999995,6606.488
84.33,86.827805,9071.05875,8378.076
70.0,74.23441,8910.55475,9519.963
64.99,64.83247,9068.365,8959.63
64.62,65.180435,8664.7205,8648.602
64.33,67.68613,8278.9085,8133.6265
77.74,74.52238,7911.88275,7195.8867
82.25,90.75305,6247.20475,6567.496
90.24,97.53884,4126.6205,4729.1714
114.09,114.582756,2411.42925,2360.936
164.5,139.91672,1051.14375,1048.5663
192.54,176.22166,220.665,236.02434
154.72,164.33324,0.0,-13.858973
125.21,132.58037,0.0,-3.1742918
113.53,111.95523,0.0,2.006746
108.16,103.28193,0.0,-6.182056
104.04,100.89319,0.0,-13.42338
95.54,101.23143,0.0,7.639349
99.53,97.37586,0.0,11.738437
100.68,100.78141,34.49425,28.30309
104.77,103.41835,367.2015,348.66107
121.7,116.26373,1261.95575,905.15497
123.37,123.54616,2440.33625,2331.0178
105.92,114.7831,4065.40425,4145.091
117.59,93.0642,5146.224749999999,6081.1387
110.98,98.65547,5874.5165,6582.4736
108.57,93.752785,6072.179,6582.496
102.52,95.78161,6823.73425,6511.348
106.82,91.08622,6379.44125,6800.596
111.51,96.16562,5454.094,6346.2334
114.57,108.684456,5574.124,5028.721
113.56,113.26812,4720.254,4516.973
118.77,119.82341,2918.7575,3324.2217
152.27,131.31406,1944.614,1987.2067
170.93,169.83035,919.8735,1164.4429
182.37,179.75116,256.373,301.02075
140.94,158.80328,0.0,6.638975
125.07,123.2622,0.0,2.006746
114.18,113.78332,0.0,2.006746
111.05,106.21556,0.0,-2.6833637
101.44,101.34995,0.0,2.006746
98.72,100.90183,0.0,11.738437
97.23,98.67355,0.0,26.426952
98.0,98.556175,31.88675,34.89692
107.68,101.54088,317.4105,371.668
121.0,119.123184,1142.66375,1071.8352
115.86,125.909966,2617.39375,2239.4036
109.4,108.9881,4638.907499999999,4190.2686
97.8,100.37635,6583.73725,6299.743
87.31,87.03739,8005.540999999999,7629.5664
83.97,82.33862,8641.3225,8263.179
81.26,81.78804,8931.9255,8545.892
85.35,82.317116,8530.421,8364.729
87.68,89.099335,8418.8925,7588.2124
91.61,98.11144,7929.1785,7138.399
94.62,105.85026,7046.41325,6281.733
95.3,110.38255,5257.986,4860.8867
117.67,119.39182,3298.00625,3010.9993
131.44,145.32948,1270.1565,1639.3287
154.98,147.48639,286.34975000000003,352.4018
148.65,139.35312,0.0,-6.745057
127.32,127.62228,0.0,2.006746
116.45,114.40833,0.0,-3.5151494
112.86,108.90823,0.0,2.006746
106.65,103.62095,0.0,-13.42338
104.71,102.165245,0.0,20.10109
103.92,102.08208,0.0,11.738437
98.83,101.663506,25.6465,36.16256
98.13,100.701416,303.68625,371.668
97.61,104.83326,1138.12525,1191.4272
92.02,100.72139,2478.38225,2428.7617
87.57,91.67488,4550.58075,4047.5757
79.92,82.931465,6594.271,6099.96
27.93,69.55288,8106.312250000001,7691.129
38.4,23.959496,8079.92225,8474.121
14.74,35.636673,7992.2605,7994.057
23.67,22.37263,8120.789,7657.0435
27.92,28.007364,7804.904500000001,7490.5615
79.85,42.568745,7432.275,6993.2544
87.58,89.14843,6735.60825,6163.469
94.65,99.91187,4892.80325,4983.0537
114.76,110.648735,2966.137,2968.3433
124.41,128.51942,1173.27175,1439.4983
133.98,134.47911,252.4345,335.8229
152.67,125.43369,0.0,1.4579365
123.51,129.91214,0.0,2.006746
115.4,110.15025,0.0,2.006746
114.36,109.243065,0.0,-3.5151494
101.95,105.91732,0.0,-2.6833637
102.63,102.132576,0.0,11.738437
99.94,102.83863,0.0,11.738437
100.17,99.238815,25.59675,26.503788
97.83,99.987465,394.43575,366.71973
95.7,100.33825,1548.93525,1012.66516
107.65,93.90015,3626.77775,2604.623
86.71,94.39695,6152.9245,5533.536
41.32,72.13634,7252.56575,7786.888
7.83,28.25695,8436.09375,8493.715
1.99,2.856718,8250.085,8750.944
0.0,3.4439025,8314.63925,8110.3237
-0.01,1.3543209,8146.786749999999,8171.7295
0.0,4.431858,8047.139999999999,7709.282
8.7,16.02766,8145.529500000001,7139.939
69.8,29.376003,6892.459,6740.0713
94.83,87.25491,5912.71225,4967.668
111.54,113.70984,3481.2605000000003,3539.6904
121.47,128.24574,1598.89825,1511.3154
147.9,130.01791,628.59425,337.86115
164.72,135.46753,0.0,-3.3023477
130.98,135.60951,0.0,-14.302614
110.39,114.99612,0.0,-3.1742918
105.44,104.63193,0.0,-3.1742918
100.4,97.60173,0.0,-3.1742918
93.67,100.48218,0.0,18.05714
94.06,95.614136,0.0,18.05714
92.65,100.08993,21.478,24.375774
96.47,105.2563,1024.68525,371.668
118.02,114.29473,2253.3095000000003,1761.4855
125.28,123.56951,4473.05775,4006.8186
120.68,119.834335,6732.4965,6967.307
106.25,104.964264,8870.884,8682.414
99.29,91.87767,10313.898,9885.121
94.71,92.814995,11316.582,10652.091
84.81,93.54243,11525.51325,10659.487
83.36,83.67112,11166.8195,10646.908
83.72,85.62607,10284.03375,10299.89
85.76,93.19553,8704.138500000001,9299.67
96.58,100.53251,7032.75725,7273.5137
106.06,115.62292,4988.8715,5249.966
136.05,133.17789,2613.3289999999997,3055.981
165.35,178.30154,1034.33325,1282.2744
172.4,193.85597,173.79000000000002,500.76678
132.09,174.86241,0.0,-39.09338
114.59,124.8707,0.0,-23.282053
101.53,102.538246,0.0,-9.689807
101.3,100.14976,0.0,-9.689807
102.18,97.22509,0.0,-25.119926
101.66,100.989075,0.0,0.027695626
101.97,101.882904,0.0,0.027695626
102.36,103.02888,20.81075,10.272305
100.83,104.3632,309.76750000000004,783.90546
109.76,109.82719,1031.08825,1256.7388
109.67,115.797066,2454.8095000000003,2126.7266
101.17,105.28377,4299.619,4176.503
94.23,90.532486,5912.00175,6193.8115
82.72,81.65546,6771.13,7330.1846
69.5,75.56837,7706.28675,7557.4194
24.26,67.78627,8213.6945,8018.327
8.48,25.991232,8069.72275,8006.862
11.97,16.518702,8020.973,7767.953
29.26,30.660427,7244.95075,7254.0327
75.3,50.55055,6057.00725,6009.8193
94.59,96.09037,4747.38425,4389.4033
108.04,122.15393,2751.963,2578.569
142.53,147.5757,1025.43975,1127.3248
169.18,162.24963,191.2965,199.28279
142.06,149.33388,0.0,-12.366096
112.5,124.799446,0.0,-5.3005786
101.45,102.89181,0.0,-3.1601012
88.37,96.4943,0.0,-3.1601012
93.07,86.749825,0.0,-8.682002
89.78,92.67607,0.0,23.311115
93.07,90.60605,0.0,7.639349
93.07,94.66493,17.13475,31.009747
89.75,96.46421,408.91375,360.8627
97.59,102.826584,1606.0155,1289.0973
102.94,102.46559,3577.97825,3120.5789
96.5,97.439644,5551.88375,5800.4346
78.26,85.11413,7166.13525,7096.7114
58.28,67.118034,7680.0065,8338.855
39.02,50.571545,7980.091,8334.157
21.16,35.468315,8342.27975,7980.028
22.19,21.201944,7612.54875,8066.498
46.45,24.266855,7458.05,7289.645
74.67,55.22278,7074.16525,6700.8096
85.5,83.60184,5389.87625,5901.816
88.81,95.90469,3949.4945,3720.1072
114.34,105.61756,2378.23925,2481.7354
190.72,138.37204,845.66925,1320.9703
188.08,193.59517,148.23375,207.54843
153.43,161.57382,0.0,-17.744314
114.95,132.52264,0.0,-7.1411886
102.94,102.88311,0.0,2.006746
97.97,98.932175,0.0,2.006746
94.86,93.12636,0.0,2.006746
93.05,95.34488,0.0,11.738437
92.56,94.06765,0.0,18.071327
94.85,95.03998,15.1805,29.616463
95.26,98.47279,376.5805,438.193
110.83,110.028244,1521.985,1454.4489
116.37,111.61925,3143.86,3632.6445
109.95,106.11583,4907.027,5195.9043
96.37,95.136,6831.774,6616.5903
89.68,81.418655,7788.00925,7940.0347
84.92,81.9849,8693.6615,8192.858
81.91,76.15924,8683.21025,8742.87
75.47,76.521034,8648.6165,8449.965
78.24,79.25076,7875.202,8105.1787
70.44,87.44984,7364.9365,6954.8125
83.76,87.19773,6244.30675,5877.274
111.85,102.29456,4918.93325,4575.04
144.44,135.03307,2750.50325,2671.5896
201.89,171.03987,1132.96875,1111.2449
228.82,210.46974,189.96375,227.02444
166.1,185.20993,0.0,-23.116076
132.97,134.93102,0.0,-9.703998
112.79,115.927216,0.0,-18.60442
112.39,106.33207,0.0,-18.60442
104.28,103.63415,0.0,-18.60442
98.67,101.14018,0.0,11.738437
96.22,98.72446,0.0,11.738437
99.11,98.41874,16.92975,19.82431
101.92,105.54605,326.01025,320.00186
111.87,114.93113,1219.2855,1027.4581
113.07,117.911125,2954.9065,2422.025
111.18,105.77241,4998.59725,4562.0186
112.2,97.717766,6537.17425,6793.908
99.01,97.35726,7512.9395,7640.8926
91.98,89.090515,8049.5575,8257.35
85.46,83.716255,8301.4545,8248.234
90.06,79.52953,7926.66275,8126.527
94.86,86.2816,7304.0195,7572.4844
94.76,96.40553,6788.8135,6463.748
97.82,103.52686,5900.91375,5481.739
101.97,113.59442,4299.285,4098.589
150.49,125.87235,2526.01475,2613.2424
195.59,173.8249,1001.54325,1220.5444
224.09,210.99702,197.97825,217.70505
171.06,186.1432,0.0,-12.390256
133.85,145.25627,0.0,-8.780715
113.66,117.06414,0.0,-7.86441
119.84,106.633194,0.0,-3.1742918
111.91,108.4728,0.0,-18.60442
105.74,107.30898,0.0,6.5574007
111.41,101.73464,0.0,18.05714
106.21,109.42306,17.6025,28.613693
112.5,104.36335,332.09925,360.8485
113.09,114.1806,1347.3285,1178.0656
113.73,108.72764,2972.9905,2912.8313
100.73,103.604004,4983.967500000001,4785.879
86.63,89.21259,7009.7315,6587.2866
80.5,73.52084,7916.7275,8212.568
76.1,72.2844,8208.52625,8504.707
67.13,70.92596,8145.3025,8044.3604
47.0,65.817665,7994.54475,7674.449
53.07,52.8192,7014.084,7385.496
72.08,61.912357,6397.84725,6153.379
96.43,89.1383,5006.6825,5248.6963
122.21,108.46843,3666.11325,3406.0613
147.57,138.7971,1884.7385,2111.124
128.05,170.62506,769.819,1016.44855
150.84,148.44739,153.90175,128.4431
143.68,142.33553,0.0,-12.810783
120.68,127.47134,0.0,-24.210835
115.19,108.66345,0.0,-20.744892
102.71,109.7875,0.0,-20.744892
97.09,98.24471,0.0,-20.744892
92.38,96.5599,0.0,4.4311166
89.85,93.430534,0.0,4.416926
90.74,92.26639,14.244,12.31067
89.65,94.57196,235.69925,358.17978
89.08,96.11195,845.1725,992.4719
88.31,93.25271,1722.888,1982.9171
97.96,82.026535,2818.93675,3128.9187
95.37,85.32047,3841.76975,4412.8145
96.82,79.98756,4983.639,5133.1953
96.41,84.51318,5681.20575,5633.0464
95.43,84.25265,5759.9532500000005,6036.462
96.27,84.53039,5296.42825,5810.735
104.62,88.28568,4662.647,4919.058
98.35,100.56438,3900.76475,4013.122
111.75,105.16193,3354.504,3232.746
106.96,124.25154,2661.957,2698.8904
107.14,124.68562,1523.66675,1670.6261
106.65,121.14807,651.97275,801.7707
129.97,116.88301,150.56725,170.24895
136.84,123.07912,0.0,-24.196644
126.83,121.03227,0.0,-20.730701
109.3,112.79273,0.0,-18.60442
97.95,102.58684,0.0,-18.60442
87.44,92.93776,0.0,-18.60442
92.06,89.36433,0.0,6.5574007
91.81,94.75477,0.0,6.5574007
95.43,97.694046,7.41275,14.451144
90.01,103.4043,149.209,352.75894
108.5,108.422134,616.0865,730.87024
119.43,122.420425,1276.29,1674.9407
118.56,123.754486,2217.48275,2385.2288
129.09,112.52202,2930.97875,3522.5046
106.38,118.65963,3646.6455,3791.7463
103.49,103.634445,4434.64525,4270.2207
95.43,103.648056,4974.58,4550.039
84.54,97.73803,4640.5287499999995,4703.806
82.87,88.39062,4396.2075,4148.705
83.5,90.5268,3858.06225,3760.9016
83.2,94.32638,3290.11725,3144.1245
93.11,97.615746,2607.8555,2400.083
110.55,111.22927,1461.9,1563.6193
124.21,128.5819,679.80125,743.0096
134.94,140.51706,107.1735,73.2533
129.03,128.32422,0.0,-13.409189
110.25,119.542854,0.0,-13.409189
92.61,101.18404,0.0,-13.409189
87.94,89.71334,0.0,-13.409189
85.71,85.34312,0.0,-13.409189
84.46,85.73953,0.0,4.5093184
83.79,86.12604,0.0,7.639349
85.94,87.44333,7.90475,9.267562
95.18,90.74927,225.154,192.26198
101.75,108.20401,1130.3515,651.12585
109.11,113.52616,2806.873,1814.0295
97.53,108.84545,4516.993,4077.3127
81.8,95.519615,5931.82575,5742.512
68.39,75.424416,7230.16775,6754.582
53.93,65.088165,7814.73725,7464.127
23.48,55.020775,8160.586499999999,7689.9297
7.48,26.930216,7671.5085,7694.856
13.59,16.400257,7065.8975,7190.0728
24.68,29.177677,6745.20225,6172.4
70.67,42.539978,5924.05325,5444.4487
92.37,85.64102,4735.75475,3734.3303
112.59,110.250854,2757.12475,2624.9485
146.24,131.74455,1055.307,1210.8374
190.44,155.06374,143.4715,173.09251
137.14,160.7618,0.0,-17.744314
115.47,120.21613,0.0,2.006746
104.05,103.751335,0.0,-13.409189
95.9,95.96063,0.0,-13.409189
91.85,91.81606,0.0,-1.9601436
93.47,91.26307,0.0,20.10109
94.69,94.00341,0.0,11.738437
93.55,97.15521,7.849,14.845227
96.75,97.51037,321.33475,285.21896
103.12,105.862755,1670.179,1165.3905
99.34,105.53484,4306.6182499999995,3445.0422
91.78,91.16818,7366.175499999999,6687.31
73.82,77.76042,9052.6045,8959.58
58.59,59.070763,10049.09125,9872.034
40.44,49.779324,9913.9005,10418.235
24.79,37.142857,9599.136,9953.736
17.69,20.882942,9491.70625,9307.358
46.74,23.329378,8912.63625,8781.332
42.96,55.952034,7720.266,7966.905
59.58,56.193684,6848.19525,6514.2197
82.28,78.53616,4949.306500000001,5090.772
116.37,102.43467,2833.2435,3077.2285
155.09,142.95891,1027.02375,1193.3163
192.39,169.48764,129.355,189.30148
154.13,161.99086,0.0,-6.9943333
116.2,130.81784,0.0,2.006746
104.17,102.746956,0.0,2.006746
106.33,96.43591,0.0,2.006746
101.57,98.500275,0.0,2.006746
97.36,100.68436,0.0,20.10109
97.36,98.45608,0.0,11.738437
95.24,100.55376,7.987,14.845227
96.92,99.61184,303.51925,364.43887
108.1,109.1384,1397.3925,1169.6099
101.22,111.75851,3250.1515,2793.1174
94.0,98.30797,5649.511,5310.653
91.28,80.356514,7030.79925,7466.294
73.72,76.507866,8106.400750000001,8481.671
71.5,64.61231,8366.91475,8919.969
62.18,65.19616,8943.8655,8590.26
60.5,56.69983,8020.53525,8734.744
80.04,56.93735,7255.8725,7712.2896
94.02,80.84353,6692.0435,6435.4927
97.07,96.8591,5012.9310000000005,5586.7095
91.22,108.2869,3513.79875,3630.2288
112.38,112.185234,2319.5155,2324.0042
136.97,138.93434,815.0327500000001,1200.9291
155.51,159.10472,108.63525,102.86996
134.0,146.19363,0.0,-1.8232584
123.64,121.41503,0.0,2.006746
103.02,111.46016,0.0,2.006746
105.42,99.918526,0.0,2.006746
98.71,98.78965,0.0,-13.42338
92.01,98.350784,0.0,11.738437
88.72,93.464905,0.0,20.905056
94.26,93.00101,6.10225,24.01184
101.03,97.66388,274.97725,360.8627
106.79,111.99122,1302.4415,1284.6255
110.31,108.53806,3139.60825,3377.8818
106.22,101.73482,5188.5957499999995,5353.5312
98.89,94.224785,6712.0845,7223.9434
78.2,80.243576,7561.60175,8070.2334
73.03,67.07654,7740.14075,8296.248
72.15,66.33577,7948.6085,7875.692
76.09,67.23502,7598.292,7830.939
79.65,77.28665,7440.1815,7295.2954
88.15,87.493454,6447.35175,6567.497
83.98,97.983025,4997.59775,5281.099
90.73,96.46966,3672.1995,3329.8271
117.13,111.67703,2106.9855,2129.786
144.64,142.15485,856.10575,925.6515
153.66,159.63318,115.446,105.65043
142.84,140.96268,0.0,-1.8232584
117.39,127.590775,0.0,2.006746
105.05,106.379715,0.0,2.006746
106.8,102.22055,0.0,2.006746
101.79,101.86223,0.0,-2.673394
98.16,100.80251,0.0,26.426952
99.26,98.6079,0.0,19.430279
99.26,99.01892,8.4825,18.971775
91.19,102.71606,265.4475,269.02588
89.78,98.24745,1332.8847500000002,1215.1682
93.42,90.50571,3441.6475,3038.541
105.12,88.733185,6002.2285,5417.6016
61.77,92.56368,8018.454,7988.149
31.62,47.29566,9338.187,9369.406
5.68,25.36707,9341.65775,9782.996
2.95,4.9152412,9347.9375,9280.413
0.0,5.4700575,8545.2595,9094.027
1.18,7.5330167,8634.330750000001,8127.286
81.27,21.649738,7155.8715,7737.656
101.43,87.93509,6309.0195,5679.63
115.79,116.29149,4663.47375,4878.231
110.94,134.09729,2617.276,2543.2642
125.91,131.01456,834.23175,886.4914
144.05,136.59975,103.17075,122.12699
119.98,133.65175,0.0,-12.205846
109.08,108.50068,0.0,-8.696193
95.7,99.25234,0.0,-2.6833637
87.9,93.46353,0.0,-1.2131178
77.69,85.03442,0.0,-1.9601436
71.83,78.13463,0.0,20.10109
69.26,73.72834,0.0,15.879178
66.37,72.45093,7.11975,18.971775
74.78,69.9857,210.28975,218.33617
75.99,77.83533,964.6175,875.463
96.71,76.48497,2032.7065,2330.428
98.83,87.19666,3469.3355,3943.26
88.83,80.60276,5040.3315,5353.269
75.29,73.19544,6008.893,6468.4263
53.04,64.47778,6728.406,6752.2207
65.0,43.57351,7053.21575,6983.6445
76.38,56.58511,6745.91525,6697.7515
91.24,71.844696,5798.67025,6343.076
91.5,92.81304,5159.01325,4999.555
89.71,103.53239,4460.22875,4154.4136
95.64,105.34124,3167.8554999999997,3308.0225
86.49,109.98481,1668.54425,2004.226
96.02,103.6879,665.373,638.2548
114.43,109.009285,83.54525,48.658096
105.22,106.44498,0.0,-12.549084
102.03,98.82618,0.0,2.0209367
85.09,95.91631,0.0,-2.673394
82.54,79.897675,0.0,2.0209367
77.78,77.648315,0.0,-2.6833637
70.18,78.824524,0.0,11.738437
74.58,72.68798,0.0,20.10109
75.7,81.04704,0.0,26.889912
83.47,85.39377,206.6325,163.61221
95.93,101.97839,1041.921,828.82935
102.46,111.229866,2522.5105000000003,2292.867
99.27,104.57669,4045.58025,4589.0527
102.96,95.375206,5270.90775,5882.51
87.03,93.60652,5503.52425,6532.5337
80.67,83.4721,6514.521000000001,6354.268
85.02,81.20084,6717.26275,6692.4136
84.45,87.2903,7005.8772500000005,6492.5127
83.55,87.6615,6682.4545,6403.3486
84.24,92.842415,6163.858,5693.4434
85.21,94.71543,5493.99275,4939.139
93.02,99.41168,3777.70575,3826.194
124.06,112.76673,2195.866,2031.7349
163.8,143.43501,841.94325,759.67816
189.6,163.42648,75.888,72.42646
144.12,155.56058,0.0,-2.3141859
104.45,125.59777,0.0,2.006746
101.7,94.96139,0.0,2.006746
84.45,95.90816,0.0,2.006746
86.94,81.70691,0.0,2.0209367
83.76,83.834076,0.0,18.05714
81.84,83.53742,0.0,18.071327
81.84,82.533936,0.0,18.071327
85.0,87.54708,234.05575,178.16522
94.04,94.94536,1334.5155,1148.1803
95.35,101.62012,3038.21475,2904.0266
93.2,90.287415,4764.94775,4960.004
77.63,83.39637,6117.75475,6405.902
64.16,67.05177,6600.3735,7206.5044
39.59,57.337265,7067.1645,7237.456
69.16,41.04844,7429.04525,7193.271
86.61,68.922264,6918.94325,7314.2905
90.06,86.26647,6123.93825,6515.018
95.31,94.44723,4861.5765,5556.796
98.33,104.53345,3732.536,4000.0999
111.77,110.30067,2628.767,2752.864
135.85,130.49048,1414.6732499999998,1582.0621
165.21,161.11172,452.6745,773.0542
170.26,173.98222,62.797250000000005,23.491879
115.6,149.47847,0.0,-25.119926
101.77,105.52761,0.0,-20.730701
85.06,93.96673,0.0,-13.42338
114.41,82.09607,0.0,-13.42338
109.21,103.39737,0.0,-13.42338
99.57,105.549545,0.0,11.738437
95.19,97.39362,0.0,4.5093184
94.93,94.187645,0.0,7.639349
98.08,98.5322,170.988,231.27199
115.49,107.73773,986.3995,992.82794
113.63,117.00055,2630.75925,2195.3335
83.88,102.7398,5240.81025,4423.2944
27.75,71.97995,6991.7785,6885.1885
-0.01,20.599384,7920.03025,8139.237
-0.69,1.3777347,7317.812,8637.109
-2.45,-2.3261015,7830.9535,7638.697
-4.38,1.1737483,8196.95,7754.8257
-1.94,4.7136283,7833.27325,7632.857
9.82,13.073217,8500.35375,6845.7
22.53,28.520678,7105.499,7209.4204
85.07,47.51501,4896.2225,5139.766
114.59,106.41415,2772.2115,2918.6953
122.38,139.4837,863.20975,1230.3176
175.88,142.29831,65.36525,99.657036
157.78,147.60132,0.0,2.866851
110.0,130.73293,0.0,2.006746
101.71,97.82534,0.0,2.0209367
97.76,100.61573,0.0,2.006746
98.09,95.55038,0.0,2.006746
94.1,97.97479,0.0,18.05714
94.1,94.7726,0.0,18.05714
92.81,94.7726,0.0,16.601936
95.38,97.21518,224.01675,226.11302
110.91,109.069374,1329.0665,1050.3379
106.26,113.19661,3373.8615,3085.6838
105.07,94.98669,5849.72825,5827.719
52.54,88.04266,8063.007250000001,7732.739
7.23,36.503803,9678.56725,9218.679
0.0,4.4506984,10350.914,9966.13
-0.14,2.9500892,9087.34725,10402.432
-2.61,2.9136596,9289.6505,8995.595
0.12,-0.6220518,8776.8475,8891.48
65.01,17.501822,7630.74575,8018.544
86.64,72.685974,6939.6875,6536.2065
86.27,98.814896,5054.32,5215.3125
116.75,106.24737,2584.71025,3205.3818
139.74,136.4563,763.77125,911.7104
159.93,153.06554,57.158,90.45746
129.04,141.52843,0.0,-2.3141859
110.0,114.85901,0.0,-3.5009587
101.28,98.291855,0.0,2.006746
94.82,98.03848,0.0,2.006746
90.63,91.45241,0.0,-3.5009587
87.08,90.790504,0.0,11.738437
84.02,87.72268,0.0,26.426952
82.3,84.80228,0.0,25.036552
91.71,87.11672,162.60525,251.4507
101.48,105.53801,1001.47725,1103.8705
103.63,107.749825,2321.1375,2832.4583
94.78,94.8576,4140.33,4336.67
103.91,80.53796,5746.196,6131.754
77.47,83.62839,7712.23475,7199.113
70.45,65.46272,9368.63775,8335.814
64.97,63.673145,8924.457999999999,9112.0
46.8,57.327858,8230.92625,8615.562
51.52,45.170704,8046.594250000001,7691.6143
64.47,60.14335,7577.23925,7231.945
84.83,78.98188,5888.5565,6308.85
90.61,99.17978,3830.01475,3858.2273
114.15,111.433,2028.00275,2156.5405
150.16,136.43951,674.15175,786.8306
190.47,156.46483,77.196,0.8088301
159.51,156.87656,0.0,-14.394111
123.86,131.22145,0.0,-10.004882
109.28,108.05755,0.0,-18.60442
103.47,101.545616,0.0,-13.42338
103.47,95.94024,0.0,-6.1962447
102.83,98.4757,0.0,15.864987
100.99,98.039764,0.0,20.10109
100.53,94.62787,0.0,20.905056
100.53,99.66606,244.504,170.13121
99.73,101.73071,1269.3517499999998,1122.749
94.89,96.91405,3575.322,2605.7705
94.18,90.05104,6509.94875,5877.8936
23.49,82.77114,8379.639,7964.231
-0.02,10.519332,9798.4435,9514.731
-1.0,-1.6758442,9218.3095,10163.973
-8.37,-6.3723984,9193.24175,9230.295
-15.96,-14.762952,8928.83475,8988.312
-15.36,-12.300191,8104.61775,8450.45
-3.48,-2.944682,8450.84925,7201.1245
73.28,24.140558,7516.5785,6993.938
108.86,96.930824,5229.01175,5514.445
108.2,131.1549,2652.51425,2881.8777
137.27,135.03221,895.10575,810.82007
146.34,149.54474,145.61225,72.382454
124.92,130.9531,0.0,-8.843892
111.56,111.78612,0.0,-8.780715
101.44,101.158134,0.0,-3.1742918
84.99,95.31591,0.0,2.006746
83.67,79.95788,0.0,2.006746
83.79,81.357994,0.0,20.10109
82.25,81.619644,0.0,15.864987
82.6,80.66703,0.0,19.430279
84.75,82.67359,309.50825,202.76578
83.08,84.597046,1199.1265,1122.9551
72.51,80.9394,3083.506,2867.1328
26.38,67.13578,4508.32,4966.558
-0.01,16.99834,5369.05825,6202.3276
-3.29,-5.140638,7059.88775,6736.0415
-15.6,-9.480653,7494.546,7708.3384
-39.44,-20.950924,7952.893,7484.64
-61.52,-18.67745,7942.50925,7738.7617
-52.63,-15.015694,7428.357749999999,7439.6323
-21.12,-5.7753158,6613.15575,6607.0864
-2.48,0.21211348,5516.06675,5385.6406
0.61,29.054544,4752.3952500000005,3905.6155
85.94,34.74692,2668.13925,2609.1138
112.88,105.2012,917.05925,907.2294
125.83,119.81952,116.2145,131.88715
121.56,112.99066,0.0,-7.529866
107.38,106.729675,0.0,-3.1742918
99.19,95.32411,0.0,2.006746
101.98,88.01659,0.0,2.0209367
93.75,90.92771,0.0,2.0209367
88.83,92.90742,0.0,18.071327
86.5,90.46189,0.0,18.071327
94.7,88.02793,0.0,18.071327
106.06,100.54885,286.24675,289.21454
133.21,116.521454,1519.756,1114.1628
132.94,127.92749,4174.7095,3289.3735
105.0,120.95465,7351.930249999999,6569.287
61.34,95.32736,9811.38125,8919.474
24.31,52.732525,10508.485,10690.854
2.54,23.029606,10961.96275,10707.332
0.0,13.830536,11205.49275,10911.907
0.0,12.143975,11042.124,10726.119
0.0,14.5536375,10785.88025,10485.582
10.44,24.955605,9577.437,9770.597
70.84,38.092026,8470.94075,7731.261
95.4,86.02171,5856.56775,6584.0034
121.31,118.21098,2871.5145,3343.0637
186.35,145.5828,865.0465,1133.2651
258.49,189.44014,84.026,85.52932
142.2,196.37498,0.0,-3.1742918
108.87,126.52873,0.0,2.006746
96.0,99.96714,0.0,2.006746
93.0,93.170296,0.0,-1.2131178
89.67,90.63948,0.0,-2.6833637
85.41,89.98605,0.0,18.05714
85.37,84.601875,0.0,18.05714
87.13,84.96567,0.0,18.05714
94.99,92.99473,305.44525,231.83519
108.46,111.17019,1522.943,1330.4564
105.36,113.20092,4159.5725,3719.6685
98.2,95.37766,7270.60825,6907.506
85.79,81.81457,9769.59175,9358.01
42.23,69.40931,10903.484,10840.318
24.37,35.650066,12146.62,11282.643
8.38,21.169205,12246.53325,11249.565
3.0,10.545266,12003.1065,11184.731
5.15,12.91542,11256.25225,10892.529
35.05,24.585691,9844.54925,9968.401
85.15,52.639027,8306.712,8404.316
100.66,103.32969,5501.75025,6136.8096
137.23,125.86716,2524.9565,3235.8718
222.15,170.23958,634.719,768.07965
294.17,233.92722,21.857,49.479218
157.56,215.9324,0.0,-9.703998
114.27,130.11462,0.0,-5.3147693
97.96,99.45028,0.0,2.006746
97.08,96.99036,0.0,2.006746
90.0,95.39964,0.0,2.006746
88.65,89.91647,0.0,18.05714
87.16,90.59347,0.0,18.05714
87.99,87.505455,0.0,18.05714
94.0,91.96235,146.25025,271.6444
109.09,106.84613,1120.9375,1197.4375
107.88,112.82825,3351.289,3326.3308
104.93,98.0184,6256.19075,6037.1704
77.9,89.40746,8169.380999999999,8314.487
47.12,61.243053,10054.81,9487.304
40.32,39.098408,11322.05125,10595.915
23.64,38.138535,12094.5055,11175.435
18.48,21.960285,11710.51025,10994.34
41.42,25.025795,10808.255,10691.097
70.9,55.141037,9537.80725,9800.295
85.48,86.48094,7490.42025,7831.5776
96.64,103.379585,4977.586499999999,5543.847
138.44,133.39308,2389.84375,2827.4128
227.6,202.87201,637.34775,754.8753
260.92,259.43182,53.57525,8.9096155
154.87,197.08672,0.0,-23.296244
123.21,130.33829,0.0,-9.703998
106.27,105.70223,0.0,-7.529866
98.1,97.94057,0.0,-14.288422
95.76,91.72011,0.0,-8.766526
94.82,94.32968,0.0,12.876096
94.82,94.82847,0.0,18.05714
94.78,95.07719,0.0,18.05714
98.57,99.01557,190.05325,153.76878
111.99,110.34247,1201.42875,1129.883
110.45,114.717674,3712.01125,3318.1838
100.15,100.768524,6746.31575,6356.5674
91.77,82.95729,9317.23975,8711.47
78.46,73.52544,11241.94475,10437.179
67.35,67.85128,12341.832,11304.958
52.83,61.61437,12723.511,11055.585
41.58,47.84119,12497.79875,10895.12
54.9,43.869312,11657.1615,10614.258
69.43,63.713627,10104.41,9770.92
95.75,87.53349,7904.5315,8175.6113
108.22,113.637596,5192.41725,5805.065
152.46,143.02945,2371.0495,2946.7212
250.08,215.21758,598.335,692.7447
285.27,276.1392,46.3595,5.018123
155.82,213.30806,0.0,-39.953484
121.01,128.61151,0.0,-23.282053
105.95,107.59981,0.0,-9.703998
99.8,97.91678,0.0,-8.780715
99.14,93.42689,0.0,-5.3147693
93.74,96.59633,0.0,12.876096
94.54,93.5818,0.0,15.887544
91.76,94.04381,0.0,18.05714
96.65,95.12006,140.99475,145.65985
101.3,107.42679,1134.44375,1019.9802
100.98,105.47495,3577.035,3236.9385
95.88,92.05467,6592.15825,6159.0586
76.64,84.923615,9098.7845,8616.02
32.01,63.064617,10042.42875,10467.28
3.0,32.132835,10684.81225,10433.627
0.08,9.829182,9732.24425,10536.992
0.0,7.901929,9468.14725,9357.548
0.0,11.320865,9585.88575,8891.826
1.7,21.912138,9075.62,8586.098
25.94,37.4795,7124.1365000000005,7765.032
100.78,63.120434,4983.24125,5151.1826
117.3,133.05756,2312.033,2630.8738
122.78,175.06165,601.2882500000001,690.0802
135.71,169.12086,46.978,2.1282213
113.44,132.91579,0.0,-39.967674
105.94,102.74932,0.0,-23.296244
101.91,95.44802,0.0,-9.703998
96.07,95.16972,0.0,-8.766526
94.57,91.15864,0.0,-8.766526
92.35,93.097984,0.0,7.2838674
88.0,91.69958,0.0,10.7498045
86.24,86.96674,0.0,17.729233
87.46,87.75931,141.0205,135.34885
90.91,91.16852,1012.1455,1073.441
89.95,87.71537,3060.87,3131.7178
80.14,80.89171,5478.82475,5546.764
66.63,64.59502,7941.02375,7329.0913
25.42,50.931747,9672.86975,9184.535
3.8,19.092943,9084.60525,10234.081
0.17,2.5585663,8693.721000000001,9253.399
-0.01,1.6048087,8297.77275,8571.095
-0.01,5.246904,7903.37075,7949.6694
-0.02,14.700618,6935.9825,6939.8716
-5.51,23.91452,5837.943499999999,5871.7637
77.43,33.783085,4714.68975,4208.8184
81.75,106.46343,2152.251,2638.7668
105.03,109.588745,586.96475,863.4316
112.7,113.68355,23.04925,38.12316
105.92,100.641136,0.0,-12.948271
96.07,94.838974,0.0,-9.689807
90.01,87.305984,0.0,-8.766526
92.52,85.50595,0.0,-5.3005786
88.0,86.91875,0.0,-3.1601012
86.45,85.42464,0.0,18.071327
86.15,82.78688,0.0,23.221275
87.06,82.65999,0.0,18.05714
89.15,85.31593,134.07350000000002,215.72472
88.93,91.51397,1075.63625,1020.08167
94.1,84.63051,3321.1695,2609.5159
75.09,81.066154,5499.507,5412.9956
27.65,57.922756,7570.5365,7354.0957
4.79,13.782154,8085.173,8943.116
0.24,-0.2150974,7664.32025,8664.334
-0.11,-0.45884094,7923.6425,7963.48
-0.83,0.9165092,7830.14775,7881.953
-1.23,-2.6740508,6918.83875,7411.6436
0.65,6.0006,6645.231,6291.967
10.17,20.12373,5576.30025,5398.0684
70.98,33.793697,3877.0725,4038.1702
110.38,83.67677,2273.97925,2315.9834
110.15,123.00769,555.02525,928.04144
111.22,112.52994,19.48,47.844254
110.15,102.020584,0.0,-3.1742918
105.07,99.67268,0.0,-3.1601012
102.46,91.98284,0.0,2.0209367
91.57,95.272,0.0,2.0209367
86.99,85.3027,0.0,2.0209367
83.97,87.61756,0.0,18.071327
83.13,85.728966,0.0,18.071327
88.41,86.71112,0.0,15.879178
99.04,98.10066,73.57525000000001,162.75096
117.71,116.41498,918.94675,1102.2762
130.78,128.46237,2776.79725,2741.6196
109.42,122.83357,5120.067499999999,5146.1353
93.51,97.176315,6899.86225,7021.2324
93.4,82.1767,8103.92975,8300.271
89.62,87.7545,8335.25575,8695.211
91.99,87.74998,8046.4915,8410.163
91.44,89.961494,7987.468,7845.2974
97.15,92.462,7112.438,7572.744
105.64,101.28425,6703.6795,6453.738
97.78,110.18869,5471.4205,5579.783
93.6,110.22391,3973.9445,4146.6685
111.58,113.531395,1850.685,2299.4417
193.25,138.09973,462.38225,751.5414
242.75,203.68263,0.0,-5.848227
126.58,188.68417,0.0,-15.57878
107.38,114.66843,0.0,-13.42338
101.61,98.580574,0.0,-13.42338
100.95,97.18138,0.0,-2.6833637
94.69,94.853096,0.0,-13.42338
88.07,95.16605,0.0,15.864987
86.21,89.887146,0.0,25.036552
89.9,87.64407,0.0,21.074394
102.35,94.92607,81.76275,191.26866
111.02,116.287025,1086.5795,959.42926
109.72,121.35611,3602.81225,2850.0156
98.05,102.86057,6613.74575,6116.1123
88.57,87.37821,9404.5885,8608.694
69.64,75.8271,10001.7975,10498.579
43.23,64.06266,9259.71425,10364.307
25.5,42.352165,9625.24975,9245.518
49.98,31.261913,10456.56275,9389.496
69.27,55.05279,9790.19175,9972.446
77.99,83.24142,9298.59375,8514.996
97.48,90.66597,7497.6325,7727.5884
96.5,112.059586,4959.176,5758.778
155.22,119.74035,2172.9115,2792.2021
221.02,191.27602,431.3645,679.2599
239.22,240.44525,0.0,-19.578608
125.95,187.11807,0.0,-20.744892
104.59,112.343636,0.0,-6.3941636
98.26,95.15548,0.0,2.006746
97.6,93.30459,0.0,2.006746
93.04,92.73353,0.0,2.006746
87.56,92.34794,0.0,18.05714
85.63,88.16774,0.0,18.05714
89.68,84.812744,0.0,18.05714
98.84,93.68027,60.586749999999995,102.06458
109.46,110.57021,841.18375,1037.1356
109.78,113.12217,2968.798,3033.8384
102.98,99.753395,5738.72825,5471.374
88.15,87.37163,8027.8575,7964.742
77.2,70.16555,9891.998,9529.666
65.38,65.29589,10325.63625,10503.8
48.61,56.312897,9358.462,10665.742
35.0,43.300777,8263.565,9295.888
41.92,37.03468,7849.59775,7732.2583
72.53,53.794727,7494.127,7017.5513
80.94,87.040535,6119.18325,6448.5337
104.03,97.91109,4224.87225,4478.1777
114.35,130.32268,1787.564,2247.7734
136.24,153.0525,362.669,575.95483
153.17,156.88347,0.0,-15.651321
119.69,136.53604,0.0,-3.1601012
105.44,108.51933,0.0,-11.363095
99.0,94.5439,0.0,-2.669173
97.5,92.87611,0.0,2.0209367
89.4,92.40302,0.0,2.0209367
86.61,89.363365,0.0,18.071327
89.75,87.201385,0.0,18.071327
91.05,90.564766,0.0,18.071327
107.83,95.80753,63.86775,101.73322
114.59,119.22802,959.7445,764.5684
115.84,116.35745,3440.02675,2793.189
107.06,104.56102,6429.187,5877.0728
98.78,92.83822,8736.35375,8313.635
87.7,81.19423,10442.5035,9957.871
79.75,74.773994,10733.8705,10744.202
71.47,70.10891,9787.16825,10851.277
69.39,66.12007,9632.6355,9335.306
77.29,66.307785,8993.7405,9119.949
95.39,79.375725,8118.601000000001,7973.3438
89.35,102.46116,6145.984,6710.4824
109.16,105.74053,3964.102,4559.9106
141.16,129.37482,1738.5635,2217.9758
177.59,165.42072,354.23075,497.51862
179.88,179.09154,0.0,-12.185375
120.22,147.4908,0.0,-18.590229
107.25,109.81272,0.0,-13.42338
95.73,98.02987,0.0,-13.42338
96.84,92.41028,0.0,-3.5151494
98.26,91.79491,0.0,-3.5151494
94.25,97.29109,0.0,20.10109
95.44,94.103294,0.0,20.905056
94.03,96.500496,0.0,26.426952
95.44,99.81771,172.3125,91.07754
105.04,108.738365,873.93325,861.5745
106.67,111.588036,2889.3575,2642.7168
102.8,98.36776,5705.18025,5356.891
91.91,88.91588,7747.34475,7702.7427
73.31,79.1447,9401.222,9065.474
41.21,64.780205,9348.1325,9844.417
13.66,36.572044,9114.008,9412.699
3.43,12.416515,7939.141750000001,9012.908
-0.14,10.635732,7020.930249999999,7629.1123
4.03,18.068913,6166.6627499999995,6422.59
54.07,26.952091,5093.1545,5364.4233
85.04,71.97532,3594.83275,3844.8567
102.09,104.14425,1684.94325,2027.946
105.34,128.86789,385.178,444.77707
113.49,115.01768,0.0,-4.878053
107.52,104.718315,0.0,-13.42338
103.04,100.1284,0.0,2.0209367
99.0,92.85661,0.0,2.0209367
95.33,92.86317,0.0,-1.1989281
89.32,90.4212,0.0,2.0209367
87.71,88.22837,0.0,18.05714
85.16,87.332596,0.0,21.761002
85.49,83.73629,0.0,26.441135
85.55,85.043144,192.79375,136.21272
87.87,86.3535,868.72575,833.0069
92.1,88.36976,2315.73375,2233.844
83.38,84.410416,4233.67775,4163.3125
55.83,70.76155,5994.1075,6205.076
11.64,38.512936,6505.8345,7453.3457
3.31,6.2987995,6099.1855,7208.8438
1.3,2.8863876,5774.37725,6367.6865
1.17,3.902007,5584.21925,5721.3037
13.79,8.424286,5373.7657500000005,5320.5273
29.29,23.720121,5222.1115,4745.695
72.64,38.79862,3888.33375,4413.233
109.07,82.01573,2818.7799999999997,2876.9302
124.11,117.66837,1257.47625,1696.0029
115.71,137.28867,353.195,442.2865
127.43,111.69988,0.0,-8.776961
120.38,114.20912,0.0,2.0209367
111.16,106.01472,0.0,2.0209367
106.61,98.73105,0.0,-11.659831
100.5,97.690315,0.0,-11.659831
95.12,91.82482,0.0,-11.659831
94.27,92.123535,0.0,5.2196393
91.96,90.78551,0.0,3.0541136
91.01,89.085526,0.0,3.0541136
90.86,90.33289,163.8225,152.9782
90.0,91.78251,843.8947499999999,746.1338
84.93,90.16609,2857.9812500000003,2013.8622
54.61,73.16945,5530.02625,4872.596
-2.2,41.270058,7399.734,7239.34
-0.01,-12.223084,6743.5985,8495.388
-0.07,-0.6236297,6999.9725,7301.4053
-1.98,2.3010623,6952.57475,7054.3135
-7.45,-3.7738173,6871.025,6828.776
-7.4,-14.844218,6406.2555,6539.817
-0.1,-7.646798,5881.5905,5868.6143
0.0,18.311914,4958.75475,4784.688
65.0,29.655325,3568.3965,3420.099
100.68,83.47916,1881.56375,1915.929
110.61,112.96587,405.7295,574.6187
117.25,106.92781,0.0,6.653166
114.32,106.334785,0.0,2.0209367
107.5,104.01901,0.0,-3.5009587
100.52,98.94489,0.0,2.0209367
95.28,93.35538,0.0,2.0209367
87.03,90.4942,0.0,2.0209367
83.58,88.19883,0.0,18.071327
82.0,85.48243,0.0,25.05074
82.8,85.94296,0.0,19.464043
101.96,92.30351,112.1565,99.42927
114.56,118.38629,845.66225,742.348
123.79,124.71327,2595.317,2229.2104
109.06,117.90887,5045.29375,4399.593
91.97,98.675446,6507.9665,6983.2783
69.61,84.149666,6809.75125,7772.1865
35.02,67.81566,7635.9175,7236.879
10.0,39.4148,7097.3552500000005,7718.9697
5.93,15.932691,7260.41425,6931.8486
6.78,19.525517,6859.50225,6913.856
28.33,25.517569,6205.56375,5994.2056
70.75,47.562534,4886.60375,5024.4434
87.71,84.668365,3430.7515,3294.6003
111.78,108.053925,1578.96275,2020.8142
157.6,135.67542,296.27375,513.253
229.13,163.60736,0.0,4.401925
137.61,177.86684,0.0,-3.5009587
115.04,122.626015,0.0,-2.669173
105.15,103.35943,0.0,-13.42338
105.59,100.153755,0.0,-13.409189
100.98,99.45591,0.0,-3.5151494
97.65,98.99436,0.0,26.441135
96.06,97.146965,0.0,19.444466
97.84,96.28227,0.0,19.449852
105.78,102.71909,112.32525,83.60299
123.76,118.127396,868.91875,735.9902
123.14,129.9886,2930.34,2260.6528
106.73,114.34241,5801.01325,4937.6606
90.0,94.854645,8436.8605,7573.1665
80.94,77.449844,9572.15425,9437.686
71.04,71.05316,9292.51325,9948.064
65.0,64.97542,9102.4475,9258.946
70.99,59.43854,8809.8145,8906.114
66.65,68.36306,8854.827000000001,8350.939
81.69,71.48784,8233.61725,7827.47
96.58,89.24916,6805.36325,6674.8574
106.84,107.67008,4452.9755000000005,5088.0874
132.99,126.854515,1798.4325,2438.0337
194.69,160.85321,220.15425,504.67166
199.46,207.45369,0.0,4.500954
128.15,162.04752,0.0,2.006746
110.13,115.94043,0.0,2.006746
102.63,98.533875,0.0,2.0209367
103.1,99.51234,0.0,2.006746
90.67,96.88452,0.0,2.006746
87.2,91.00798,0.0,24.971745
87.94,87.940155,0.0,20.811417
90.75,89.04866,0.0,12.448761
98.53,97.36983,33.44775,68.46727
110.31,112.97859,612.86775,648.97034
115.43,116.28629,2237.0855,2279.4426
113.64,107.783646,4560.65975,4184.0405
101.63,97.68657,7191.81325,6554.7324
90.52,86.87253,9231.7455,8745.184
92.47,79.30853,10295.197,9680.701
71.47,84.4827,10164.962,10322.195
58.58,65.71358,9606.15175,9676.239
53.69,57.347538,8949.962,9170.416
77.56,63.11314,7699.40725,8087.7314
96.07,89.72937,6451.62475,6487.194
105.87,114.07436,3770.2515,4735.147
133.89,127.91115,1377.90725,1892.547
219.61,159.30446,184.29825,320.74588
219.33,210.12389,0.0,-6.776863
128.19,171.49658,0.0,-3.1742918
113.63,114.458206,0.0,-8.351654
103.57,99.07086,0.0,2.0209367
97.15,95.71258,0.0,2.0209367
92.0,91.0918,0.0,-13.409189
90.48,91.29391,0.0,21.74681
90.14,91.14174,0.0,21.74681
91.05,90.86964,0.0,19.430279
98.51,99.78474,28.703,52.581104
121.18,111.29711,631.08125,710.5885
137.1,126.72637,2496.08625,2121.8367
125.02,125.51198,5200.1627499999995,4400.4326
80.64,108.28607,7391.92625,7239.652
63.94,68.50415,9563.819,8622.361
55.14,60.030354,10418.20775,10156.912
51.75,49.68428,10050.134,10174.919
48.06,49.277405,9395.9965,9403.532
54.39,48.750595,8287.60125,8667.991
67.55,67.36075,7206.156,7284.2075
91.3,86.59262,5452.904,5773.232
127.16,114.993,3159.01775,3704.0857
157.0,157.16304,1215.4515,1448.9263
192.29,211.4374,174.5735,251.54047
151.56,211.10693,0.0,-54.523502
123.45,130.8218,0.0,-55.383606
106.98,111.03041,0.0,-55.383606
91.9,92.502205,0.0,-55.383606
87.27,84.946686,0.0,-55.383606
85.59,81.167404,0.0,-36.18144
85.01,83.8047,0.0,3.1021245
87.27,84.825226,0.0,3.1021245
94.9,87.57205,0.0,7.733726
94.52,99.39656,27.26675,56.03638
114.81,110.16948,536.696,708.7624
119.99,122.59335,2021.57875,2066.0645
118.33,113.94909,3830.189,4184.7075
109.7,100.23828,5060.965749999999,5642.655
100.29,93.11165,5810.18275,6335.71
100.17,88.31536,5958.516,6727.2593
87.87,91.59897,6247.769249999999,6064.197
93.3,85.07322,6538.7715,6053.491
98.25,92.93531,6353.63825,5968.012
107.87,99.13063,6160.593,5703.0366
114.81,119.583786,4881.87225,4934.616
108.6,131.77165,3248.40225,3139.5554
160.98,138.88489,1176.83525,1620.511
175.74,197.20914,172.16825,262.0908
190.97,160.11928,0.0,-54.523502
139.94,148.643,0.0,-18.484358
108.96,119.00438,0.0,-17.90698
97.24,97.24107,0.0,-14.302614
92.95,92.102066,0.0,-10.004882
87.13,88.82099,0.0,-22.974174
87.06,82.3383,0.0,6.5574007
87.88,84.28438,0.0,6.5574007
87.87,86.81244,0.0,6.5574007
88.83,88.75871,21.6195,62.00901
94.83,96.11832,347.30475,552.98895
97.77,100.04052,1451.32275,1291.2466
93.2,92.113754,3160.51,3372.9802
97.57,83.50435,4617.1767500000005,4872.7153
107.74,83.51092,6573.6669999999995,5650.7856
97.73,95.838295,8049.776,7104.861
93.8,90.629234,8044.11575,7950.5566
93.74,88.84629,7537.18225,7760.961
98.51,91.77559,6403.35875,7001.547
115.77,103.602325,5928.95175,5709.977
107.7,124.74871,4466.05,4547.5776
110.24,120.19862,2821.649,3010.0261
117.78,131.06192,1043.59675,1375.7849
129.89,143.01715,137.23174999999998,263.65073
137.44,133.84465,0.0,-11.126284
121.99,121.95883,0.0,-22.959984
106.99,108.1487,0.0,-9.990691
94.83,95.15341,0.0,-18.590229
105.45,91.09091,0.0,-18.590229
103.38,96.64233,0.0,-18.60442
103.11,97.60196,0.0,11.738437
97.48,97.80965,0.0,11.738437
94.56,94.56623,0.0,11.738437
103.38,93.98447,17.597,49.619774
103.38,103.69075,348.25750000000005,423.77792
97.48,102.44626,1635.61475,1200.839
105.92,90.20656,3660.28825,2860.7898
100.76,93.6157,5690.982,5252.4507
86.03,90.65373,7320.49775,6921.1987
59.35,78.776405,8327.481,7812.344
27.37,57.867146,8111.663,8204.743
56.43,30.251143,8226.14475,7702.3413
69.78,60.763958,8127.190250000001,7401.094
86.94,80.9469,7326.983749999999,7004.4375
103.14,95.632774,5648.31725,5736.2
160.96,113.30268,3364.27725,3668.498
122.53,163.35533,1120.787,1738.3889
146.86,137.8635,107.624,298.74826
141.71,137.83768,0.0,-4.454664
119.51,123.33332,0.0,-7.86441
106.17,106.73059,0.0,-3.1742918
96.06,93.71238,0.0,-3.1742918
86.11,93.48875,0.0,2.006746
84.27,83.0924,0.0,2.006746
83.56,84.38836,0.0,19.430279
82.67,85.08696,0.0,18.05714
84.2,84.87331,0.0,18.05714
95.09,92.01184,7.74275,46.988327
121.47,113.65804,430.29075,481.63828
134.1,134.3928,2047.72975,1686.2758
114.41,130.67184,4345.666499999999,4367.693
99.24,104.897354,6703.20275,6280.3794
80.57,88.189804,8941.7845,8184.5425
68.93,74.493706,9816.781,9575.89
48.12,69.84204,9421.6895,9861.35
56.27,49.201942,9147.82425,9016.811
75.01,62.976078,8937.1125,8620.704
76.29,88.56205,8078.62225,7783.7744
85.02,95.35812,6428.654,6232.7314
110.79,118.31008,3787.9525,4258.603
175.73,133.42369,1301.31875,1626.9755
243.85,195.62746,99.2145,170.24716
219.1,227.09685,0.0,-26.241196
126.24,170.68817,0.0,-15.366578
111.63,115.308334,0.0,-15.366578
99.63,102.728,0.0,-3.0444388
98.61,96.59407,0.0,-3.0444388
99.08,93.12894,0.0,-3.0586295
98.14,97.46227,0.0,18.05714
98.14,97.55703,0.0,18.05714
99.08,98.17686,0.0,18.05714
105.9,103.467224,11.257,42.563164
130.49,119.58559,560.38,525.5082
152.09,137.15921,2316.7915000000003,1898.0476
147.99,138.56548,5020.4025,4653.0703
115.4,127.97023,7493.39075,6861.5176
90.39,96.975174,8823.50675,8993.897
81.23,80.31913,8847.383249999999,9312.327
81.23,74.79654,9046.786,8756.985
85.85,76.56597,7896.5225,8626.412
108.08,85.018875,6277.077,7221.8267
116.45,111.871956,5341.2995,5574.648
101.42,129.15744,3643.30925,4143.0024
132.52,124.33511,2145.75175,2548.6362
178.16,176.4611,840.44625,1049.4744
304.72,224.6182,97.64725,71.98568
259.78,276.83063,0.0,-97.3909
138.92,188.07524,0.0,-30.872355
109.93,120.92731,0.0,-28.161226
93.92,97.89635,0.0,-18.747997
99.78,90.3908,0.0,-28.656227
99.31,94.20439,0.0,-17.91621
99.31,97.25957,0.0,9.919418
99.8,98.1534,0.0,6.185874
100.25,99.22442,0.0,-5.925279
101.77,105.735054,14.48425,15.475448
147.18,117.90517,369.778,529.77454
142.98,152.54341,1392.5615,1286.0544
112.19,137.67558,3163.6605,2925.961
100.25,103.93763,5289.192,4741.8804
99.31,89.006355,7116.3075,6593.5503
81.74,89.04002,8550.06425,7758.7036
79.61,76.328476,9443.17875,8735.384
79.19,74.91806,9701.8105,8944.735
84.12,81.295265,8985.40775,8821.532
100.72,92.74084,7797.3525,7538.1323
111.9,108.85094,6032.32275,6115.8037
127.66,131.7291,3657.74425,3737.6982
161.59,152.8045,1239.886,1737.9745
293.35,208.53313,96.11975,187.12001
244.45,280.802,0.0,-12.380191
139.7,182.07373,0.0,-3.0586295
108.66,120.71424,0.0,-3.0586295
100.48,97.95095,0.0,-3.0586295
101.4,94.12157,0.0,-3.0586295
102.81,95.39016,0.0,-3.0586295
101.4,100.142426,0.0,18.05714
101.4,101.016014,0.0,18.05714
102.34,101.13242,0.0,18.05714
96.24,104.56324,14.1955,29.602272
128.58,114.44687,506.42725,428.1027
122.05,140.73906,2557.6949999999997,1710.1755
109.24,114.91342,5606.68475,4790.04
85.33,95.04901,8266.5705,7321.5273
45.83,70.71019,9307.6995,9475.855
13.15,38.93853,10186.60175,9998.919
9.21,14.104318,10374.10625,9850.165
14.24,10.98774,9877.43575,10106.121
70.76,20.389097,9771.49825,9222.113
83.67,79.04881,9022.30175,8471.577
115.37,102.54227,6576.92925,7096.648
162.63,138.86505,3682.697,4383.5107
189.86,191.39037,1062.634,1601.3591
343.28,235.56288,67.70275000000001,41.96195
285.34,292.40515,0.0,-48.46102
147.55,199.45284,0.0,-27.115492
113.24,124.95014,0.0,-15.380769
104.79,99.193375,0.0,-13.240296
97.36,97.051994,0.0,-13.240296
92.38,92.28099,0.0,-3.0586295
90.04,92.53221,0.0,18.05714
92.97,90.74417,0.0,18.05714
101.47,94.655075,0.0,26.426952
101.94,104.53901,8.86425,35.610355
118.67,117.50281,486.9345,523.5569
131.54,125.86062,2560.56575,1899.3953
125.17,118.79073,5623.1404999999995,4868.008
100.98,110.73101,8393.45025,7508.742
89.27,81.2654,10128.75075,9758.233
86.24,79.43881,11014.82325,10535.183
80.02,78.82251,9993.36,10858.447
73.72,75.22554,8603.47275,9553.896
99.99,75.11427,7599.26975,8072.004
104.23,109.872475,5907.6855,6632.3604
102.41,122.36712,4202.58425,4294.4614
157.96,127.55116,2630.2895,2594.6584
170.26,179.75336,946.918,1055.6395
171.35,223.62515,143.0,61.176044
155.71,177.29324,0.0,-34.395203
121.29,140.20871,0.0,-15.380769
114.54,108.910774,0.0,-13.240296
102.59,98.80101,0.0,-13.226106
101.53,95.98455,0.0,-8.580526
101.14,95.86324,0.0,-6.278494
100.31,95.44095,0.0,18.05714
98.8,97.811035,0.0,20.919247
98.27,96.74001,0.0,8.355473
98.9,98.36697,46.83975,25.677498
102.44,104.762314,407.55525,446.26172
100.66,108.19268,1116.98,1321.6775
100.41,97.95661,2090.106,2419.4753
117.53,87.86423,2690.284,3505.9192
117.58,104.07977,3286.67975,3812.756
109.05,104.669815,3952.00825,4284.578
102.11,98.243324,4583.1525,4373.1143
102.38,91.62234,4258.615,4621.3047
101.12,100.21202,4027.08575,3996.418
101.56,107.31131,3564.5635,3404.858
106.1,112.421936,2760.225,2697.892
123.41,123.46042,1782.70725,1889.4214
125.35,145.717,721.34725,767.8296
187.4,144.91026,133.91725,65.55817
151.58,170.10962,0.0,-18.47456
115.15,128.1797,0.0,-18.47456
109.08,104.00467,0.0,-18.47456
106.29,97.825226,0.0,-18.47456
88.81,99.30687,0.0,-18.47456
97.85,86.83065,0.0,-18.47456
92.64,96.4404,0.0,4.256385
88.46,92.40057,0.0,8.355473
88.01,88.44876,0.0,8.355473
87.46,88.93218,46.21025,23.58765
86.36,91.3935,384.9394999999999,375.89066
91.84,89.040504,1435.52,992.3206
85.6,90.100296,3249.40125,2532.3376
86.15,81.749054,5013.31,4465.406
79.47,80.117355,6276.734,5893.6694
42.11,75.06276,6836.25075,6644.215
28.06,43.275204,7011.7747500000005,6690.8535
27.56,31.675838,7138.24075,6477.3647
47.02,34.69216,6583.507,6360.41
79.95,60.123753,6045.938,5604.218
82.79,93.18637,4739.7865,4459.42
97.65,105.006004,2879.1575,2680.2168
139.0,114.90353,914.205,1198.5891
181.79,159.98033,126.05275,59.049442
190.62,166.5088,0.0,-18.48875
155.17,149.52467,0.0,-18.48875
130.0,131.578,0.0,-8.580526
104.96,114.819595,0.0,-18.48875
93.23,95.83569,0.0,-11.261621
89.87,89.251564,0.0,-18.48875
86.01,90.818794,0.0,8.355473
85.11,87.62252,0.0,8.355473
89.0,86.63337,0.0,8.355473
100.42,97.752884,0.0,38.463707
152.07,117.65694,501.52975,398.49396
158.02,160.082,1998.53175,1326.6616
124.91,149.9488,4322.74375,3701.529
101.92,115.275444,6685.87825,6055.163
85.83,93.39496,8537.5005,7999.5513
76.7,81.81052,9522.22675,9218.2295
73.88,76.35866,9079.0975,9162.494
76.72,75.937225,7896.10675,8877.24
81.52,81.62236,7481.63625,7155.063
96.2,93.500534,6830.023,6385.133
101.52,106.40789,5286.86675,5316.731
155.21,120.51572,3027.626,3252.9373
255.25,180.60234,1057.388,1175.5815
446.8,279.43985,52.99875,72.75744
346.17,373.19208,0.0,-8.580526
152.52,238.99794,0.0,-18.47456
118.16,137.4103,0.0,-3.0586295
107.57,104.67728,0.0,-3.0586295
105.85,101.58311,0.0,-3.0586295
108.45,99.53395,0.0,-3.0444388
105.13,106.44775,0.0,19.444466
103.07,104.32757,0.0,23.846447
102.63,101.60667,0.0,18.071327
110.91,105.24987,0.0,20.700962
184.03,128.52965,602.45875,525.5623
258.75,182.07245,2266.7442499999997,1884.4641
193.14,216.69115,4944.7925,4602.245
125.5,151.69058,7751.259249999999,7037.371
102.62,105.187645,10086.4705,9103.153
95.98,89.940575,10831.534,10587.347
84.72,87.64888,10255.13775,10776.878
84.29,79.50581,9481.958,10107.029
87.58,87.27794,8545.2175,8640.309
95.0,99.07104,7774.246499999999,7531.2793
105.95,107.21821,5982.67625,5840.1206
115.38,131.54437,3139.89025,3546.1372
206.7,156.3312,846.10275,1055.5298
392.91,272.44467,17.98575,-13.406757
222.24,343.08984,0.0,-24.941359
102.06,172.3951,0.0,-13.226106
111.67,96.75418,0.0,-5.2140355
104.95,102.61463,0.0,-3.0586295
104.43,101.390884,0.0,-3.0586295
102.96,100.44882,0.0,-3.0444388
100.03,99.532135,0.0,18.05714
100.86,99.646355,0.0,18.05714
100.34,99.74742,0.0,18.05714
109.67,104.3074,0.0,18.508812
133.43,131.24939,373.641,598.2676
218.2,152.24556,2152.29025,1542.8606
164.84,207.20692,5043.007,4215.326
119.0,141.74268,7889.21175,7025.9
100.85,103.61291,10140.80675,9137.215
80.15,88.84997,9799.87075,10699.699
58.8,74.0956,9344.6725,9773.752
68.8,57.469765,8858.975,9079.313
84.67,69.625084,7427.505,8338.798
96.36,91.53567,7131.2555,6460.7124
110.93,110.54338,4698.494,5477.408
134.09,125.60005,2404.26125,2711.8362
190.39,161.77478,710.861,868.8655
294.05,253.0597,20.509,-5.5862055
192.86,278.4766,0.0,-42.53143
124.19,149.86182,0.0,-41.608147
102.67,111.06196,0.0,-41.608147
104.43,91.06997,0.0,-30.7967
92.79,97.51055,0.0,-30.7967
90.09,89.22539,0.0,-30.7967
85.35,90.28328,0.0,-5.925279
85.81,85.78471,0.0,-9.055313
86.67,87.4222,0.0,1.1263511
90.27,90.05251,0.0,0.6172001
104.03,105.70496,376.0765,350.85873
133.77,121.43494,806.08375,1270.7473
121.62,131.8723,1917.86025,2029.8518
104.93,109.47952,3683.20475,2657.4905
99.19,91.94028,5714.14775,4762.134
97.0,88.1083,6258.85075,6462.7295
103.23,87.41755,6614.429,6415.292
88.45,92.84186,6513.38325,6391.1084
86.24,87.07203,6735.773,5997.9844
102.86,91.0026,6819.4715,6006.6943
103.97,112.043175,5592.681500000001,5270.5864
114.0,125.70698,3073.88075,3264.5479
195.72,141.49956,916.5205,1270.2405
327.1,249.6306,16.1385,33.083916
217.02,291.6609,0.0,-3.0586295
138.05,167.72586,0.0,-8.580526
107.93,120.67064,0.0,-3.0586295
104.64,97.51293,0.0,-3.0586295
103.6,97.610115,0.0,-3.0586295
103.6,94.962234,0.0,-3.0444388
101.0,99.821,0.0,18.05714
98.98,98.80414,0.0,18.05714
99.62,98.538506,0.0,8.369663
103.6,100.65998,0.0,18.05714
166.1,115.601974,485.8495,407.56638
172.41,162.98868,2241.91,1231.0612
112.23,153.27245,5197.87475,3986.104
82.01,98.35072,8178.05075,7004.208
39.84,72.03685,8443.02575,9124.746
3.99,38.81452,9235.975,9212.194
0.16,11.316943,8866.227,9077.566
9.08,9.095209,8312.43475,8394.781
37.39,19.19131,7864.17925,7631.91
91.37,55.650898,6389.236,6741.818
117.22,101.369316,4801.70275,5082.365
165.39,135.25217,2675.1549999999997,2858.1729
194.91,184.11385,661.51175,1062.7261
300.0,235.31407,16.01925,56.12319
194.63,267.01166,0.0,-18.48875
134.14,156.70569,0.0,-3.0586295
114.28,118.711426,0.0,-3.0586295
105.0,100.7979,0.0,-18.48875
111.59,98.32748,0.0,-18.48875
103.82,103.62121,0.0,-11.261621
102.74,99.96139,0.0,8.355473
101.51,100.55449,0.0,8.355473
100.92,100.43318,0.0,8.355473
105.93,99.12277,0.0,36.997066
102.9,118.8611,272.25125,523.5569
103.29,116.52808,1845.463,1308.9982
120.34,95.96413,3903.64975,3464.0408
112.67,103.7842,5516.2697499999995,6035.9507
110.22,95.67116,6394.13925,6838.1187
89.12,95.53794,7214.53525,7000.5107
84.89,79.76753,8016.339,7209.7153
87.42,74.8478,7531.6485,7596.6
113.73,82.20027,6399.6645,6906.5693
144.13,114.090164,5077.30875,5461.0137
187.74,146.61475,3595.7357500000003,3672.7424
158.95,194.18636,1860.90025,2065.7954
160.55,177.73549,502.714,601.1983
194.58,186.7445,12.221,21.966614
151.21,181.96838,0.0,-18.47456
123.2,131.38159,0.0,-18.48875
116.2,111.008896,0.0,-18.48875
108.25,102.473656,0.0,-18.48875
86.32,102.16482,0.0,-7.7487392
101.35,83.91297,0.0,-18.48875
101.42,99.20288,0.0,8.355473
99.65,99.46453,0.0,8.355473
98.65,97.62488,0.0,8.355473
99.59,98.197655,0.0,14.826514
99.7,101.581856,137.25225,312.36078
104.13,100.897194,614.8655,1230.7412
107.93,100.136894,1235.084,1950.4423
87.76,102.84763,1833.7665,2245.9182
86.22,79.10752,2394.17025,2547.4082
88.13,78.43007,2720.297,2977.273
99.78,80.4343,2756.4455,3067.832
99.74,93.86861,3085.84,2857.5403
100.11,101.24225,2894.0485,2793.4736
105.77,110.00321,2557.0405,2559.9387
99.78,121.512085,2102.465,2031.9534
98.0,121.65472,1116.535,1376.1097
135.13,123.00138,356.71025,475.09723
156.18,156.47653,9.89975,-2.2426734
133.03,149.90108,0.0,-18.47456
96.63,121.651115,0.0,-18.47456
80.35,94.25835,0.0,-7.0113277
83.19,78.21762,0.0,-18.47456
89.38,79.180374,0.0,-18.47456
89.98,85.8235,0.0,-18.47456
88.04,91.895966,0.0,1.1263511
89.39,90.95971,0.0,4.256385
89.06,92.57296,0.0,4.256385
87.2,95.072525,0.0,4.256385
141.56,108.342125,168.36925,229.04884
213.65,155.12811,1275.78425,711.3967
136.24,201.26244,3244.6682499999997,2141.929
108.65,126.23512,5433.038500000001,4470.3506
74.5,103.710266,6639.02925,6185.3228
27.0,75.99974,6887.2697499999995,6909.65
4.54,36.699154,6998.9415,6852.816
3.73,17.598354,6916.826,6644.6973
3.54,20.190472,6177.63325,6458.805
70.43,31.221136,5129.749,5125.3125
84.22,85.79753,4163.18425,3581.4358
119.74,106.5553,2122.78925,2319.252
186.47,151.06665,478.47575,783.7286
207.64,225.97372,0.0,-6.482921
155.63,203.41914,0.0,-7.7345486
103.3,136.5546,0.0,-3.0444388
96.16,96.35813,0.0,-3.0444388
85.98,93.72265,0.0,-3.0444388
86.12,85.94428,0.0,-3.0444388
83.56,88.16727,0.0,-7.7345486
83.45,86.23698,0.0,21.75103
83.05,85.50092,0.0,8.355473
83.08,85.428406,0.0,8.355473
87.82,90.21274,0.0,8.369663
114.32,114.641785,152.58724999999998,238.72676
117.64,138.35155,1288.5535,952.1819
89.46,123.88957,3551.7285,2552.0608
66.01,86.7111,5243.9245,4931.9014
26.74,60.922283,5985.64725,6218.8604
29.24,26.467007,6234.541,6616.396
17.98,28.263231,6052.6385,6428.592
18.98,22.440855,5427.907,6094.8857
30.93,25.604975,5045.709,5039.4023
27.57,47.02093,4591.52225,4239.4023
59.51,47.321568,3334.287,3561.7961
83.76,80.14021,1751.083,2089.156
92.3,112.4969,397.06,640.7644
155.52,131.16887,0.0,26.512312
115.67,156.79158,0.0,-18.47456
90.64,103.751335,0.0,-18.47456
92.15,88.90103,0.0,-11.247433
74.16,87.1238,0.0,-18.47456
89.2,75.42265,0.0,-7.724579
86.1,86.89505,0.0,-11.247433
86.12,87.17155,0.0,15.879178
88.95,88.06538,0.0,4.256385
102.13,91.32326,0.0,4.256385
109.98,105.21512,0.0,18.071327
144.46,122.084785,191.14125,272.13458
138.92,157.83005,1311.4125,1241.4602
135.97,130.37578,3331.8557499999997,3030.9238
100.43,117.88875,5345.7972500000005,4956.4067
69.19,86.35465,7147.83925,6397.098
43.23,62.464283,7272.4465,7479.2534
11.83,40.78186,7579.52725,7179.9946
8.44,15.96356,7381.1165,7135.1396
11.66,15.468427,6245.794,6592.606
45.82,27.435366,5295.9255,5392.023
83.77,61.991024,4131.4915,3970.7444
108.15,99.10355,2161.5665,2416.8997
136.85,126.9827,475.56175,604.9791
258.96,154.08878,0.0,-1.0419776
174.29,214.11061,0.0,-3.0444388
105.8,139.50255,0.0,-3.0444388
102.98,95.52969,0.0,-3.0444388
94.28,91.3781,0.0,-3.0444388
88.57,88.55005,0.0,-3.0444388
86.06,85.8896,0.0,-3.0444388
82.99,85.87674,0.0,16.616123
85.21,84.05067,0.0,17.989262
86.89,85.31438,0.0,22.391243
104.99,90.94364,0.0,25.76107
135.98,121.2737,243.93425,298.60037
118.56,146.67049,1821.42425,996.3372
113.72,115.6621,4130.2945,3558.1326
100.15,98.80595,5976.2455,6020.226
88.29,83.80963,6540.34575,7482.2803
85.86,77.05334,6532.7302500000005,7277.028
83.86,78.97175,6228.7125,6736.714
87.84,76.55979,5319.724749999999,6324.5767
105.92,84.18381,4668.47625,4899.2983
146.79,102.95877,3797.662,3951.7686
124.07,142.3024,2407.17075,2946.58
188.81,133.77657,1260.21225,1622.7266
209.21,198.67036,293.00425,557.83734
378.0,226.47409,0.0,-16.472103
186.17,280.15536,0.0,-18.47456
110.0,153.9145,0.0,-18.47456
105.7,101.25286,0.0,-18.47456
103.09,95.36899,0.0,-18.47456
89.08,95.49121,0.0,-18.47456
86.84,86.405205,0.0,-18.47456
84.52,86.3475,0.0,21.92072
86.77,84.93609,0.0,4.256385
85.62,87.71851,0.0,26.441135
91.76,85.977264,0.0,23.221275
119.55,113.07895,112.27775,277.7369
142.17,136.29622,1016.2865,1186.5829
121.41,135.47357,2939.36425,2357.907
97.83,105.597534,4820.84525,4522.7505
68.25,86.38082,6381.63125,5804.187
55.46,63.80555,6773.92025,6804.276
29.32,52.576805,6967.4259999999995,6674.088
19.36,31.473494,6509.992,6470.389
22.59,29.968227,6515.60475,5700.583
77.51,47.38694,5893.838,5448.1533
104.0,93.925865,4545.1425,3682.6753
119.59,129.37813,2302.02575,2420.6184
257.89,149.11092,432.14475,598.01733
423.07,305.61862,0.0,-11.237836
170.62,312.24496,0.0,-3.0444388
111.05,142.99495,0.0,-3.0586295
106.26,102.00245,0.0,-3.0586295
82.24,97.059296,0.0,-3.0586295
89.76,84.42467,0.0,-8.580526
103.67,86.82342,0.0,-3.0586295
104.98,96.63533,0.0,18.05714
106.5,101.325424,0.0,26.426952
107.42,101.49822,0.0,21.74681
107.42,105.3351,0.0,26.426952
107.43,111.418594,180.2835,178.53242
105.41,113.16914,1947.61325,1091.8811
77.3,99.91846,5205.909750000001,3571.6282
24.91,72.20778,8209.36075,6990.546
1.03,16.379606,9028.618,9232.345
-0.68,2.3412445,9087.33475,9356.607
-7.0,-5.0609627,8836.77175,9122.154
-10.32,-14.109884,8453.3745,8336.201
-4.76,-3.3271368,8110.616,7887.5728
0.06,21.794867,7513.8015,6641.5693
87.24,44.628197,5531.507,5736.785
118.17,112.125084,2661.42475,2843.165
129.63,156.73384,408.25425,560.6959
139.63,175.43117,0.0,-83.349174
103.53,134.40492,0.0,-49.306934
103.12,92.40494,0.0,-27.101301
88.75,92.4403,0.0,-32.623196
70.56,82.83948,0.0,-26.178019
68.75,68.43479,0.0,-15.366578
0.74,68.65777,0.0,-13.226106
2.51,9.681213,0.0,7.889663
0.46,16.176064,0.0,18.071327
1.17,13.996575,0.0,18.071327
0.14,16.908796,0.0,19.444466
4.41,18.142542,176.00875000000002,150.62233
5.23,19.816252,1996.003,1296.44
3.13,9.863651,5323.56825,4036.8418
0.41,-2.4004173,7242.12125,7198.482
-0.15,-5.7815776,7416.71775,8468.029
-6.85,-2.7564063,8024.55275,7830.357
-9.94,-18.982193,8332.254,7981.5723
-10.19,-14.862152,8270.08225,7977.8086
-2.72,-10.78184,7547.73025,7403.6294
-0.04,12.35285,7116.08175,6318.747
50.37,33.114487,4117.396,5137.7114
119.33,82.344795,2236.51775,2170.9045
112.04,144.06305,316.935,497.1833
122.03,121.5859,0.0,-69.30675
118.22,113.258705,0.0,-27.115492
103.73,99.98982,0.0,-26.178019
97.42,87.09739,0.0,-26.178019
90.74,80.85812,0.0,-15.366578
85.09,80.503624,0.0,-15.366578
81.35,75.39067,0.0,-13.226106
77.4,79.74921,0.0,18.071327
77.08,77.9298,0.0,18.071327
86.0,77.98982,0.0,18.05714
91.83,88.11393,0.0,18.05714
120.14,108.5091,110.32475,150.60814
133.14,145.44455,992.22375,1398.032
129.55,128.20253,2440.129,2883.754
106.65,116.243256,3828.70175,4455.886
84.82,93.24151,5120.2985,5477.0464
84.95,77.10325,5879.5625,6072.281
85.78,81.218765,6139.625,6326.5
90.0,83.91428,5603.596750000001,6253.1426
85.78,89.70574,4920.40975,5368.901
85.78,89.95978,3825.62325,4442.67
89.25,94.57027,2335.1095,3082.0442
173.31,107.20604,970.62675,1596.8845
181.23,186.86075,122.83075,364.69556
374.57,187.20126,0.0,-2.1843336
183.14,265.53357,0.0,-18.47456
115.66,146.90277,0.0,-18.47456
101.93,105.51968,0.0,-18.47456
92.85,94.88212,0.0,-18.48875
89.85,90.26707,0.0,-18.47456
88.91,86.16916,0.0,-18.47456
86.62,88.399956,0.0,1.1263511
87.1,86.11312,0.0,1.1263511
90.64,86.49995,0.0,-0.32885468
103.11,94.14553,0.0,-0.32885468
142.0,117.261696,61.9025,86.04899
183.59,149.36581,978.20725,836.9735
160.97,172.97807,3330.2495,1988.9972
121.34,138.92284,5726.35475,4876.3745
90.98,104.945175,7520.9945,6802.4995
102.37,84.501625,7620.26,7866.2163
101.7,97.87712,7834.23475,7533.3496
103.11,98.549904,7239.64925,7227.941
110.4,100.38444,6722.73225,6371.08
109.78,110.88092,5412.851,5376.1665
121.92,114.492134,3632.124,3596.5427
198.03,147.406,1693.581,1835.7478
210.2,213.08401,210.02175,328.73297
415.02,252.0545,0.0,-16.4849
187.47,317.55664,0.0,-18.48875
125.14,150.12909,0.0,-18.48875
116.24,110.07291,0.0,-7.0255184
101.7,102.690765,0.0,-14.526611
103.6,95.86317,0.0,-16.725204
103.13,96.05061,0.0,-16.725204
102.39,100.323074,0.0,6.914461
101.64,101.0956,0.0,21.766071
101.67,101.53992,0.0,18.660076
105.48,106.67509,0.0,26.800995
124.26,125.09428,110.5845,103.83088
156.21,141.92407,1669.1345,918.6016
120.41,148.72778,4815.11275,3427.9617
98.59,110.19144,7756.018,6405.7983
72.86,86.26703,8260.1895,8828.741
54.32,66.56171,8945.2745,8709.465
31.74,51.705513,8704.664,8905.812
20.22,37.429485,7805.1215,8513.472
34.45,30.688196,7868.86025,7315.7124
84.25,49.48125,7070.6365,6653.139
90.85,93.983116,5187.5885,5433.918
110.77,113.727394,2249.483,2913.2883
127.4,131.91643,244.68575,539.896
189.66,172.03232,0.0,-0.6634511
119.62,183.06598,0.0,-3.0444388
97.02,111.21432,0.0,-1.2950785
106.65,92.81297,0.0,0.9177053
103.34,95.477615,0.0,6.66663
102.59,95.74648,0.0,6.66663
94.86,95.74648,0.0,8.881356
90.91,93.594795,0.0,19.627922
88.85,91.17325,0.0,19.627922
92.2,90.39224,0.0,19.627922
102.29,99.45853,0.0,19.627922
110.07,118.57504,137.27175,134.81421
120.51,124.81232,1942.734,1359.0479
123.92,112.84697,5134.479,4005.4512
98.61,105.92732,7614.39425,7379.9033
9.49,81.13241,7891.0385,9014.916
-58.57,4.0875754,7387.360000000001,8488.083
-2.97,-16.30019,7717.719,7665.176
-23.42,-1.929123,7371.35175,7533.3774
4.61,-10.233055,6831.5365,6934.308
62.97,25.988781,6447.01775,6089.1577
96.57,79.032364,4427.0380000000005,4982.806
146.9,114.49564,1803.4445,2526.0342
118.21,161.99606,160.09525,405.1373
166.94,144.67812,0.0,-17.614454
123.63,152.7434,0.0,-18.47456
102.3,111.03537,0.0,-18.47456
104.51,97.717384,0.0,-14.512421
90.54,95.954605,0.0,-8.7635
78.48,87.14374,0.0,-8.7635
75.08,78.11252,0.0,1.9765129
73.18,76.60801,0.0,19.341297
73.2,76.88647,0.0,20.187565
75.12,77.50184,0.0,5.812974
86.32,79.13084,0.0,5.812974
106.61,101.25836,127.13325,81.07067
120.32,119.49468,1775.3155,1091.7233
118.93,114.72514,4857.77025,3425.0745
92.64,103.97994,7082.47225,6731.3154
45.11,75.685394,8070.671,8309.803
38.71,38.020836,7813.50225,8530.725
19.39,34.17396,7465.41375,7791.827
25.18,18.957392,7087.6900000000005,7312.7026
34.19,23.645555,6984.229,6670.682
66.32,43.42339,6612.3925,6176.8647
100.0,77.53429,4392.07775,5017.4424
110.87,117.30469,1680.009,2625.7544
124.61,132.23444,170.681,345.502
133.0,160.46979,0.0,-2.1843336
119.61,127.73944,0.0,-3.0444388
106.21,107.99335,0.0,-1.2950785
98.56,96.47817,0.0,6.66663
89.9,88.399826,0.0,6.66663
87.48,84.15242,0.0,6.66663
83.65,83.111084,0.0,8.881356
83.19,79.0616,0.0,19.627922
83.07,78.41248,0.0,19.627922
85.96,83.478485,0.0,21.00106
92.39,88.616615,0.0,19.627922
91.51,99.34942,105.4135,155.30925
104.91,98.65838,1694.63925,1386.3203
109.64,96.47334,5151.590749999999,3797.3254
97.22,93.88946,8292.777,7364.098
89.37,77.68951,10245.91225,9422.253
70.42,73.65889,10054.02875,10628.131
54.83,60.251736,8821.39525,9731.773
36.61,47.011078,7935.650750000001,8511.903
49.36,37.253418,7205.4235,7531.8164
79.64,55.6436,5754.434,6468.2324
94.82,88.63167,4248.931,4435.2544
124.15,109.367836,1661.05475,2481.5508
136.33,138.27586,169.7935,319.86746
148.93,141.229,0.0,-7.70623
120.72,133.7356,0.0,-11.261621
111.11,109.814735,0.0,-18.47456
105.99,98.9159,0.0,-1.2950785
99.49,92.96734,0.0,-8.777691
99.61,91.75057,0.0,1.9623213
100.58,90.655396,0.0,-6.562952
97.15,93.98723,0.0,21.657684
93.76,92.15677,0.0,23.293434
97.2,89.948685,0.0,22.46165
99.56,94.67528,0.0,27.98354
99.82,100.561066,72.0755,126.82897
105.2,97.97571,1490.97075,1388.3116
98.28,95.85836,4586.558,3700.48
92.9,83.89034,6327.7845,6985.651
83.38,78.57163,8088.58275,7848.3003
37.71,69.36532,7786.673000000001,8653.573
17.11,33.10023,6308.875,7614.847
8.53,17.28909,5608.809,6422.4214
13.0,9.934826,5903.57075,5436.4873
63.17,26.33485,4776.19525,5098.1143
93.17,74.95771,3696.0505,3624.7473
105.28,109.36887,1530.00375,2009.6556
134.55,122.6722,141.764,223.05354
146.45,136.34978,0.0,-17.628645
131.73,133.31764,0.0,-18.48875
111.35,115.433975,0.0,-1.3092692
104.79,102.2971,0.0,6.652437
99.38,95.04826,0.0,6.652437
92.33,92.588776,0.0,-8.7635
90.23,87.890945,0.0,-8.7635
89.4,91.54042,0.0,4.9667077
89.56,91.653244,0.0,4.9667077
90.48,93.00727,0.0,4.9667077
99.89,95.28247,0.0,4.9667077
129.46,118.20196,41.009249999999994,49.33901
211.99,144.46748,890.89675,1000.7731
164.59,198.08955,2774.6895,1983.9235
120.72,147.82811,4825.40375,4400.41
91.03,109.802795,6511.463,6018.0103
86.15,87.31658,6987.9015,6996.792
89.56,87.27047,6571.762000000001,7011.809
93.11,90.95955,6258.33,6391.978
97.19,95.82987,5830.501,5761.5596
89.03,102.705055,4227.7122500000005,4635.592
104.69,101.926,2754.905,3114.3591
150.34,129.82164,1144.47975,1485.2162
284.19,173.2682,81.6755,153.38884
409.41,284.96786,0.0,-7.903394
165.19,317.0101,0.0,-8.7635
121.41,138.98537,0.0,1.1447256
103.45,109.443,0.0,-1.5363615
91.2,95.338455,0.0,-8.7635
101.35,89.61826,0.0,-8.7635
99.49,96.95244,0.0,-8.7635
97.71,99.12155,0.0,9.0799885
99.49,98.672905,0.0,9.0799885
99.66,99.95536,0.0,9.0799885
104.71,102.83081,0.0,9.065798
142.15,124.48165,35.00625,35.40165
250.43,165.74431,336.76675,769.075
217.69,238.56325,1011.01425,1491.238
138.24,189.36238,1972.048,2074.422
116.53,122.319244,2649.89925,2814.598
98.32,107.80349,3062.70625,3255.416
99.25,97.20558,3030.72075,3338.2383
111.2,98.52462,2626.68175,2923.373
108.85,112.69456,2159.56525,2313.573
102.53,115.00117,1727.5324999999998,1917.7802
123.6,115.24061,1012.324,1379.4451
168.28,145.70647,387.327,606.79944
266.31,200.75098,48.821,58.047295
393.74,310.96475,0.0,-7.903394
138.96,271.71948,0.0,-8.7635
107.27,126.104034,0.0,-8.7635
100.65,101.32517,0.0,-8.7635
92.03,93.08295,0.0,2.6997328
93.68,90.59052,0.0,1.9765129
97.94,91.048965,0.0,4.2012143
99.43,98.13935,0.0,5.812974
93.68,99.03318,0.0,4.9667077
94.92,94.978714,0.0,4.9667077
97.2,99.51122,0.0,1.8366768
127.76,115.50197,47.42975,40.791294
175.86,147.70148,554.3415,525.7102
138.74,185.89893,1783.3405,1368.2765
105.28,130.45256,3507.71025,2723.123
92.19,98.69201,5536.6587500000005,4350.887
86.13,86.68472,6487.689249999999,5944.472
84.44,84.014275,6111.00275,6368.613
91.16,83.671005,5959.8765,5706.803
93.68,93.56381,5354.185750000001,5142.9883
96.8,99.48282,4344.0465,4172.109
106.14,108.20904,2776.807,2995.5
147.62,132.06097,1030.6535,1273.5931
256.09,178.92953,51.474,69.257484
348.06,281.30728,0.0,-16.725204
153.9,259.1725,0.0,-8.777691
114.19,132.54893,0.0,1.9623213
98.92,102.300186,0.0,0.66417974
90.96,91.257065,0.0,8.867164
91.47,88.33572,0.0,8.867164
93.52,89.50003,0.0,-6.562952
93.71,93.72526,0.0,23.293434
93.19,94.61909,0.0,17.421585
93.08,94.61909,0.0,9.9120655
96.8,96.50155,0.0,21.657684
131.52,110.81637,47.68925,77.057594
182.38,147.94753,1141.01825,767.85986
127.22,174.00623,4037.158500000001,2427.195
99.77,114.84481,7190.52075,5941.6123
90.54,87.985886,9476.88075,8751.161
79.64,82.041725,9130.9795,9882.437
69.92,74.2524,8648.9825,8998.076
83.34,69.30983,7889.114,8297.72
92.25,83.48152,7337.0625,7069.949
97.04,97.224724,6087.74375,6320.139
97.57,108.02766,4355.54825,4444.1304
150.73,122.50866,1480.5685,2473.2866
188.68,179.36964,61.01325,249.23796
211.46,211.52118,0.0,9.727269
150.71,182.00554,0.0,8.867164
114.83,128.32504,0.0,8.867164
103.92,101.418915,0.0,8.867164
94.41,94.88356,0.0,8.867164
94.79,90.101616,0.0,8.867164
101.3,91.601234,0.0,8.867164
100.95,99.309265,0.0,19.613735
98.68,98.82856,0.0,19.613735
100.32,97.546104,0.0,19.613735
102.11,101.59476,0.0,19.613735
157.16,119.060326,43.70475,62.69025
189.21,172.34921,1112.28875,1142.637
123.4,157.4438,3967.66425,3425.1875
96.6,105.059326,6863.6835,6658.761
66.64,82.408356,7897.04475,8793.969
51.1,56.927658,8764.038,8730.74
61.48,44.205883,8639.806,8882.635
87.16,56.555817,8291.354500000001,8546.651
90.06,84.75067,7555.40725,7843.0024
103.9,94.438416,6281.164,6757.317
105.96,110.13025,3994.82875,5035.348
148.6,125.1104,1307.146,2224.431
193.45,169.49228,67.96825,183.13133
201.96,197.67627,0.0,9.727269
144.95,177.06699,0.0,4.9002743
111.52,128.38956,0.0,4.9002743
100.03,101.71699,0.0,-6.562952
94.38,92.10644,0.0,-6.562952
99.73,90.31059,0.0,-6.562952
92.79,93.544556,0.0,-6.562952
94.62,90.788994,0.0,9.9120655
94.61,93.1145,0.0,20.986874
96.99,93.9851,0.0,19.613735
94.62,95.05567,0.0,19.613735
86.32,106.46559,37.2485,62.69025
86.32,101.737976,952.8165,1150.4751
65.65,86.06807,3160.80975,3182.7517
10.5,55.64468,4668.3375,5286.3525
3.76,3.2607148,4971.5095,6356.9893
0.48,-0.87529176,5758.04975,6157.226
0.12,-0.66596013,6074.254,6435.0186
0.87,4.0443797,5912.9725,6190.749
7.87,11.091062,5088.2005,5692.9946
15.7,22.266617,3839.29825,4626.2373
70.03,41.77723,1991.522,3208.3188
93.42,90.10457,476.41275,1151.7771
95.02,109.7144,47.18325,98.911224
104.93,106.759155,0.0,-8.7635
92.86,104.506935,0.0,-8.7635
83.83,89.758995,0.0,-8.7635
56.21,81.31715,0.0,-8.7635
3.76,58.57386,0.0,-8.7635
4.89,16.889673,0.0,-8.7635
1.61,16.889673,0.0,-8.7635
-0.06,14.194843,0.0,-3.412207
-0.09,10.980785,0.0,-3.412207
-0.09,11.825582,0.0,1.8366768
0.02,12.137341,0.0,1.8366768
-0.12,14.078252,26.5455,52.35524
0.84,15.062513,601.063,973.5864
-0.0,6.4800754,2347.75225,2284.2393
4.29,-3.569808,3706.96575,4102.986
3.52,-1.4627259,3755.239,4770.646
3.08,2.5756066,4133.61625,4181.1953
4.11,5.5576973,4016.5985,4402.719
3.0,6.1091056,4003.07925,4089.1118
2.68,9.658524,3950.949,3563.3767
4.71,18.2599,4098.2425,3308.03
82.0,25.13434,2524.2977499999997,2705.0935
106.08,96.3657,830.49275,1139.0208
97.56,120.073296,47.17025,103.81669
103.31,103.25704,0.0,0.9177053
90.52,101.211205,0.0,-8.7635
89.27,86.99282,0.0,-8.7635
69.97,79.994064,0.0,2.6997328
40.65,63.72051,0.0,-8.7635
33.99,41.185627,0.0,-8.7635
36.76,36.024277,0.0,6.66663
28.97,43.837353,0.0,27.99773
21.58,34.393135,0.0,21.00106
19.82,29.564049,0.0,27.99773
58.06,30.29871,0.0,20.80157
88.48,80.26799,9.69975,38.84118
104.38,115.93929,536.8185,696.7678
114.23,107.37331,1704.47125,1864.261
120.54,107.12012,3135.279,2899.8076
101.44,109.50397,4020.79025,4007.0317
90.91,98.0171,4261.41875,4444.071
90.53,90.905914,4194.208,4344.945
91.0,92.33614,3498.69725,3999.3008
98.34,94.63532,2924.70775,3163.2827
102.4,103.02166,2162.8545,2403.3704
120.65,111.04433,1197.99175,1566.0173
133.34,140.53047,365.721,633.64935
130.3,157.76955,20.43925,-2.0888422
160.02,163.14705,0.0,-14.512421
128.07,146.2295,0.0,-14.512421
120.21,118.95019,0.0,-14.512421
119.27,106.032906,0.0,-14.512421
105.86,104.636826,0.0,-14.512421
106.35,97.21608,0.0,-14.512421
106.32,97.310326,0.0,-14.512421
106.5,100.50204,0.0,2.8011787
106.27,101.39587,0.0,6.914461
104.26,101.45589,0.0,6.9002705
97.25,100.910706,0.0,6.9002705
134.62,112.990746,8.650500000000001,14.020241
231.12,154.15436,396.375,481.57397
278.73,221.33984,1386.704,1121.4364
204.35,234.95813,2713.75775,2215.141
138.21,175.28746,4116.47325,3383.3594
118.7,126.92006,5234.13425,4431.379
111.45,113.2779,5493.0345,4989.874
108.21,112.62479,5035.141,4913.708
107.45,111.222305,4156.88775,4102.421
115.32,111.8784,3458.93275,2958.595
124.61,127.78415,1802.82275,1855.1077
152.47,145.42644,573.76575,470.8519
212.06,171.10391,18.998,-6.6070986
228.3,224.21227,0.0,-18.48875
146.56,199.3211,0.0,-18.48875
123.24,129.69005,0.0,-16.739395
107.42,113.80467,0.0,0.9035146
97.48,100.62728,0.0,-8.777691
111.08,96.2009,0.0,2.6855412
110.15,106.750374,0.0,6.652437
106.98,109.89826,0.0,19.613735
106.96,107.52919,0.0,19.613735
106.74,104.95482,0.0,19.613735
107.22,106.36851,0.0,26.593151
116.88,123.07885,10.536,20.945168
155.01,143.70215,661.9200000000001,369.84164
166.12,169.74301,1891.97975,1509.9359
130.71,158.93031,3181.55825,3050.6025
113.91,119.93608,4148.24375,4461.761
108.03,107.31799,4850.09925,4988.265
106.14,105.18846,5263.1005000000005,5041.9326
108.14,103.68178,4790.85,5031.3315
106.38,108.983795,4070.58475,4398.709
105.68,112.99952,2813.737,3195.2485
120.57,117.958176,1524.70875,1843.5521
151.14,142.31972,519.57425,639.1396
181.86,181.15533,24.27175,-8.376521
201.12,216.65051,0.0,-18.48875
140.65,181.43466,0.0,-16.739395
113.18,124.834496,0.0,-14.526611
108.84,104.08768,0.0,-14.526611
100.27,98.63226,0.0,-14.526611
106.48,96.70951,0.0,-14.526611
106.86,100.65478,0.0,-14.526611
106.64,106.33045,0.0,6.9002705
106.44,106.36425,0.0,6.9002705
106.0,106.24006,0.0,9.065798
107.05,108.440384,0.0,6.9002705
126.78,121.04192,16.06325,17.933376
151.29,146.46321,550.07725,625.5206
153.37,152.92699,1651.0455,1558.5181
133.13,140.50278,2857.83,2525.5237
111.36,119.41371,3904.77525,3688.928
99.53,104.20049,4559.05075,4507.494
98.12,98.00406,4474.66425,4671.475
105.4,96.96426,4117.1465,4282.0312
106.69,107.644585,3749.883,3687.9082
110.18,113.09145,2770.6015,2943.7427
109.54,121.179985,1592.5395,1829.2322
115.89,131.50508,533.316,676.3482
120.9,140.09346,17.778,-8.362332
115.0,139.98206,0.0,-18.47456
106.79,117.463974,0.0,-18.48875
103.93,100.351326,0.0,-8.580526
106.3,96.97262,0.0,-18.48875
91.06,95.45192,0.0,-3.0444388
86.35,90.53436,0.0,-16.725204
83.82,86.03665,0.0,-18.47456
78.98,86.277664,0.0,-0.32885468
76.05,83.69874,0.0,-0.32885468
76.4,81.80245,0.0,11.293937
73.18,83.19067,0.0,-0.32885468
97.73,95.117256,6.55875,13.839739
113.26,118.98573,389.1595,585.38196
122.14,119.75259,1339.50675,1294.1267
107.9,117.5434,2806.15375,2127.9053
93.28,97.758125,3978.2995,3538.3152
82.72,87.90381,4981.062,4324.8228
77.73,80.14542,5562.7305,4792.6753
77.36,79.94401,5547.0365,5336.5513
82.53,81.277855,5148.84075,4993.54
91.24,90.4787,3797.8435,4299.528
108.13,102.84093,2016.115,2411.212
111.37,123.56442,554.8245,908.13525
107.96,126.967964,41.84175,-8.362332
110.18,118.71141,0.0,-8.566336
106.19,109.200424,0.0,-3.0444388
100.41,99.46693,0.0,-16.725204
95.86,94.649895,0.0,-9.498069
91.62,89.76354,0.0,-6.8169737
92.82,88.11937,0.0,-4.604193
88.8,87.92765,0.0,-16.725204
87.68,85.2528,0.0,4.256385
84.53,83.522156,0.0,-2.0266206
82.57,79.9032,0.0,-4.1225324
85.0,77.82676,0.0,-4.1225324
90.26,86.91818,9.35775,12.159446
96.75,94.840034,269.18375000000003,453.01367
101.43,95.861694,575.84025,1091.9484
102.72,97.59309,1054.96525,1583.9869
104.43,93.30902,1459.59575,1665.2673
105.76,93.22317,2010.05425,1878.0782
102.08,95.71152,2392.85,2093.972
104.97,94.02873,2322.3897500000003,2286.4243
107.22,98.186485,2073.59075,2044.6453
105.74,106.37757,1497.603,1712.6656
117.34,111.73767,825.191,1001.4965
122.35,124.617386,229.35225,321.90005
125.73,124.676186,21.002,-3.3079953
130.39,122.91718,0.0,-18.47456
120.91,118.60222,0.0,-18.47456
114.72,105.44366,0.0,-18.47456
108.46,99.124626,0.0,-18.47456
98.4,96.29979,0.0,-18.47456
96.31,91.227905,0.0,-18.47456
92.85,88.79264,0.0,-18.47456
89.51,89.158005,0.0,1.1263511
87.03,85.23631,0.0,4.256385
88.18,81.66579,0.0,2.8011787
89.35,83.717995,0.0,2.8011787
88.82,89.828575,6.074,4.4293976
89.49,90.91303,192.88725,306.8065
88.79,88.933304,738.841,753.65405
88.71,86.6167,1395.11625,1367.6077
86.39,83.20919,2119.3145,2146.8992
84.95,84.44813,2620.44725,2506.3716
86.34,81.8696,3084.71925,2625.4934
90.89,83.68342,3068.4275,2818.5215
92.5,92.03288,2619.79175,2546.8457
89.89,97.57439,2117.12975,1943.4021
100.25,98.44093,1076.17575,1080.974
107.16,112.44182,267.9255,281.68362
102.45,112.78139,16.4115,-8.362332
108.79,108.08755,0.0,-18.47456
108.75,103.37334,0.0,-18.47456
108.79,100.72788,0.0,-18.47456
108.6,98.45072,0.0,-18.47456
98.18,96.6826,0.0,-16.725204
105.99,91.227905,0.0,-14.512421
107.87,96.65286,0.0,1.9765129
105.05,106.67373,0.0,26.593151
105.37,104.3115,0.0,22.46165
100.14,104.280655,0.0,21.657684
100.24,101.5841,0.0,21.671875
123.06,112.315506,3.6005,22.120651
205.03,130.6994,690.504,300.2079
195.4,192.79732,2898.42675,1259.7711
147.39,178.67804,5725.952,3969.5317
124.07,135.77298,7825.18825,6535.2334
106.74,120.28869,8726.284500000002,7546.551
95.87,106.37428,8846.34125,8263.761
91.23,99.46799,8673.29525,7961.744
94.22,97.98393,7522.32325,7516.5933
104.17,101.68866,5527.985,5888.886
111.26,117.13543,2780.443,3317.6526
164.24,129.69379,553.227,919.1388
285.81,170.70485,0.0,-2.564362
279.33,245.98245,0.0,-8.7635
168.84,222.75587,0.0,-8.7635
125.27,143.83875,0.0,-6.5487614
121.86,117.302704,0.0,-6.5487614
111.56,112.36007,0.0,-6.5487614
111.13,109.89308,0.0,-6.5487614
106.86,108.13755,0.0,-6.5487614
106.53,104.655174,0.0,9.9120655
106.14,108.37269,0.0,9.926256
106.54,105.308846,0.0,9.9120655
107.0,107.03209,0.0,9.926256
133.76,122.77525,2.0905,9.926256
207.46,159.65585,331.7775,552.2147
211.36,210.77496,1254.3495,1373.9425
165.28,200.65738,2555.708,2013.9978
134.3,149.11685,3529.67225,3746.6155
121.3,126.7841,4276.30425,4379.201
110.32,117.97933,3975.2105,4751.1655
109.43,108.22314,3610.66675,4295.16
119.94,110.40419,2798.50175,3654.6812
140.89,125.645744,2008.98975,2519.3652
190.32,144.53772,1172.01375,1489.1575
243.09,200.95015,246.40175,378.08813
395.29,261.51843,0.0,-4.145455
410.48,313.9996,0.0,-8.777691
225.89,314.6481,0.0,-8.777691
152.01,174.42528,0.0,-8.777691
126.88,133.4146,0.0,-8.777691
114.58,114.77874,0.0,5.647299
116.84,107.7871,0.0,8.867164
113.59,110.6176,0.0,-6.562952
111.83,112.87894,0.0,9.9120655
109.02,113.5108,0.0,9.9120655
111.83,111.01179,0.0,9.9120655
115.24,114.437065,0.0,9.9120655
155.26,128.8502,1.33075,12.555886
287.12,170.00006,269.80825000000004,414.805
277.76,272.62134,1202.13075,988.8543
180.96,242.45251,2784.8289999999997,2208.3354
137.41,157.07275,4302.4765,3889.4033
128.02,126.94288,5250.13975,4914.002
121.56,120.985504,5542.9175,5330.552
115.28,117.28436,5493.228,5517.497
128.96,118.42995,4458.0517500000005,4882.976
126.6,137.5363,3062.10825,3640.1182
141.69,145.44077,1623.58475,1736.316
157.63,171.39914,337.25175,401.9843
204.32,204.88298,0.0,3.132997
207.46,236.14374,0.0,8.867164
135.93,192.29346,0.0,8.881356
110.7,126.610275,0.0,8.867164
102.03,104.46981,0.0,3.3452678
105.72,98.44002,0.0,4.1912446
107.36,103.536446,0.0,-6.562952
105.97,104.5135,0.0,5.647299
105.62,105.7869,0.0,9.9120655
105.23,106.68073,0.0,9.9120655
107.73,106.68073,0.0,22.46165
106.34,111.55043,0.0,21.657684
121.4,124.59785,1.35775,12.570077
118.8,148.32355,220.49275,391.7133
132.5,138.95064,984.129,992.97687
120.35,136.14809,2273.9984999999997,1877.6342
100.8,114.185936,3589.58475,3078.2656
102.13,97.77513,4423.163500000001,3928.2256
96.9,103.2287,4790.037249999999,4469.5103
101.72,98.98222,4531.79175,4469.7163
109.37,109.69213,3539.07075,3899.479
112.34,116.51568,2419.25725,2666.1375
124.63,126.5148,1143.47525,1559.9117
133.54,142.50456,238.47025,295.79202
150.32,145.46974,0.0,-4.0180445
146.36,158.8293,0.0,-8.7635
130.36,137.04497,0.0,-8.7635
113.79,114.83519,0.0,-8.7635
105.6,102.08875,0.0,-8.7635
105.98,98.71469,0.0,-8.7635
105.81,100.06174,0.0,-14.512421
106.28,101.06535,0.0,-8.7635
105.93,105.17718,0.0,6.9002705
105.81,106.24333,0.0,6.914461
116.49,105.10313,0.0,9.0799885
105.54,116.04421,0.0,2.8011787
119.29,117.50407,1.00725,6.914461
152.69,128.88704,205.584,282.56055
150.94,148.65398,1029.03,857.81396
129.02,140.12898,2049.91375,1840.829
118.12,111.66455,3007.4449999999997,3104.274
105.8,105.50056,3741.54775,3310.144
109.85,99.57789,3949.14,3844.7698
107.86,103.6765,3895.061,3923.6536
105.83,107.627,3165.46075,3397.859
112.72,111.38022,2142.65075,2426.413
146.94,123.93026,1054.149,1152.336
157.04,156.16121,255.57425,269.22266
164.58,158.34846,0.0,-8.179879
161.13,156.67284,0.0,-16.739395
133.43,144.75618,0.0,-14.512421
110.75,118.310104,0.0,-14.512421
101.0,102.354576,0.0,-1.5363615
105.8,94.302505,0.0,6.66663
92.32,101.06535,0.0,-8.7635
85.87,91.27655,0.0,-8.7635
83.15,86.81225,0.0,1.8366768
83.46,84.624016,0.0,24.021442
85.27,83.967606,0.0,19.627922
83.07,85.31712,0.0,21.00106
87.2,88.88038,0.75075,14.096923
104.03,94.24529,240.095,176.63329
106.15,104.125534,1535.20275,814.61304
92.8,100.9143,3451.4335,2214.789
83.52,87.8246,4764.71325,3915.3289
82.23,81.29874,5220.85475,4921.115
76.7,81.27102,5163.5,5023.997
72.18,77.328064,5019.7185,4722.0684
76.63,76.78581,4479.459,4172.8174
86.26,84.60528,3327.53775,3319.2217
100.82,96.599884,1673.34425,1900.3424
120.14,115.630714,290.76125,319.26337
125.74,127.884476,0.0,6.193705
116.73,130.76808,0.0,-6.5487614
107.77,112.456604,0.0,8.881356
100.56,98.72604,0.0,-6.5487614
100.78,95.38222,0.0,-6.5487614
101.38,93.65305,0.0,-6.5487614
111.41,96.281944,0.0,0.6783703
100.59,101.49118,0.0,0.6783703
97.89,94.912994,0.0,2.682943
98.88,94.07486,0.0,5.812974
102.61,95.14035,0.0,9.9120655
106.13,97.44737,0.0,5.812974
107.94,104.265976,0.9585,5.812974
99.41,108.08204,431.51825,165.0552
100.84,98.76352,2987.87275,1049.7
100.1,90.66946,6173.32525,4137.5317
82.71,87.792076,7500.26225,6884.9404
61.94,74.82185,7944.39725,7973.472
34.83,59.45633,7961.9695,7850.2773
28.52,34.117203,7135.83475,7525.03
54.18,32.187336,6519.018,6220.239
86.52,64.68484,5643.19725,5289.9697
109.17,96.70283,2860.9105,3647.992
141.33,122.912575,402.32125,975.99896
156.98,138.96538,0.0,-6.7752223
164.97,149.35594,0.0,-8.777691
135.91,142.30823,0.0,-6.562952
118.0,120.17611,0.0,0.66417974
103.17,107.25731,0.0,8.867164
98.4,94.621124,0.0,4.177053
96.1,97.442505,0.0,8.867164
95.16,96.33535,0.0,8.867164
91.59,99.004074,0.0,19.613735
90.57,96.47823,0.0,19.613735
90.7,93.86907,0.0,19.613735
102.35,97.6173,0.0,19.613735
124.19,120.210335,0.0,19.613735
222.11,147.86282,554.7855000000001,539.9659
124.44,214.00993,3643.7515,1934.2781
86.56,121.55115,6818.308,6004.9087
47.66,85.85362,8638.45725,8567.054
54.49,46.510395,9731.29825,9624.564
16.46,55.07128,9821.174,9716.594
26.82,26.769094,9318.0035,9607.12
64.51,36.547623,8180.715749999999,8498.857
98.61,76.99067,5900.398499999999,6792.606
113.03,113.0789,2963.76675,4132.3896
121.85,139.42912,306.45,1058.6971
111.7,150.67014,0.0,6.41785
103.73,142.66025,0.0,8.881356
96.25,109.437805,0.0,8.881356
96.85,96.30528,0.0,8.881356
108.46,96.797165,0.0,8.881356
79.74,104.61867,0.0,8.867164
68.71,84.04942,0.0,8.867164
54.88,73.56832,0.0,8.867164
51.59,58.98808,0.0,19.613735
44.16,56.933823,0.0,19.613735
49.99,53.55337,0.0,19.613735
88.19,58.942585,0.0,19.613735
116.03,105.34977,0.0,19.613735
116.76,147.93312,422.12775,566.34033
113.11,126.65332,2512.37075,2209.136
91.28,106.20332,4512.01825,4628.2144
53.99,83.48095,5690.31125,6009.677
34.62,53.969543,6731.764,6973.3057
26.28,38.689667,7238.265,6934.93
25.72,32.992104,6330.80525,6978.6445
56.31,38.22765,5487.4535,5956.6323
92.68,77.67655,4595.02275,4508.3887
111.13,113.93692,2203.16075,3089.9023
146.24,135.985,269.393,605.55194
133.8,168.42833,0.0,1.7135422
133.16,162.70277,0.0,-1.5505524
119.58,137.20009,0.0,-6.562952
113.11,113.18748,0.0,0.6783703
123.0,107.68326,0.0,3.3594584
99.27,110.24927,0.0,8.881356
91.99,93.98347,0.0,3.3594584
93.14,89.533516,0.0,3.3594584
94.52,93.919586,0.0,26.607342
95.76,95.88494,0.0,23.307625
98.63,97.188255,0.0,9.9120655
107.32,103.616264,0.0,9.926256
118.01,120.71927,0.0,24.77787
169.92,138.71835,287.813,326.6741
142.83,170.14659,1819.579,1164.9846
126.2,135.97325,3955.818999999999,2836.353
106.33,112.26361,5130.48825,4845.5107
97.37,97.35265,5711.543250000001,5737.472
97.07,95.96446,5515.671,6051.0723
97.11,94.76877,4813.88425,5334.1973
100.77,97.69348,3716.53775,4203.5083
118.6,109.53728,2274.607,2950.1628
169.1,132.18492,963.787,1613.1077
213.58,178.45181,185.467,319.85004
295.12,209.62187,0.0,-16.470709
275.18,256.96164,0.0,-18.47456
185.39,218.36333,0.0,-18.47456
136.98,149.4056,0.0,-18.47456
125.48,121.53021,0.0,-18.47456
111.28,110.987595,0.0,-18.47456
109.91,105.35617,0.0,-18.47456
108.55,102.82679,0.0,-18.47456
120.66,107.98828,0.0,4.256385
107.28,118.08407,0.0,4.256385
106.56,108.14399,0.0,2.8011787
104.89,108.21817,0.0,18.660076
146.9,115.02443,0.0,6.914461
170.3,161.4044,177.16125,220.3102
144.0,168.29117,1265.1385,1205.3502
105.86,130.032,3115.17375,2542.145
101.53,96.96776,5094.60175,3955.142
92.94,95.796295,6177.062,5550.6846
87.84,91.465546,6583.0380000000005,6157.7373
89.53,86.51586,6205.631,6203.088
101.15,94.66866,4590.737,5577.8564
104.0,109.52859,2599.3125,3606.509
117.75,126.00849,975.941,1259.3096
133.38,143.32132,141.559,222.16183
120.66,154.43614,0.0,-10.401516
127.0,138.73392,0.0,-18.47456
125.68,130.33456,0.0,-11.247433
112.46,116.36169,0.0,-18.47456
113.13,105.91194,0.0,-18.47456
109.61,104.39229,0.0,-18.47456
99.86,104.58973,0.0,-18.47456
95.96,96.71837,0.0,-18.47456
90.0,101.17899,0.0,8.355473
90.02,94.59533,0.0,8.369663
91.39,93.72907,0.0,4.256385
96.18,93.63729,0.0,-4.1225324
114.46,111.14716,0.0,-0.32885468
141.6,134.07053,118.267,133.3297
146.99,147.77057,436.2315,881.477
126.18,141.41562,961.23925,1210.0957
110.69,119.580376,1385.4765,1520.604
107.99,104.40022,1621.1045,1758.7113
112.64,106.56015,1760.8695,1581.3486
119.18,111.14973,1847.102,1502.6661
110.53,116.49539,1646.46,1573.8088
109.68,114.67325,1199.88025,1173.0912
120.77,120.76067,655.69325,688.3793
151.88,135.76338,136.0045,103.18248
127.48,151.94153,0.0,-7.903394
117.18,131.57323,0.0,-8.7635
99.79,111.90332,0.0,-8.7635
90.14,93.77989,0.0,-8.7635
85.88,87.47218,0.0,-8.7635
64.95,83.199455,0.0,-8.7635
90.26,66.41135,0.0,-8.7635
65.19,86.77563,0.0,-8.7635
57.3,61.524204,0.0,-3.412207
66.86,57.55995,0.0,-3.412207
84.18,68.13554,0.0,14.542602
88.86,81.42541,0.0,19.627922
111.34,93.47672,0.0,19.627922
124.26,114.75734,205.599,174.43997
114.9,125.27467,1832.20425,728.32074
92.91,104.09048,4098.8395,2679.0918
52.24,85.50344,5044.62625,5070.423
20.11,52.557453,6725.61075,5687.0996
11.94,27.777887,6674.208,6409.89
17.24,22.182135,5780.20525,5949.411
75.29,30.089397,4647.99,4838.9443
95.86,84.539116,3150.69075,3500.3665
108.28,107.85804,1191.62475,1692.4897
117.58,126.31421,142.04675,271.3613
123.38,121.519875,0.0,-3.7440884
100.31,120.820404,0.0,6.66663
96.06,97.34276,0.0,1.1447256
107.43,88.63754,0.0,1.1447256
98.9,95.40196,0.0,6.66663
79.11,84.79803,0.0,6.66663
74.49,80.45952,0.0,1.1447256
46.82,70.26161,0.0,0.6783703
40.04,44.919968,0.0,1.8366768
30.55,38.589493,0.0,13.45947
28.11,31.382908,0.0,13.45947
27.63,33.41062,0.0,1.8366768
38.04,39.99631,0.0,17.695576
42.53,50.67672,0.0,250.7167
33.63,51.207165,961.8445,1280.8982
25.04,36.793476,3048.3695,1878.373
22.78,14.578523,4025.03825,3796.345
10.45,16.339224,4528.3915,4772.292
5.74,11.545134,4745.159250000001,4929.437
4.31,9.068959,5050.15175,4542.246
7.02,11.753846,4025.85875,4449.158
46.92,25.312513,2881.74175,3205.914
90.47,64.75428,1006.25025,1783.0133
112.43,104.151085,213.69475,142.55583
123.55,117.8435,89.08125000000001,-7.6197534
111.42,123.10857,0.0,6.66663
104.5,108.43287,0.0,-8.7635
98.18,94.898346,0.0,-6.5487614
106.44,90.19642,0.0,-6.5487614
78.45,90.939354,0.0,-6.5487614
23.47,74.00114,0.0,-6.5487614
20.88,23.298828,0.0,-6.5487614
19.33,25.16189,0.0,-2.5659392
17.98,24.508286,0.0,-2.5659392
17.18,25.7058,0.0,-2.5659392
26.22,27.413895,0.0,-2.5659392
34.69,43.910297,0.0,-2.5659392
89.97,64.06989,101.19125,170.2052
103.65,96.839264,1045.83675,985.3302
106.76,96.66544,2333.28975,1994.1094
105.14,93.767136,3008.0135,3140.1013
100.11,96.92289,3216.3725,3403.3564
102.26,95.679695,3487.99725,3620.3418
105.34,98.7268,2970.4714999999997,3567.9575
98.49,103.39583,2133.7725,3024.324
109.69,102.37941,1562.558,1988.657
151.83,120.205345,573.562,1043.4365
191.0,158.33109,181.21,175.02821
204.0,183.87828,69.00425,13.660164
138.52,185.14095,0.0,-6.5487614
139.57,126.67365,0.0,-6.5487614
126.0,122.407814,0.0,-6.5487614
110.85,117.08175,0.0,-6.5487614
98.5,97.98805,0.0,-6.5487614
98.29,90.39517,0.0,-6.5487614
66.27,90.39517,0.0,-6.5487614
42.48,65.37298,0.0,2.682943
34.93,43.596115,0.0,-2.5659392
28.72,37.782936,0.0,-0.47002757
29.7,33.966503,0.0,-2.5659392
43.7,44.585495,0.0,2.682943
88.72,58.346546,72.6235,212.4903
97.98,95.780464,682.62225,1014.51666
98.06,97.681015,1791.279,1507.7097
94.72,87.91481,3121.282,2531.8792
86.92,90.3643,4015.52675,3624.5437
93.05,83.931404,3691.0305,3943.597
104.22,94.64322,3198.85525,3501.9983
109.68,102.63985,2221.72675,2779.6777
105.77,113.024635,1459.06575,1773.8009
110.33,116.665146,512.833,718.94086
131.16,125.58466,166.791,183.37183
139.87,145.38696,63.59625,6.457676
119.7,138.66481,0.0,-8.7635
108.5,118.71076,0.0,-6.5487614
100.81,101.7144,0.0,-6.5487614
95.62,94.5061,0.0,-8.7635
93.51,90.50796,0.0,-8.7635
82.86,89.81071,0.0,-8.7635
69.6,77.680565,0.0,-8.7635
63.93,68.512764,0.0,-3.412207
63.31,63.689945,0.0,-3.412207
65.28,63.689945,0.0,1.8366768
66.73,69.220406,0.0,1.8366768
77.23,77.74139,0.0,-1.3162951
106.16,92.985466,101.6805,126.06306
108.71,111.69473,1311.1115,700.56433
100.25,106.2397,3864.9045,2135.8416
86.22,91.564255,5990.33525,4846.6455
73.39,81.18258,6760.5560000000005,6310.8135
71.76,74.74182,7218.90925,6581.5977
71.72,73.89367,7008.53075,6679.335
88.45,80.20324,5976.48275,5948.896
105.59,101.23206,4109.58675,4417.4946
124.52,121.04853,1688.76075,2362.2664
167.04,148.89616,229.9795,239.90277
191.13,177.79706,50.74275,9.555821
149.12,188.5494,0.0,-14.526611
153.55,143.09926,0.0,1.9623213
137.05,134.66669,0.0,-8.7635
103.46,121.66825,0.0,3.4467573
106.88,97.87604,0.0,8.881356
100.54,100.67896,0.0,-8.7635
85.37,94.68233,0.0,-8.777691
73.04,85.69484,0.0,9.926256
71.52,75.98085,0.0,4.9667077
68.14,72.89844,0.0,22.461357
61.74,69.59195,0.0,5.812974
79.6,77.431305,0.0,4.9667077
112.8,97.68246,78.434,98.541466
107.93,120.47015,890.5985,932.0857
100.96,104.03166,1943.7955,1974.549
99.16,89.36277,3098.17325,2809.3813
94.98,87.11149,3893.495,3613.3801
95.48,87.43955,3662.449,4309.74
95.04,88.63646,3201.76,3748.2048
95.51,96.54659,2532.417,2893.4229
97.53,101.542816,1717.83175,1994.7991
100.31,109.57004,950.89225,1086.9877
105.14,119.92251,219.0205,132.94667
109.62,114.40065,59.87875,7.6613965
108.13,111.34492,0.0,0.9177053
106.9,107.53013,0.0,0.9177053
97.94,99.89272,0.0,6.66663
94.83,91.73299,0.0,6.66663
91.96,88.977425,0.0,6.66663
77.92,87.5284,0.0,-1.5363615
59.56,76.84083,0.0,6.66663
43.63,57.198044,0.0,18.781654
41.5,42.330814,0.0,18.781654
58.95,42.189682,0.0,19.627922
77.8,60.646088,0.0,19.627922
89.69,89.134895,0.0,19.627922
124.54,106.91804,107.63575,93.339424
120.08,130.04155,1747.4845,804.76874
110.88,113.74656,4743.11025,2828.3884
85.78,100.46428,6433.33325,5494.1035
77.47,85.26511,7140.24325,6646.804
75.92,80.67151,7760.19325,6791.981
77.75,82.367546,7299.1745,7015.5845
88.33,85.54447,5862.178,6264.7676
113.6,98.40857,3490.15275,4102.401
139.52,123.270256,1059.9745,1763.71
233.02,148.99988,188.2255,169.39127
291.06,216.93394,52.7375,14.073125
191.64,243.32011,0.0,-6.562952
184.08,163.51935,0.0,-6.562952
145.31,144.40663,0.0,4.9002743
122.2,122.98171,0.0,0.66417974
107.29,107.09606,0.0,4.177053
101.83,96.94102,0.0,3.3452678
110.1,90.75487,0.0,8.867164
89.4,98.07024,0.0,27.98354
74.95,83.3839,0.0,17.421585
76.45,70.792595,0.0,9.9120655
67.91,74.62841,0.0,9.9120655
74.27,75.92208,0.0,9.9120655
73.39,85.81603,88.76275,106.616844
53.8,83.31519,1414.043,1305.1893
41.82,51.504253,4209.00425,2911.0967
26.4,34.059917,5832.38825,5613.4785
18.3,22.73042,6980.85525,6631.0938
15.76,18.424362,6926.48625,6986.1055
21.02,20.259628,6372.5655,6652.3325
31.52,28.066286,4064.79175,5605.328
76.38,54.972507,2550.812,3194.9207
98.57,96.33938,838.3025,1326.447
101.28,129.71837,146.5475,166.04707
97.87,128.34271,38.183,-9.090851
96.48,113.14875,0.0,-14.526611
89.09,105.08657,0.0,-8.777691
91.35,92.715225,0.0,-8.777691
97.98,89.60431,0.0,-8.7635
86.59,90.96103,0.0,-14.512421
79.23,82.21605,0.0,-14.512421
77.44,78.15868,0.0,-16.725204
79.63,74.39966,0.0,4.256385
81.92,74.55136,0.0,4.256385
93.73,77.29933,0.0,4.256385
105.81,85.93872,0.0,4.256385
109.85,98.82083,0.0,8.369663
105.81,101.870705,48.2945,37.03206
103.04,97.222755,548.4314999999999,993.55383
98.26,89.39096,1653.278,1767.413
106.18,81.252266,2420.0555,2462.132
111.02,90.37891,2913.1915,2976.9307
112.1,95.33264,2924.6805,3164.4385
120.2,99.13258,2553.2015,2857.9802
104.78,109.23781,1846.18525,2208.957
102.53,103.59581,1084.3885,1503.329
113.9,109.57923,376.54025,518.66095
119.97,119.45931,139.40075,81.34484
131.91,127.65989,40.050749999999994,3.6865237
130.0,129.97397,0.0,-18.48875
119.29,113.833015,0.0,-18.48875
132.43,105.40113,0.0,-18.48875
107.98,114.66073,0.0,-18.48875
103.28,95.26306,0.0,-18.48875
90.63,90.94175,0.0,-18.48875
96.68,82.535446,0.0,-18.48875
100.59,95.68816,0.0,8.355473
101.89,99.26619,0.0,8.355473
100.0,102.388115,0.0,8.355473
101.98,104.62631,0.0,6.9002705
118.44,112.09832,0.0,6.9002705
158.22,129.9079,23.21125,42.724857
158.9,155.1421,327.8535,588.5349
167.32,153.14346,872.1045,1161.9697
135.24,158.61467,1276.99425,1496.0773
120.47,132.05453,1623.651,1622.6703
115.22,123.003204,1858.58775,1736.9607
119.62,123.76888,1898.31175,1755.0553
118.72,122.26475,1735.82375,1460.1274
129.09,129.15839,1204.40325,1042.0422
150.61,145.64021,531.05025,318.44406
172.65,168.05243,27.24125,81.39211
177.27,189.19562,0.0,3.8946698
143.33,173.57729,0.0,-14.512421
146.12,139.30605,0.0,-14.512421
134.06,135.34976,0.0,-14.526611
107.18,121.745926,0.0,-8.7635
99.36,99.44208,0.0,-8.7635
83.18,94.40139,0.0,-8.7635
72.76,81.86591,0.0,-8.7635
77.75,74.85459,0.0,9.0799885
75.45,80.264946,0.0,9.065798
79.17,78.76607,0.0,9.0799885
78.42,82.286896,0.0,21.671875
80.15,92.02869,0.0,17.435776
114.3,101.52634,32.042,29.625706
111.02,125.409645,1090.78825,415.6793
109.22,121.89602,3333.9955,1512.8597
84.04,107.78924,5482.41325,4267.1475
72.78,86.27768,6867.2345000000005,5836.13
76.3,78.77008,6651.0085,6574.989
81.66,84.449486,6208.54925,5979.001
79.95,90.93654,5160.55525,5218.507
103.97,97.56112,3304.70875,3636.3071
145.03,119.944046,969.40975,1764.7422
221.65,165.55629,32.92975,98.695045
213.67,217.99591,0.0,12.816793
133.67,197.0469,0.0,6.652437
164.67,128.83783,0.0,8.867164
165.68,140.06297,0.0,8.867164
111.72,133.5705,0.0,8.867164
108.58,101.07296,0.0,8.881356
94.0,99.688896,0.0,8.867164
102.82,85.98428,0.0,8.867164
97.52,97.12334,0.0,19.613735
95.42,94.95642,0.0,19.613735
96.26,92.81612,0.0,19.613735
101.13,95.630135,0.0,9.9120655
102.38,103.899086,0.0,9.9120655
120.65,114.666534,63.300250000000005,43.839123
114.18,122.3126,1273.86175,971.36633
114.14,105.44007,3645.0,2387.1938
90.87,98.48387,5847.60125,4867.946
80.31,80.07171,6804.54425,6591.7256
79.4,76.39447,7385.79375,6721.387
87.99,75.99192,7536.11075,7006.5806
100.89,87.67764,6670.953,6820.2
105.23,107.04495,3955.4215,5405.7715
124.87,121.71091,1163.892,2340.2278
154.95,154.25198,31.73475,142.8669
149.52,169.52695,0.0,12.830984
125.52,148.56128,0.0,6.66663
110.64,129.97389,0.0,6.66663
104.31,114.10645,0.0,8.881356
100.37,96.367485,0.0,8.881356
95.78,95.383286,0.0,8.867164
90.42,92.62124,0.0,8.867164
100.1,87.6229,0.0,8.867164
101.86,97.26174,0.0,19.613735
101.68,99.995224,0.0,19.613735
101.51,99.995224,0.0,19.613735
102.4,101.72515,0.0,19.613735
109.48,107.35179,0.0,19.613735
121.49,120.811615,39.4065,84.60915
123.49,122.78421,1368.49325,1073.8508
117.48,113.61063,4423.9545,2821.8003
91.17,103.381935,7029.389,5577.776
86.07,84.37697,7595.39675,7684.846
84.44,82.09031,7993.936,7767.6543
85.0,82.16486,7922.80725,7721.048
89.52,86.50446,6951.16525,7344.245
103.26,98.612144,4170.4035,5707.9497
130.4,115.68645,1202.30875,2372.2983
146.65,147.59683,31.4975,146.62526
158.62,146.13338,0.0,7.294895
141.69,150.85648,0.0,-1.5505524
131.71,129.32791,0.0,0.66417974
114.85,113.26379,0.0,4.1870227
102.18,101.8138,0.0,4.177053
100.72,94.30319,0.0,3.3452678
92.19,93.28629,0.0,3.3452678
90.81,89.05858,0.0,8.867164
89.9,89.87079,0.0,27.98354
90.78,90.20045,0.0,21.657684
91.14,90.86555,0.0,9.9120655
92.07,93.528465,0.0,9.9120655
101.39,103.42856,0.0,9.9120655
116.91,116.358215,41.5875,65.53817
134.53,121.78797,1141.79075,1087.728
126.56,124.0218,3932.5015,2751.9224
109.02,107.92143,6557.76075,5966.5054
93.68,96.884995,8262.017749999999,7760.9766
90.75,86.13675,8779.56725,8263.64
89.74,84.18695,8402.799500000001,8420.101
93.56,89.20669,6932.3135,7716.12
105.5,102.890594,4044.75775,5855.9233
129.04,124.1385,1066.847,2436.6318
176.82,153.05197,26.02,123.00141
194.82,180.54308,0.0,12.816793
147.45,184.33707,0.0,8.867164
128.8,144.03331,0.0,8.867164
111.58,120.62504,0.0,8.867164
101.83,105.83829,0.0,8.867164
101.14,97.936935,0.0,8.867164
96.68,95.14978,0.0,8.867164
100.03,96.494675,0.0,8.867164
99.92,95.47211,0.0,19.613735
100.01,96.58232,0.0,19.613735
101.64,96.58232,0.0,19.613735
101.97,98.73374,0.0,19.613735
105.59,100.61446,0.0,19.613735
101.63,107.45989,23.8415,82.05427
102.64,106.80794,708.65675,1133.4749
105.62,97.592125,2597.79175,2527.9585
102.78,92.19592,4500.105750000001,4296.8877
99.63,90.56282,5411.01225,5839.821
93.66,91.574684,5814.045,6289.0723
100.24,85.74099,5367.810750000001,6159.821
108.35,95.73744,4073.1515,5196.879
129.5,112.7357,2359.6455,3576.6953
122.35,137.00267,605.70975,1117.0416
134.45,141.25601,17.2185,28.44885
136.56,142.51784,0.0,10.36557
136.24,135.31384,0.0,4.1912446
132.14,127.90233,0.0,-6.562952
123.9,116.66903,0.0,-6.562952
114.24,108.17918,0.0,-6.562952
106.97,100.8683,0.0,-6.562952
102.24,98.07291,0.0,-6.562952
99.08,95.00977,0.0,-6.562952
99.89,95.16105,0.0,9.9120655
99.8,96.705154,0.0,9.9120655
99.81,97.842354,0.0,9.9120655
99.88,99.84652,0.0,9.9120655
99.8,103.07317,0.0,9.9120655
99.2,103.25681,21.63425,26.462532
99.25,99.11053,213.3885,552.2147
101.92,99.09269,656.13975,1241.3822
101.22,97.10243,1101.57025,1487.9813
100.63,99.5936,1352.2315,1571.66
100.75,101.11844,1493.39575,1612.415
105.34,101.38027,1487.28325,1562.6028
106.56,105.86848,948.26175,1424.6348
106.52,115.03358,587.52325,840.92584
121.79,114.90525,225.093,370.8274
138.7,131.08855,22.0755,27.193493
136.43,140.34715,0.0,-2.6133552
130.66,137.28183,0.0,-6.562952
138.71,122.899635,0.0,-6.562952
127.86,126.377144,0.0,-6.562952
117.32,115.37796,0.0,-6.562952
108.34,106.51934,0.0,-6.562952
100.02,100.6188,0.0,-6.562952
90.1,94.87838,0.0,-6.562952
88.73,92.74452,0.0,9.9120655
90.07,93.42152,0.0,9.9120655
89.2,93.63835,0.0,9.9120655
88.92,95.132545,0.0,9.9120655
94.43,105.88582,0.0,9.9120655
118.26,114.66975,12.43,20.187687
145.64,129.40234,246.14725,259.0121
159.45,151.64708,904.199,866.7001
145.45,155.92813,1293.0545,1529.6825
131.15,145.0458,1556.911,1787.7114
119.65,132.99582,1610.04725,1630.7947
111.56,126.87186,1531.4925,1366.621
132.0,121.3846,1324.41175,997.79486
163.95,144.3401,681.792,707.6961
190.74,171.77756,211.73175,178.75807
234.15,201.61873,0.0,1.8888106
197.55,222.12886,0.0,-6.562952
184.42,189.83026,0.0,-6.562952
164.74,172.62372,0.0,-6.562952
173.06,143.51086,0.0,-6.562952
119.53,148.05771,0.0,-6.562952
115.43,111.608795,0.0,-6.562952
102.38,107.462654,0.0,-6.562952
103.18,96.099915,0.0,-6.562952
108.22,99.88529,0.0,5.812974
101.99,105.92205,0.0,9.9120655
101.98,100.717834,0.0,9.9120655
101.98,102.34683,0.0,9.9120655
103.53,108.54696,0.0,9.9120655
105.62,116.43344,11.54825,17.032051
109.2,115.319534,282.03200000000004,355.4622
115.03,120.374954,887.466,992.3524
109.44,117.40743,1746.7035,1384.7938
104.9,112.00081,1919.21,2226.8682
104.99,106.53877,1660.74375,2135.3591
106.72,105.28666,1277.7715,1644.3093
109.96,111.48535,926.6355,1246.094
108.33,127.78988,576.345,714.8724
126.2,128.8546,205.18825,256.37396
143.37,156.75226,0.0,-4.522591
138.15,163.0711,0.0,-8.777691
124.8,150.3537,0.0,-8.777691
119.12,131.48456,0.0,-8.777691
111.97,126.6983,0.0,-8.777691
106.38,107.84858,0.0,-8.777691
102.27,101.01942,0.0,-8.777691
99.47,96.986885,0.0,-6.562952
88.96,94.43584,0.0,-6.562952
94.34,92.521935,0.0,9.9120655
93.41,95.28973,0.0,9.9120655
94.8,95.19015,0.0,9.9120655
90.84,98.41835,0.0,9.926256
113.27,99.68662,0.0,21.657684
184.09,123.55856,9.221,24.108337
197.7,172.46237,373.64375,445.01144
158.84,182.81853,1311.111,1068.2808
124.44,143.10518,2523.44,2032.5642
100.32,115.457016,4073.101,2959.5105
97.67,96.18587,4582.80425,4079.275
99.93,99.89432,4734.17825,4309.717
102.0,104.43221,3652.8215,3851.8862
121.86,112.35213,2016.925,2552.2446
169.77,132.71802,527.901,792.32324
182.21,169.44177,0.0,3.132997
130.64,176.39404,0.0,-1.5505524
122.59,128.64218,0.0,3.3594584
112.46,115.63362,0.0,-6.5487614
105.34,103.84562,0.0,3.3594584
96.72,99.20858,0.0,8.881356
86.8,90.55827,0.0,4.1912446
66.07,83.95136,0.0,-6.5487614
45.78,68.03732,0.0,-6.5487614
35.03,51.606056,0.0,5.812974
1.53,42.83685,0.0,2.682943
-0.09,17.032402,0.0,5.812974
14.13,15.756759,0.0,2.682943
48.26,35.674007,0.0,2.682943
89.42,79.33079,16.00325,13.716039
101.76,108.282234,768.32375,566.6904
88.1,112.02963,2993.35,1599.875
57.24,84.55331,4936.489,4056.0278
29.48,55.994217,5261.62775,5507.4077
24.42,32.178856,6214.5145,5251.807
40.39,28.002674,6303.055249999999,5962.853
67.2,48.81902,4621.71825,5888.771
86.85,82.48003,2422.09475,3578.8848
98.87,112.24067,588.3555,1112.9215
104.85,117.15738,0.0,-3.5133996
101.38,115.6601,0.0,-8.7635
99.56,109.271286,0.0,-8.7635
105.77,100.1974,0.0,-6.5487614
113.2,99.33315,0.0,4.1912446
102.66,101.60236,0.0,8.881356
104.7,93.938385,0.0,-6.5487614
91.84,92.88574,0.0,-6.5487614
97.09,83.66168,0.0,-6.5487614
93.37,91.910164,0.0,2.682943
93.88,89.37091,0.0,21.671875
91.32,89.37091,0.0,21.671875
94.78,89.83732,0.0,5.812974
102.53,99.19273,0.0,5.812974
119.4,112.77876,11.4765,19.981575
140.42,124.022835,391.065,655.8746
138.62,131.6459,1304.7507500000002,1534.094
123.68,120.06429,2546.59,2213.78
114.85,106.35789,3090.3897500000003,3105.4734
108.58,102.537575,3415.90875,3341.3203
105.1,99.65131,3184.789,3518.3315
114.68,99.00616,2241.52275,3115.4124
151.98,117.32499,1208.18175,1905.5776
172.1,155.14642,362.6885,635.0365
192.79,169.84198,0.0,-16.472103
176.51,179.58553,0.0,-16.725204
160.71,165.12352,0.0,-14.512421
170.58,144.56668,0.0,-14.512421
140.47,142.68857,0.0,-8.7635
112.16,119.358345,0.0,-8.7635
108.28,101.505554,0.0,-8.7635
103.41,101.128204,0.0,-8.7635
103.2,96.77769,0.0,-6.5487614
100.86,99.90129,0.0,5.812974
102.7,98.59957,0.0,5.812974
102.64,100.56053,0.0,5.812974
104.28,100.8723,0.0,5.812974
106.02,104.60685,0.0,9.9120655
103.03,109.87029,11.52425,14.670317
105.43,108.81443,279.226,410.7059
103.72,110.60602,1020.03475,981.4569
104.42,100.64842,2078.97625,1654.9357
111.46,101.71647,3173.4105,2621.9993
106.9,108.683945,3463.0922499999997,3407.263
106.0,102.820694,3367.647,3303.9753
111.35,108.62099,2720.56325,2858.7402
132.58,123.63643,1379.64775,1986.1427
162.54,147.81287,260.881,389.17575
161.57,166.46385,0.0,-1.9165359
134.18,162.06474,0.0,-6.5487614
126.64,140.78543,0.0,-6.5487614
114.92,130.61314,0.0,-6.5487614
111.6,109.393295,0.0,-6.5487614
102.29,103.92173,0.0,-6.5487614
102.06,97.44481,0.0,-6.5487614
100.66,96.63905,0.0,-6.5487614
93.77,94.7994,0.0,-6.5487614
99.96,92.60341,0.0,9.926256
98.06,98.413414,0.0,9.9120655
99.16,97.13096,0.0,9.9120655
98.79,97.40949,0.0,9.9120655
102.92,101.38215,0.0,9.9120655
102.8,103.66594,7.5785,14.670317
100.55,104.97772,202.20425,195.56561
102.01,99.75362,688.1592499999999,838.4396
102.9,99.15477,1348.50525,1332.5298
101.95,98.8618,1847.5835,1809.1162
104.35,101.67993,2269.31525,1953.3226
103.6,104.554985,2724.15125,2076.0522
106.35,105.87232,2235.1205,2169.5303
111.12,116.35232,1115.89025,1168.5619
118.92,127.16363,289.21775,245.33022
125.77,132.42816,0.0,-6.7752223
130.83,129.69388,0.0,-8.7635
126.08,130.10245,0.0,-8.7635
116.23,121.11108,0.0,-8.7635
109.36,109.44069,0.0,1.1447256
100.09,101.90054,0.0,3.3594584
101.78,95.46563,0.0,-6.5487614
102.31,96.281944,0.0,-6.5487614
92.33,95.710884,0.0,-6.5487614
99.28,94.93645,0.0,5.812974
99.53,100.343185,0.0,18.541843
98.55,101.62564,0.0,2.682943
101.89,102.054214,0.0,5.812974
100.74,110.76108,0.0,5.812974
113.91,117.1722,1.19475,13.018851
119.62,124.63895,173.447,140.4405
134.86,130.25534,689.21825,654.6043
133.75,138.13823,1380.20025,1148.5479
140.02,135.07097,1888.10025,1806.4155
130.26,141.01106,2081.33625,1946.0518
156.76,132.55292,1769.2825,1883.9657
162.0,161.77682,1343.16125,1429.7993
162.38,167.07901,730.3485000000001,724.2818
138.83,172.99951,237.04125,183.25352
131.08,159.10687,0.0,-4.0545535
118.03,145.13828,0.0,-6.5487614
116.58,128.90298,0.0,-6.5487614
110.71,119.77752,0.0,-6.5487614
103.01,113.30136,0.0,-6.5487614
93.26,100.65056,0.0,-6.5487614
90.1,92.70724,0.0,-6.5487614
85.4,88.705826,0.0,-6.5487614
87.41,83.21202,0.0,-6.5487614
83.03,92.133896,0.0,2.682943
79.24,85.92104,0.0,2.682943
77.96,82.366165,0.0,24.86771
82.98,82.88601,0.0,19.627922
92.9,92.97561,0.0,21.00106
118.0,107.18899,1.28375,21.989632
107.32,121.879,361.7905,181.88216
120.13,112.422745,1596.92575,819.00433
107.74,116.39683,2656.22275,2280.8184
92.37,110.1196,3457.3334999999997,3258.5098
89.6,100.30657,3468.4645,3596.9248
94.86,101.115776,3151.10975,2993.453
107.86,107.319275,2424.8225,2277.6052
125.29,123.61671,1110.14375,1105.022
140.38,135.86726,273.13475,317.73987
165.73,145.46577,0.0,-6.797541
152.85,157.40613,0.0,0.6783703
146.66,146.23215,0.0,-6.5487614
139.28,134.422,0.0,-6.5487614
123.9,124.131714,0.0,-6.5487614
104.39,110.17371,0.0,-6.5487614
108.13,94.85179,0.0,-6.5487614
98.6,101.708084,0.0,-6.5487614
89.04,93.44858,0.0,-6.5487614
91.06,90.07584,0.0,5.812974
89.9,91.02424,0.0,17.435776
96.31,90.15352,0.0,21.00106
105.79,97.87297,0.0,19.627922
109.46,114.71226,0.0,19.627922
121.82,127.925285,3.12825,27.99773
146.32,132.61406,395.77775,416.7935
137.51,146.46213,1997.60625,1232.9379
117.22,124.15952,3898.86275,2847.9502
98.28,107.076904,5521.5795,4686.3115
92.76,94.80246,6452.727,5846.2627
95.8,92.09528,6479.137,6351.009
107.17,98.83401,4970.324500000001,5899.936
133.26,114.03648,2610.5655,3679.917
214.01,147.97662,419.08575,948.4967
257.37,211.63055,0.0,3.1106796
170.08,230.70863,0.0,8.881356
150.05,161.51726,0.0,8.881356
137.0,142.02473,0.0,8.867164
117.02,125.27134,0.0,-6.562952
105.05,105.93407,0.0,-6.562952
106.18,99.8178,0.0,-6.562952
109.44,98.705635,0.0,-6.562952
107.05,100.503586,0.0,-6.5487614
107.15,102.98821,0.0,5.812974
101.63,103.22581,0.0,5.812974
102.82,100.63071,0.0,21.671875
104.8,105.36375,0.0,22.46165
110.12,112.73539,0.0,9.9120655
117.28,119.76623,1.532,20.079597
152.5,125.234055,227.51175,459.71564
156.23,147.62973,1016.69425,1337.8254
152.56,136.98883,1791.14725,2416.5222
142.51,132.5412,2373.67425,2675.8398
133.36,129.64062,2767.399,2630.259
145.53,121.2455,2620.03325,2970.5176
169.82,138.14738,1935.2945,2377.8494
178.59,160.16655,927.7795,1739.9849
178.84,185.43312,239.195,417.30084
203.54,185.63316,0.0,11.375565
175.05,197.90341,0.0,8.881356
162.88,167.6705,0.0,0.6783703
155.66,146.71442,0.0,8.881356
136.22,135.2682,0.0,8.881356
118.77,116.70967,0.0,8.881356
106.82,110.13701,0.0,8.881356
94.43,101.65158,0.0,8.881356
102.14,93.17811,0.0,8.881356
94.31,103.4956,0.0,24.77787
90.43,95.08546,0.0,9.9120655
90.44,92.05717,0.0,9.926256
94.98,93.87364,0.0,9.9120655
102.91,106.12156,0.0,9.9120655
133.09,114.82401,1.13875,12.555886
179.96,141.11656,179.614,283.3926
205.52,175.47745,1073.43725,953.09985
182.91,189.29836,2591.5855,1740.9132
153.88,172.00278,3692.79775,3008.1614
140.41,149.01628,4248.154,3797.5457
132.14,139.69727,4203.8435,3939.9197
137.3,143.30833,3103.80525,3336.7473
160.45,150.34453,1644.906,1868.7089
198.27,176.62894,325.077,348.89688
252.49,203.78876,0.0,-6.797541
250.76,241.81735,0.0,-6.562952
206.24,234.17561,0.0,-6.562952
172.35,188.74289,0.0,-6.562952
142.97,151.82935,0.0,-6.5487614
117.66,129.32063,0.0,-6.562952
108.27,108.60727,0.0,-6.5487614
111.58,102.80654,0.0,-6.562952
116.19,105.53456,0.0,-6.562952
112.56,110.94671,0.0,9.9120655
121.35,107.47378,0.0,9.9120655
117.29,113.78282,0.0,9.9120655
112.06,112.682686,0.0,9.9120655
106.34,111.49318,0.0,9.9120655
104.71,112.36774,0.91425,12.555886
109.37,117.37742,191.81375,189.11128
112.57,118.86844,1416.1625,873.0891
108.54,114.83686,3229.954,2072.7507
105.22,110.72066,4963.1975,3713.9062
107.11,108.55371,5512.986,4927.0947
108.55,109.07448,5318.0154999999995,5342.191
120.89,113.58787,3923.6935,4557.3643
167.86,133.49486,1905.59875,2855.7673
195.9,180.85864,320.652,506.17953
206.67,203.95139,0.0,4.6514945
177.25,207.16681,0.0,4.177053
176.4,179.77542,0.0,-6.5487614
176.36,169.31767,0.0,-6.562952
170.43,150.42073,0.0,-6.562952
115.64,143.55112,0.0,4.177053
105.71,108.732834,0.0,-6.562952
106.47,103.25463,0.0,-6.562952
105.57,103.922005,0.0,-6.562952
107.42,106.31167,0.0,9.9120655
108.02,107.87864,0.0,9.9120655
106.66,109.505104,0.0,9.9120655
106.97,105.77031,0.0,9.9120655
104.61,109.37376,0.0,9.9120655
106.65,106.45768,1.54775,9.9120655
102.62,107.736626,125.539,136.34145
106.44,106.861404,516.9365,910.39056
109.93,101.01443,1190.51775,1300.5935
111.44,105.14716,1815.40625,1628.0831
111.44,109.20875,2215.6857499999996,1863.5741
108.03,109.68287,2198.68975,2149.5288
121.0,111.09039,1803.23675,1765.4918
150.35,135.57346,1025.7785,1266.7871
171.36,163.5345,242.18275,297.9233
199.83,179.0019,0.0,-4.0545535
160.21,195.92546,0.0,-6.562952
151.31,164.42398,0.0,-6.562952
154.49,151.05775,0.0,-6.562952
134.15,148.72763,0.0,-6.562952
111.35,123.07598,0.0,-6.562952
104.41,105.65647,0.0,-6.562952
107.43,101.84959,0.0,-6.562952
106.01,104.38288,0.0,0.66417974
102.57,108.81505,0.0,9.926256
101.09,107.31829,0.0,9.926256
101.21,105.33383,0.0,5.812974
102.97,106.90688,0.0,26.607342
105.12,111.58024,0.0,19.627922
161.62,120.99584,0.0,27.99773
225.95,161.47162,155.1495,98.782814
222.85,217.37527,634.23675,575.24194
231.98,211.25436,1236.09975,1222.5243
203.36,216.20467,1821.2315,1686.3159
227.35,195.46426,2082.811,2039.363
234.92,217.47992,1911.8175,1915.445
239.58,222.88911,1431.79675,1494.3708
266.61,243.91321,750.011,809.3476
271.3,269.7011,171.37574999999998,210.17604
302.2,261.06076,0.0,5.05135
279.43,259.16257,0.0,-6.5487614
260.98,238.96791,0.0,-6.562952
237.71,226.46729,0.0,-6.562952
204.67,180.27983,0.0,-6.5487614
142.62,163.61774,0.0,-6.5487614
126.1,126.33916,0.0,-6.562952
108.97,120.703224,0.0,-6.562952
102.76,107.837234,0.0,-6.562952
102.34,100.74436,0.0,9.9120655
100.66,101.516884,0.0,9.9120655
100.91,99.67723,0.0,9.9120655
102.8,101.48934,0.0,9.9120655
110.87,109.17835,0.0,9.9120655
273.22,127.38625,0.0,9.9120655
341.45,256.004,122.3555,221.37569
375.66,314.46436,484.534,687.0578
360.02,323.9651,1029.2585,1095.3994
354.53,307.53137,1509.30475,1465.9344
372.38,315.4062,1670.91575,1882.9933
406.03,331.88058,1717.6435,1667.9937
419.14,378.94202,1270.68975,1343.7944
424.78,382.86368,616.9415,732.8626
379.77,385.86572,145.928,144.54152
389.72,328.85873,0.0,-5.702847
378.96,295.78226,0.0,-6.5487614
301.19,292.86887,0.0,-6.5487614
253.17,261.42276,0.0,-6.5487614
174.56,205.76118,0.0,-6.5487614
134.68,151.17065,0.0,-6.5487614
120.4,123.86527,0.0,-6.5487614
106.05,113.900795,0.0,-6.5487614
106.37,100.023636,0.0,-6.5487614
100.47,103.14119,0.0,2.682943
98.06,99.92825,0.0,5.812974
96.72,99.21686,0.0,2.682943
96.18,100.467545,0.0,5.812974
98.1,106.98227,0.0,9.926256
127.46,126.72466,0.0,9.926256
182.02,163.70908,100.36975,234.71872
210.64,217.19022,328.306,604.77924
210.22,237.5738,598.55375,1130.0198
183.28,236.01996,835.5282500000001,1169.562
171.03,213.30347,927.755,1153.5425
164.92,205.02087,836.0242499999999,1086.2377
169.25,206.48573,613.09175,893.19293
174.77,215.86882,339.39725,579.0316
148.17,221.10135,141.4145,144.50876
162.17,196.26918,0.0,-5.702847
130.2,193.59314,0.0,-6.5487614
113.47,148.29918,0.0,-6.5487614
126.77,124.21773,0.0,-6.5487614
137.32,131.20416,0.0,-6.5487614
114.97,127.14502,0.0,-6.5487614
102.16,107.41871,0.0,-6.5487614
94.22,100.37162,0.0,-6.5487614
93.68,94.64504,0.0,-6.5487614
89.44,97.52418,0.0,2.682943
88.84,91.66411,0.0,2.682943
90.5,91.66411,0.0,2.682943
92.46,94.07411,0.0,2.682943
107.14,105.18516,0.0,2.682943
115.3,115.73454,0.0,2.682943
129.52,125.68151,120.0255,99.38773
148.52,140.0931,660.35475,403.4445
136.77,153.85597,1480.5445,884.87866
110.02,138.71707,2450.98675,1553.116
112.9,119.56625,3106.327,2246.9412
130.62,122.027725,3356.43525,2476.5415
164.3,139.51627,2811.252,2444.0361
208.21,175.1412,1480.96525,1447.6082
232.63,213.40842,242.91925,244.85408
261.32,223.14601,0.0,-4.0545535
209.2,235.92763,0.0,-6.5487614
151.63,193.17812,0.0,-6.5487614
147.0,141.85841,0.0,-6.5487614
113.35,136.15097,0.0,-6.5487614
101.54,107.00586,0.0,-6.5487614
106.83,96.65244,0.0,-6.562952
104.84,101.0099,0.0,-6.562952
97.01,101.26375,0.0,-6.562952
93.35,97.00137,0.0,9.9120655
88.0,94.52775,0.0,20.986874
91.1,88.730286,0.0,19.613735
98.66,95.99011,0.0,22.46165
104.97,109.3429,0.0,5.812974
110.81,117.53149,0.0,9.926256
149.76,126.70763,166.20675,116.353065
162.5,157.55884,1125.7755,626.1065
134.87,158.20325,2482.1435,1801.759
113.77,130.83722,3468.08175,2915.7725
109.29,115.789894,3885.634,3560.8228
117.17,114.02799,3728.268,3777.1023
146.52,128.32903,2797.5254999999997,3208.0808
233.34,160.89566,1476.96675,2027.3102
175.72,248.292,267.564,314.94928
196.5,198.63123,0.0,-6.797541
159.55,208.5864,0.0,-6.5487614
135.44,165.14865,0.0,-6.5487614
134.88,141.54478,0.0,-6.5487614
118.32,127.65911,0.0,-6.5487614
102.54,110.06236,0.0,-6.5487614
109.33,100.02989,0.0,-6.5487614
110.64,107.243675,0.0,-6.5487614
106.2,107.574326,0.0,-6.5487614
105.72,105.85981,0.0,9.926256
105.21,105.44232,0.0,9.926256
104.98,106.391655,0.0,9.926256
106.2,106.44059,0.0,9.926256
111.56,105.28396,0.0,9.9120655
106.76,113.38935,0.0,9.9120655
107.77,113.20481,120.74725,126.031044
106.19,118.454414,556.90675,950.2936
106.62,106.6046,1067.82075,1568.6896
105.69,104.40207,1727.18325,1731.3256
103.62,103.0287,2129.67975,2267.1294
106.42,102.41981,2007.897,2621.5525
107.74,111.07527,1454.436,2300.7551
125.16,128.80281,733.68425,1343.7357
138.3,145.67015,169.87900000000002,295.9414
183.0,158.2284,0.0,4.2053733
166.96,184.60909,0.0,3.3452678
156.49,165.29605,0.0,-6.562952
158.92,153.29218,0.0,-6.562952
141.07,143.12688,0.0,-6.562952
124.62,125.251434,0.0,-6.562952
120.33,116.69224,0.0,-6.562952
107.62,114.83378,0.0,-6.562952
105.74,106.88092,0.0,-6.562952
108.1,105.82702,0.0,9.9120655
106.52,109.19251,0.0,9.9120655
106.29,102.57808,0.0,9.9120655
105.37,106.689476,0.0,9.9120655
104.61,107.40907,0.0,9.9120655
106.13,107.43485,0.0,9.9120655
106.64,107.87478,84.66324999999999,85.16975
106.88,109.58291,472.08975,538.43164
107.23,104.49038,1169.72025,1114.4968
107.9,104.91905,1747.79025,1705.034
108.61,109.32992,2029.98525,2001.5375
109.84,110.00451,1815.64675,1909.3872
105.72,112.73202,1392.17275,1416.3257
110.09,117.99549,665.78625,802.84106
110.59,125.58062,154.2705,97.15559
116.44,130.40065,0.0,-5.702847
119.87,130.23157,0.0,-6.562952
121.02,130.44948,0.0,-6.562952
125.52,125.90656,0.0,-6.562952
121.32,121.72596,0.0,-6.562952
115.06,112.959625,0.0,-6.562952
107.42,106.75498,0.0,-6.562952
105.34,103.49761,0.0,-6.562952
109.11,103.43793,0.0,-6.562952
110.01,111.12946,0.0,9.9120655
111.33,113.01018,0.0,9.9120655
114.56,114.169945,0.0,9.9120655
111.98,117.73549,0.0,9.9120655
104.88,121.1385,0.0,9.9120655
182.92,121.89458,0.0,9.9120655
181.28,195.66626,74.32925,75.452156
186.13,194.69568,597.08225,483.08755
207.37,192.66985,1395.929,1144.5918
166.62,203.75037,2028.15775,1908.0149
158.31,173.35896,2314.3125,2225.3071
206.4,174.33652,2169.61875,2077.2764
210.56,216.5043,1644.21175,1599.2004
246.86,224.80986,784.0435,663.35223
302.68,261.9813,141.407,87.52456
388.42,283.8496,0.0,-5.702847
341.08,302.94696,0.0,-6.562952
372.17,298.48273,0.0,-6.562952
336.58,289.06473,0.0,-6.562952
271.64,249.99892,0.0,-6.562952
182.65,198.01909,0.0,-6.562952
147.36,154.49826,0.0,-6.562952
115.52,136.06181,0.0,-6.562952
113.49,112.55388,0.0,-6.562952
112.38,112.10027,0.0,9.9120655
114.58,112.97678,0.0,9.9120655
114.41,114.47745,0.0,9.9120655
114.94,114.867744,0.0,9.9120655
115.83,121.22954,0.0,9.9120655
133.01,143.41945,0.0,9.9120655
196.2,165.4678,79.14850000000001,61.82489
229.29,221.47552,634.9475,551.28107
201.48,247.50505,1414.37375,1136.1655
163.1,216.18774,1857.51875,1918.013
182.02,177.64632,1916.7335,1970.0746
177.19,220.59001,1735.24075,1837.557
220.84,209.47546,1148.74975,1361.9004
228.74,260.86847,551.10425,600.97253
236.97,260.45245,144.61175,101.22825
271.85,275.6114,0.0,-5.6886563
200.81,295.5556,0.0,-6.5487614
189.35,245.8127,0.0,-6.562952
176.27,213.12466,0.0,-6.562952
153.88,174.71971,0.0,-6.562952
129.71,149.85818,0.0,-6.562952
119.72,121.76327,0.0,-6.562952
109.85,113.63543,0.0,-6.562952
105.51,105.99163,0.0,-6.562952
107.91,104.916565,0.0,9.9120655
105.46,109.98088,0.0,9.9120655
107.31,106.971924,0.0,9.9120655
108.34,109.66205,0.0,9.9120655
107.58,117.19463,0.0,9.9120655
146.35,119.81,0.0,9.9120655
198.26,159.27754,77.50325,61.82489
247.71,214.28471,653.50675,505.09262
218.11,243.77704,1595.81075,1110.783
185.95,212.50072,2220.53975,1834.7726
172.41,183.8518,2564.6795,2264.9875
165.89,172.32039,2451.1175,2131.1704
180.27,174.22221,1777.588,1475.0077
202.63,194.77634,873.6872500000001,682.33435
247.42,213.939,180.378,172.1064
315.24,251.65533,0.0,4.2053733
261.24,279.16418,0.0,5.647299
205.48,240.13618,0.0,-6.562952
175.14,191.29556,0.0,-6.562952
147.25,155.2818,0.0,-6.562952
123.67,131.37717,0.0,0.66417974
113.64,112.70912,0.0,-6.562952
104.53,105.629036,0.0,-6.562952
115.2,100.62085,0.0,-6.562952
114.84,112.67163,0.0,9.9120655
115.81,112.43126,0.0,9.9120655
114.8,113.56546,0.0,9.9120655
114.7,112.92005,0.0,9.9120655
106.46,119.626945,0.0,9.9120655
132.28,118.3667,0.0,9.9120655
200.47,143.40013,72.7405,61.82489
214.03,207.84375,575.3115,596.77386
184.44,214.61902,1262.52625,1330.4437
144.45,182.1999,1942.83925,1768.489
150.24,148.18153,2277.81875,2170.944
144.5,150.05902,2196.95075,2311.727
161.12,150.15816,1717.014,2032.2965
169.97,176.48137,929.329,1041.4061
168.29,195.80798,201.014,179.91653
164.66,202.03368,0.0,-4.54491
146.88,178.85522,0.0,-6.5487614
144.38,154.33461,0.0,-6.5487614
138.44,144.47337,0.0,-6.5487614
124.15,128.35591,0.0,-6.5487614
111.69,114.01618,0.0,-6.5487614
110.88,104.96104,0.0,-6.5487614
105.39,101.33449,0.0,-6.562952
106.14,101.924736,0.0,-6.562952
105.24,105.584206,0.0,9.9120655
103.94,106.40086,0.0,9.926256
104.41,104.61242,0.0,9.926256
105.23,106.81248,0.0,9.9120655
106.3,113.54647,0.0,9.926256
124.83,115.60764,0.0,5.812974
153.34,135.93442,80.36275,63.798347
185.29,163.48024,387.73175,584.2828
184.91,185.38795,822.29675,1100.906
169.04,173.62111,1273.4415,1480.8539
168.0,157.78673,1517.90575,1607.3296
161.71,157.39297,1272.43875,1630.0977
157.39,160.09924,892.60225,1217.0778
160.5,176.14928,412.18525,650.96185
161.51,169.38347,211.7915,190.25787
168.05,166.70978,0.0,-4.54491
157.44,163.8552,0.0,4.1870227
146.56,155.52707,0.0,4.1870227
131.59,139.03508,0.0,-6.562952
115.54,117.89267,0.0,-6.562952
101.18,105.89918,0.0,-6.562952
97.1,94.48506,0.0,-6.562952
96.56,95.49255,0.0,-6.562952
119.27,95.38803,0.0,-6.562952
115.48,116.947655,0.0,9.9120655
115.96,111.64088,0.0,9.9120655
113.93,111.64088,0.0,9.9120655
112.85,111.499886,0.0,9.9120655
110.75,113.66254,0.0,9.9120655
105.56,110.27211,0.0,9.9120655
105.58,112.92035,61.31525,61.82489
115.76,116.52626,382.00475,376.103
116.8,123.29211,923.97675,686.64404
115.52,124.46181,1354.36225,1284.2517
112.7,123.346596,1495.26025,1563.8402
108.12,117.18517,1304.4405000000002,1375.9619
117.01,116.012405,1006.008,998.184
130.07,126.126205,547.8765,456.5846
140.34,137.69774,136.42725,125.315865
153.34,149.93753,0.0,-5.6886563
125.78,153.54132,0.0,-6.5487614
120.32,129.04306,0.0,-6.5487614
114.38,119.90103,0.0,-6.5487614
114.03,108.41162,0.0,-6.5487614
107.52,105.229996,0.0,-6.5487614
115.19,100.5085,0.0,-6.5487614
105.08,108.47891,0.0,-6.5487614
102.77,103.18669,0.0,-6.5487614
103.23,102.41193,0.0,9.9120655
100.25,102.69243,0.0,9.9120655
98.02,100.63233,0.0,9.9120655
100.29,100.89637,0.0,9.926256
100.02,101.57892,0.0,9.9120655
103.01,102.23585,0.0,9.926256
104.59,105.30207,60.11125,44.78145
106.76,107.997475,492.9345,376.103
106.52,104.66474,1489.08375,988.40326
104.99,104.19246,2327.20175,1920.0726
107.99,105.00898,2417.96175,2300.4565
105.97,106.16101,2034.47725,2152.9604
107.23,107.83486,1543.51825,1600.5367
112.19,114.74887,676.68375,659.40955
108.04,121.04958,130.24525,110.8693
111.86,117.47618,0.0,-5.702847
118.33,111.95657,0.0,-6.562952
115.32,115.966805,0.0,8.867164
117.29,109.640305,0.0,8.867164
113.94,108.35258,0.0,8.867164
109.44,104.52816,0.0,8.867164
107.7,103.040146,0.0,-6.562952
108.28,100.661026,0.0,-6.562952
106.24,104.33883,0.0,-6.562952
104.41,107.101494,0.0,9.9120655
97.88,106.26258,0.0,9.9120655
85.16,103.015854,0.0,9.9120655
78.28,92.62177,0.0,9.9120655
82.66,89.77589,0.0,9.9120655
103.22,103.1978,0.0,9.926256
143.17,118.45559,93.3325,44.78145
134.42,154.50836,585.98475,482.04913
121.56,148.20882,1348.11575,1309.8948
119.04,125.665215,2203.69675,1774.4602
111.01,126.84844,2850.4455,2403.2695
112.01,123.3967,2619.7375,2672.558
123.95,127.10548,2090.9195,2064.6743
132.01,142.62883,1045.1395,817.4208
128.92,154.00694,155.958,94.33515
132.58,150.0615,0.0,-8.7635
118.44,154.3625,0.0,-8.7635
116.31,144.20544,0.0,-8.7635
114.22,135.05928,0.0,-6.5487614
108.84,120.359795,0.0,4.914466
98.81,110.52665,0.0,-6.5487614
93.59,98.12431,0.0,-6.5487614
83.89,92.8293,0.0,-6.5487614
80.1,85.09742,0.0,-6.5487614
79.01,84.906654,0.0,5.812974
79.52,84.34701,0.0,2.682943
79.52,84.41572,0.0,5.812974
81.32,85.15052,0.0,2.682943
91.34,92.25846,0.0,1.8366768
111.53,104.9578,0.0,1.8366768
117.98,128.00427,57.631,60.985218
130.44,130.47418,319.8625,536.3359
116.44,135.44032,857.057,941.30975
109.65,120.16549,1308.73675,1225.5369
108.29,116.7153,1542.3365,1426.9131
110.0,116.19237,1458.32975,1328.3
118.17,121.265724,1035.40875,1251.6481
164.1,133.01697,496.91675,585.1924
122.87,171.55061,128.75975,69.86642
158.43,134.63289,0.0,-14.512421
127.02,160.0259,0.0,-14.512421
137.31,133.4953,0.0,-14.512421
129.14,133.26517,0.0,-14.512421
121.16,119.968506,0.0,-14.512421
103.69,111.4945,0.0,-14.512421
101.34,97.81628,0.0,-8.7635
99.35,98.53753,0.0,-8.7635
103.56,92.43041,0.0,-8.7635
92.88,100.997025,0.0,9.065798
96.98,93.3862,0.0,9.065798
93.8,97.45431,0.0,9.065798
92.72,97.1238,0.0,9.065798
105.7,104.38736,0.0,9.065798
121.88,116.699,0.0,9.9120655
138.78,133.7925,62.397499999999994,39.804092
132.2,148.87993,685.85775,393.14438
118.65,138.02023,2061.8515,943.6537
105.74,122.732765,3479.942,2318.3035
102.27,111.535194,3918.2025,3401.369
103.12,107.24069,3504.586,3623.7507
112.15,112.62697,2435.87775,2623.644
113.33,134.05145,1190.94025,1216.9159
111.73,131.33572,209.77325,232.85469
124.01,129.20306,0.0,8.670481
115.34,133.15697,0.0,-8.7635
114.26,124.01107,0.0,-8.7635
111.02,116.87878,0.0,-8.7635
103.06,105.437096,0.0,-8.7635
101.01,97.6423,0.0,-8.7635
104.98,94.09131,0.0,-8.7635
99.77,96.94373,0.0,-8.7635
102.86,96.31864,0.0,-8.7635
91.96,102.43133,0.0,1.8366768
82.22,94.6023,0.0,4.9667077
82.15,86.346245,0.0,4.9667077
83.92,88.2526,0.0,4.9667077
93.18,94.34249,0.0,4.9667077
104.98,106.58417,0.0,4.9667077
112.33,120.56611,48.85525,36.706074
116.87,124.787704,422.875,549.0321
113.64,123.05487,1553.983,1059.0063
105.59,111.65577,2882.41775,1828.3705
102.3,105.83221,3343.377,2742.3816
101.61,104.56607,2961.33975,2878.9497
101.29,108.474594,1929.78625,2370.9011
107.77,113.4853,769.2895,1242.0197
114.88,118.40495,142.684,193.96803
118.71,120.42817,0.0,-7.903394
119.47,121.692696,0.0,-8.7635
114.77,121.692696,0.0,-8.7635
110.87,109.8629,0.0,1.9765129
111.33,102.15313,0.0,-8.7635
102.82,101.82304,0.0,-8.7635
100.08,94.54531,0.0,-8.7635
94.82,94.81509,0.0,-8.7635
90.62,91.263985,0.0,-8.7635
91.42,91.40866,0.0,1.8366768
92.48,89.24873,0.0,1.8366768
92.82,90.51553,0.0,2.682943
92.79,95.17075,0.0,2.682943
97.71,100.944176,0.0,2.682943
113.73,107.49712,0.0,2.682943
125.3,119.24365,55.62975,29.004604
132.08,132.7072,513.20675,398.62625
127.42,134.46983,1317.473,1138.2065
122.76,126.532005,2060.5635,1701.9626
119.3,121.65263,2387.95875,2061.895
113.74,119.8898,2405.91025,2126.2324
119.48,115.84251,1880.02325,1860.1373
128.33,128.4656,1006.02925,703.0837
134.24,138.85838,163.66475,126.607704
167.07,136.11589,0.0,-5.6886563
153.21,155.58089,0.0,-6.562952
137.12,149.4425,0.0,-6.562952
134.6,125.5429,0.0,-6.5487614
127.06,117.25244,0.0,-6.5487614
114.69,109.60343,0.0,-6.5487614
110.39,99.98361,0.0,-6.5487614
106.49,100.4023,0.0,-6.562952
107.47,101.164925,0.0,-6.562952
106.51,104.81917,0.0,9.9120655
107.35,104.49419,0.0,9.9120655
107.23,105.75308,0.0,9.9120655
104.79,106.34221,0.0,9.9120655
103.3,106.40757,0.0,9.9120655
105.36,106.55857,0.0,9.9120655
111.08,109.62959,52.7325,58.380432
115.2,115.15876,407.0675,567.31995
110.08,114.5739,1030.867,1032.0294
105.25,108.114655,1524.0929999999998,1516.437
102.73,104.446785,1726.02925,1756.1285
103.07,103.01914,1626.82275,1678.9476
106.6,106.0548,1189.59325,1350.4684
112.78,115.03457,510.68875,680.07117
118.26,122.32285,137.77925,77.830086
120.67,128.10799,0.0,-5.6886563
120.44,124.74843,0.0,-6.5487614
116.33,120.52221,0.0,-6.5487614
110.51,111.36575,0.0,-6.5487614
104.22,101.89793,0.0,-6.5487614
101.3,97.278564,0.0,-6.5487614
97.27,95.63902,0.0,-6.5487614
89.65,95.3277,0.0,-6.5487614
91.46,87.90941,0.0,-6.5487614
90.94,90.79244,0.0,2.682943
83.92,89.47501,0.0,2.682943
80.89,83.55571,0.0,2.682943
81.71,78.91849,0.0,5.812974
82.76,82.845985,0.0,2.682943
92.57,85.57591,0.0,5.812974
100.58,94.52453,42.1295,31.880323
100.22,103.077705,387.0325,401.7563
97.43,99.728905,1151.2635,962.27356
99.0,98.4391,1867.58525,1547.6918
101.24,98.5706,2343.34875,2058.049
101.3,100.39004,2301.47725,2065.151
101.28,103.9106,1850.18925,1649.2545
97.95,107.74551,925.985,657.02264
104.58,108.35222,147.6995,130.37282
108.26,106.358986,0.0,-5.6886563
109.54,108.48677,0.0,-6.5487614
109.75,108.685486,0.0,-6.5487614
106.25,102.396515,0.0,-6.5487614
102.66,98.424324,0.0,-6.5487614
101.39,96.35446,0.0,-6.5487614
104.48,96.62142,0.0,-6.5487614
99.64,99.00856,0.0,-6.5487614
85.32,94.30634,0.0,-6.5487614
86.14,86.00966,0.0,9.926256
84.48,88.84348,0.0,5.812974
85.32,85.4602,0.0,2.682943
86.14,86.54008,0.0,2.682943
95.05,94.79316,0.0,2.682943
121.85,104.08997,0.0,2.682943
134.38,132.14905,35.672,41.63756
139.63,139.9222,555.563,372.0039
119.9,139.27124,1635.75275,1145.0128
107.62,123.30965,2609.35325,2080.9092
101.52,111.48476,3205.7737500000003,2742.202
102.73,108.27707,3276.08725,3018.9033
108.27,111.13085,2661.07475,2855.744
142.06,121.242584,1352.34925,1654.85
159.6,152.99828,210.15425,268.771
194.7,157.74658,0.0,10.871016
136.32,180.36932,0.0,8.867164
138.0,135.08818,0.0,8.867164
134.14,132.64143,0.0,8.867164
124.36,122.76247,0.0,8.881356
102.24,113.04159,0.0,8.881356
103.7,96.41866,0.0,8.881356
106.5,98.896416,0.0,8.881356
104.3,99.574265,0.0,8.881356
103.58,99.44373,0.0,19.613735
103.34,99.96441,0.0,19.613735
103.34,100.27142,0.0,19.613735
105.27,101.90042,0.0,19.613735
110.5,111.17991,0.0,19.613735
132.74,119.68284,0.0,48.480648
156.79,136.96043,47.38325,60.166733
149.27,160.47115,715.33225,519.54016
121.92,142.19608,1817.6275,1385.9558
110.09,116.22075,2585.673,2506.6062
111.02,108.043465,3045.50075,2873.3853
122.16,108.673,2961.4825,2866.6648
140.04,120.993546,2573.00675,2509.6367
147.96,149.49313,1335.01725,1500.5333
160.2,158.11359,287.4165,199.29295
189.55,168.11644,0.0,0.41540015
170.85,178.02553,0.0,-6.562952
153.18,166.7475,0.0,-6.562952
143.38,146.54865,0.0,-6.562952
130.5,128.95229,0.0,-6.562952
119.5,113.734825,0.0,-6.562952
116.44,108.14441,0.0,-6.562952
104.01,111.7161,0.0,-6.562952
107.24,98.78069,0.0,-6.562952
113.63,103.76361,0.0,9.9120655
109.58,109.89374,0.0,9.9120655
109.19,106.78946,0.0,9.926256
104.28,111.43802,0.0,5.812974
102.45,113.23979,0.0,9.9120655
133.7,115.54705,0.0,9.9120655
157.21,141.64726,54.334,36.233727
143.38,159.08832,614.7215,639.7401
136.19,137.31429,1393.8055,1395.5907
126.47,126.36778,2404.94225,2059.9648
120.31,119.315445,2923.4612500000003,2697.006
117.73,116.7993,2882.41425,2890.8457
126.09,120.10663,2137.611,2634.883
132.93,133.17032,1075.37775,1350.371
140.53,144.6861,189.64575,291.6256
153.35,150.79509,0.0,-4.5591006
136.15,159.74142,0.0,0.66417974
134.4,139.92105,0.0,4.9002743
126.36,129.37077,0.0,4.1912446
115.23,119.09862,0.0,4.2012143
107.06,108.87817,0.0,3.3594584
107.24,103.39722,0.0,8.530885
110.47,100.604935,0.0,8.881356
96.8,104.176865,0.0,8.881356
92.75,97.47581,0.0,19.627922
92.14,93.93044,0.0,19.627922
94.5,94.14636,0.0,23.307625
100.12,97.02995,0.0,2.682943
97.86,106.38566,0.0,2.682943
117.15,111.94913,0.0,5.812974
147.06,126.59025,33.61225,35.960464
160.61,146.55492,475.373,555.51904
142.83,151.13939,1528.10275,1068.5181
114.36,135.7939,2488.59275,1931.4248
111.7,112.022835,3153.8197499999997,2596.2307
110.01,111.80869,3237.516,2957.1013
120.72,112.22275,2351.539,2659.5696
129.75,128.36295,1247.832,1247.3721
128.79,138.7098,191.05625,175.6468
149.13,134.49069,0.0,-4.5591006
136.19,143.5598,0.0,-6.562952
129.44,134.7791,0.0,-6.562952
120.24,120.14221,0.0,-6.562952
112.65,111.12802,0.0,-6.562952
103.98,103.15905,0.0,-6.5487614
104.16,96.29767,0.0,8.881356
105.42,99.71726,0.0,8.867164
89.84,98.46907,0.0,8.867164
81.0,89.602104,0.0,19.613735
68.33,81.69013,0.0,19.613735
63.1,71.03531,0.0,19.613735
76.6,67.41381,0.0,19.613735
86.97,86.41477,0.0,19.613735
113.76,98.464195,0.0,48.480648
107.62,121.474075,33.6045,80.15673
108.07,120.2469,895.2429999999999,555.8923
103.42,114.427414,2935.241,1706.1708
100.12,101.25792,4292.37425,3597.4521
97.78,99.76804,4674.1224999999995,4523.879
101.26,97.12246,4344.1155,4648.9707
101.0,105.89962,3181.47275,3767.674
105.73,113.77876,1474.891,2270.2253
109.55,119.743034,185.74375,331.07196
126.73,122.35605,0.0,10.871016
118.64,132.23729,0.0,8.867164
117.2,126.105125,0.0,8.881356
121.65,113.86455,0.0,8.881356
114.26,112.41314,0.0,4.914466
105.81,104.88861,0.0,-6.5487614
107.71,99.17512,0.0,-6.5487614
109.6,103.759636,0.0,-6.5487614
106.16,104.80558,0.0,-6.5487614
102.38,97.41057,0.0,9.926256
100.84,97.08358,0.0,9.9120655
101.54,95.28581,0.0,9.926256
104.97,96.19296,0.0,9.926256
103.4,102.61887,0.0,9.9120655
102.34,106.74225,0.0,9.9120655
105.19,104.136375,19.099,34.350376
114.19,106.80718,327.75149999999996,709.72766
115.82,108.76729,843.2255,1127.4126
113.79,107.78572,1298.61825,1324.0408
112.36,106.66421,1581.87325,1408.0883
111.71,106.47335,1325.7025,1443.0322
116.96,109.6799,945.10575,1214.1173
122.3,121.33121,443.56675,685.4379
127.95,125.37864,101.08875,92.22552
139.39,124.41541,0.0,-5.702847
126.22,133.35768,0.0,-6.562952
124.58,123.95853,0.0,-6.562952
129.34,115.68716,0.0,-6.562952
119.37,115.241745,0.0,-6.562952
112.55,108.63771,0.0,-6.562952
112.74,103.00281,0.0,-6.562952
106.8,105.007065,0.0,-6.562952
112.08,100.57111,0.0,-6.562952
112.08,106.25709,0.0,9.9120655
109.27,106.51874,0.0,9.9120655
107.26,103.091545,0.0,9.9120655
107.82,100.48281,0.0,9.9120655
108.58,104.805145,0.0,9.9120655
111.49,105.60849,0.0,9.9120655
108.74,112.81583,13.83425,24.080666
105.88,111.01149,214.29525,375.2429
110.02,105.70781,642.8824999999999,641.29425
113.4,107.67928,998.41,1088.21
113.4,110.79409,1138.2535,1286.5669
114.24,110.73937,1061.998,1157.0916
121.31,113.602615,789.899,826.3324
123.95,123.5121,409.10275,461.7371
119.97,125.02822,113.14275,58.401688
125.1,123.050354,0.0,-5.702847
124.97,122.67755,0.0,-6.562952
121.52,122.67755,0.0,-6.562952
123.63,115.75565,0.0,-6.562952
119.92,111.69264,0.0,-6.562952
114.94,110.076866,0.0,-6.562952
109.95,104.602135,0.0,-6.562952
109.76,103.440735,0.0,-6.562952
104.99,103.459175,0.0,-6.562952
102.36,106.41662,0.0,9.9120655
101.16,104.85223,0.0,9.9120655
101.16,102.97882,0.0,9.9120655
101.16,104.68985,0.0,9.9120655
99.44,110.81587,0.0,9.926256
104.16,110.86816,0.0,5.812974
133.52,115.30988,17.86075,17.046242
137.51,142.81146,273.39125,260.09427
144.36,137.47862,720.6859999999999,755.4215
131.19,143.33435,1125.093,1224.7952
124.9,132.35135,1276.161,1377.1113
118.89,128.42845,1152.9205000000002,1265.7026
150.74,127.28096,867.8285,918.40533
147.0,156.59668,467.736,457.1963
143.38,157.65405,118.2395,75.98621
167.32,151.87527,0.0,-5.6886563
135.62,159.65123,0.0,-6.5487614
143.67,139.98598,0.0,-6.5487614
154.41,138.21432,0.0,-6.5487614
126.04,139.32735,0.0,-6.5487614
105.95,117.28384,0.0,-6.5487614
113.38,101.357635,0.0,-6.5487614
101.0,110.09537,0.0,4.1912446
110.65,96.2503,0.0,0.6783703
110.41,107.41906,0.0,23.307625
105.78,108.069756,0.0,5.812974
104.96,104.676155,0.0,5.812974
105.74,107.80923,0.0,9.9120655
108.26,114.79025,0.0,5.812974
112.79,119.41466,0.0,5.812974
107.29,124.66294,16.95975,19.981575
118.05,118.81204,249.94925,357.05283
120.8,122.12999,820.49625,1002.7762
115.64,120.52953,1316.6487499999998,1496.2815
116.91,115.796265,1691.83625,1955.6842
116.36,117.657295,1587.94875,1615.7235
113.82,124.8101,1184.22825,1101.9227
120.09,126.469734,571.55825,710.81757
114.21,135.74672,99.0615,183.9604
120.22,132.62842,0.0,-5.6886563
108.68,129.25949,0.0,-6.5487614
107.51,120.18811,0.0,-6.5487614
107.65,114.90457,0.0,-6.5487614
105.41,105.43408,0.0,-6.5487614
99.97,101.87302,0.0,-6.5487614
112.96,97.104126,0.0,-6.5487614
104.81,105.607155,0.0,-6.5487614
86.34,102.17965,0.0,-6.5487614
66.42,88.08482,0.0,2.682943
67.29,72.73233,0.0,2.682943
64.9,73.36414,0.0,2.682943
61.93,71.45209,0.0,2.682943
65.95,75.70852,0.0,2.682943
73.78,84.82158,0.0,2.682943
87.4,87.897705,16.0895,20.01472
90.34,97.90145,437.292,298.6061
89.77,97.85829,1645.56575,808.17444
85.32,90.00164,2980.9395,2361.1597
80.84,86.487724,3946.5765,3215.497
78.55,84.04201,3987.0915,3894.9421
90.38,85.0847,3052.2065,3273.1572
108.58,103.39237,1424.6255,1805.3461
112.56,120.65104,158.70675,300.40884
106.91,121.31116,0.0,9.741462
112.09,112.30917,0.0,8.881356
104.67,115.935646,0.0,8.881356
103.8,103.37774,0.0,8.881356
103.84,99.022156,0.0,8.881356
103.57,99.32083,0.0,8.881356
115.78,100.51393,0.0,8.881356
112.56,110.31879,0.0,8.881356
106.45,104.54645,0.0,8.881356
103.15,97.45177,0.0,19.627922
100.57,96.19979,0.0,19.627922
98.3,94.23883,0.0,19.627922
99.74,95.44396,0.0,19.627922
102.9,102.1285,0.0,19.627922
98.08,107.06324,0.0,48.494835
97.57,106.38945,29.7825,60.039967
93.81,106.37218,971.87025,497.783
85.42,96.47552,2980.3015,1853.6259
59.42,82.78028,4565.61025,3708.5422
46.6,61.356503,5343.50475,5040.048
49.36,48.90743,5118.2955,5401.0073
93.65,59.1738,3858.28775,4724.5566
108.5,106.24764,1817.4995,2928.2625
106.82,120.291626,212.60175,429.7226
114.84,114.66318,0.0,10.871016
114.29,118.19697,0.0,8.867164
110.0,116.04724,0.0,8.867164
111.41,107.19398,0.0,8.867164
111.22,106.545975,0.0,8.867164
105.08,101.77295,0.0,3.3452678
102.8,102.01924,0.0,0.66417974
102.46,104.06119,0.0,-6.562952
101.58,100.90743,0.0,-6.562952
92.97,99.48532,0.0,9.9120655
88.14,92.78013,0.0,9.926256
83.13,87.98619,0.0,5.812974
82.67,85.1956,0.0,5.812974
86.34,91.91755,0.0,5.812974
85.47,98.41932,0.0,5.812974
93.89,93.384254,17.375,17.753078
99.08,100.874374,304.27049999999997,775.2873
96.84,95.63696,978.0535,1270.4368
89.25,87.3737,1581.57325,1730.596
89.82,82.69148,1885.10275,1711.6042
96.44,84.11135,1833.9065,1801.9095
106.92,95.929726,1405.0482499999998,1648.0187
111.99,112.627846,695.1395,1135.2595
116.6,117.65462,160.88975,111.57937
117.73,118.379845,0.0,-5.6886563
121.28,117.900925,0.0,-6.5487614
117.51,119.70909,0.0,-6.5487614
116.78,111.995155,0.0,-6.5487614
114.33,108.66445,0.0,-6.5487614
112.12,104.24619,0.0,-6.5487614
108.66,106.84328,0.0,-6.5487614
103.37,105.2585,0.0,-6.5487614
103.0,98.39684,0.0,-6.5487614
97.72,99.511734,0.0,5.812974
91.22,95.38127,0.0,5.812974
83.05,88.99656,0.0,5.812974
84.4,80.57365,0.0,5.812974
83.56,84.26866,0.0,5.812974
89.01,83.86504,0.0,2.682943
100.81,92.87282,14.140250000000002,8.925221
105.18,103.85288,155.57375,321.2959
105.93,107.1914,524.09225,734.0419
97.99,102.04315,883.9965,1072.8555
85.74,98.56001,1220.77975,1093.9362
83.28,88.04738,1179.1975,1187.4487
84.92,84.74547,1074.4405000000002,1003.3099
87.06,88.34349,571.98425,524.6182
101.79,94.26624,147.3475,65.986465
111.13,106.313675,0.0,-5.6886563
109.76,108.90321,0.0,-6.5487614
107.19,108.178444,0.0,-6.5487614
103.2,103.28277,0.0,-6.5487614
98.75,95.35986,0.0,-6.5487614
87.05,92.961365,0.0,-6.5487614
80.84,82.66587,0.0,-6.5487614
84.58,80.43387,0.0,-6.5487614
58.89,85.01135,0.0,4.914466
71.5,62.749084,0.0,-2.5659392
65.43,74.89605,0.0,-2.5659392
67.02,64.509964,0.0,-2.5659392
73.53,69.142136,0.0,-2.5659392
77.46,77.408516,0.0,-2.5659392
82.56,78.76245,0.0,-2.5659392
84.21,86.23036,11.71225,3.6763418
97.82,86.58903,346.20325,118.95429
92.35,95.769966,1425.46325,557.3833
88.49,91.23369,2676.15225,1555.4508
81.0,88.79746,3482.3869999999997,2374.599
80.04,80.30098,3484.033,2813.2598
80.15,81.75913,2817.907,2379.3303
86.93,85.56592,1498.8405,1407.0717
101.4,95.167244,212.052,223.34865
111.45,102.45435,0.0,-4.54491
114.16,109.41883,0.0,-6.5487614
114.86,109.55507,0.0,-6.5487614
109.15,106.49957,0.0,-6.5487614
105.01,102.32747,0.0,-6.5487614
99.03,97.17238,0.0,-6.5487614
98.28,90.77702,0.0,-6.5487614
81.33,93.980576,0.0,-6.5487614
88.79,76.77601,0.0,-6.5487614
79.11,89.42735,0.0,2.682943
82.47,79.27908,0.0,-2.5659392
82.19,83.31833,0.0,-2.5659392
82.17,83.87931,0.0,-2.5659392
90.79,91.71983,0.0,-2.5659392
103.78,99.349434,0.0,2.682943
106.36,111.49582,18.048250000000003,5.789729
113.88,116.95304,341.3035,298.3327
111.36,120.549736,1070.703,890.15564
104.9,115.314445,1722.98175,1304.1353
105.17,108.36969,1953.92675,1749.6895
105.44,109.293335,1641.89625,1631.0186
107.89,110.831085,1149.453,1181.0038
106.23,115.26214,545.8117500000001,714.0397
108.9,113.91987,123.408,78.62672
109.91,114.587616,0.0,-5.6886563
107.71,114.17156,0.0,-6.5487614
108.0,114.42265,0.0,-6.5487614
104.59,110.542625,0.0,-6.5487614
99.08,102.03542,0.0,-6.5487614
96.5,94.79829,0.0,-6.5487614
95.81,96.92617,0.0,-6.5487614
82.91,93.37809,0.0,-6.5487614
72.0,87.32694,0.0,8.881356
58.27,77.75647,0.0,19.627922
48.91,64.55958,0.0,19.627922
53.32,54.66718,0.0,19.627922
44.88,56.325085,0.0,19.627922
52.41,63.862152,0.0,19.627922
79.89,67.55444,0.0,48.494835
88.94,88.62458,24.3245,8.925221
97.04,94.99929,741.582,244.41298
94.39,96.88551,2462.4404999999997,1047.9231
85.82,92.733826,3749.5435,3000.3882
79.38,87.89896,4111.155,3899.4612
76.16,81.449455,3521.11575,3805.0835
76.9,81.38171,2473.7174999999997,2452.506
90.18,85.23563,1358.96525,1144.205
102.95,96.31507,205.594,221.37804
109.53,104.74353,0.0,10.885208
110.52,106.24685,0.0,-6.5487614
108.51,106.54703,0.0,3.3594584
104.12,104.29687,0.0,-6.5487614
100.02,94.64262,0.0,-6.5487614
92.22,92.09746,0.0,8.881356
90.82,90.13157,0.0,-6.5487614
85.8,86.67894,0.0,-6.5487614
86.66,81.77382,0.0,8.881356
