actual_price,predicted_price,actual_P,predicted_P
20.0,46.34485,0.0,0.34963283
16.4,24.848215,0.0,0.42332658
45.5,32.032604,1.81375,1.1169345
51.4,70.125786,17.06775,21.406822
65.23,73.42755,40.832,47.074802
65.77,75.66184,51.523,70.08047
50.17,59.036842,73.7225,75.51677
4.26,38.940113,91.68,104.23266
2.94,3.3629997,119.16575,113.47654
0.02,3.7277527,130.3635,121.27155
-0.08,-3.193608,275.994,137.51402
-0.19,1.1466169,260.02325,249.01155
2.19,9.782498,211.3115,219.80347
49.15,27.21335,102.0875,156.36322
99.18,65.78957,55.3175,87.322395
107.5,112.01661,29.603,35.175613
119.1,121.65525,12.491,25.11121
141.14,130.61852,3.94225,15.991207
111.8,128.49872,0.35225,0.30530903
100.59,99.70792,0.0,-0.45443693
82.16,91.14766,0.0,-0.473204
70.28,76.34709,0.0,-0.39694533
61.54,65.96843,0.0,-0.45443693
60.25,58.704247,0.0,0.1942604
53.54,56.225864,0.0,0.1367686
57.39,51.286964,0.0,0.13108999
65.21,63.593567,0.523,1.0339637
85.97,77.81824,13.16675,16.389057
102.72,96.06243,46.85275,38.973114
128.0,100.85415,92.1865,78.21396
100.0,106.34968,130.732,148.0802
69.78,82.57685,210.16675,155.40692
61.23,55.15554,211.383,209.45746
56.19,46.54464,208.958,200.68454
49.74,43.635612,267.523,207.31921
45.71,39.701393,230.2685,232.45183
36.73,48.856613,253.7195,216.32158
57.9,45.951332,263.121,196.99228
74.14,77.6404,202.35425,228.18604
94.99,94.37331,153.893,147.11426
117.36,116.21657,82.4255,78.6513
127.56,127.30539,29.332,19.300877
166.83,126.729614,2.791,3.4004865
138.86,143.89523,0.0,0.8119138
104.9,118.0273,0.0,0.43166432
112.24,96.1869,0.0,0.077322565
108.8,99.1544,0.0,-0.044346552
102.1,102.96441,0.0,0.8544989
101.64,98.82444,0.0,0.7202239
102.51,98.32494,0.0,0.7202239
99.8,105.29488,4.692,0.91416717
98.18,110.79231,33.071,17.264463
93.82,106.57399,80.67375,65.099815
90.17,102.76327,77.25800000000001,137.3877
73.45,82.856544,114.80575,118.3294
28.13,61.245968,217.515,152.40733
2.33,23.973824,188.8755,216.8795
0.0,5.334037,166.47299999999998,178.29478
-2.0,1.0593466,145.09199999999998,156.37157
-2.0,-6.485382,98.12675,124.38474
-2.76,2.5524259,69.75425,83.78932
-1.59,13.672722,60.8615,60.65012
20.0,26.20283,59.1225,51.275646
59.62,45.602478,52.085,42.391636
73.51,83.24099,38.10125,34.68874
75.2,88.2475,16.7245,22.141619
73.4,92.85644,1.737,1.4851623
76.3,82.54507,0.0,-0.16646819
57.0,73.97428,0.0,-0.22665128
44.9,60.89151,0.0,0.12587012
27.46,47.861477,0.0,0.10605057
33.48,31.317448,0.0,0.1942604
33.95,39.09503,0.0,0.44082323
37.39,40.145214,0.0,0.465381
55.08,48.08978,2.5,3.2173324
67.73,75.21914,29.40625,28.54576
68.38,80.46833,80.31375,82.66138
53.01,72.02324,125.97675,141.1597
29.13,46.392483,123.16625,175.004
1.83,19.094606,175.424,175.92325
-0.05,-1.0890523,85.4965,223.86409
-0.71,-9.244249,57.94325,132.99101
-2.82,-14.71772,65.3335,94.566925
-3.19,-8.539353,44.814,96.73146
-1.72,0.072249316,61.76375,83.0484
-0.03,10.74284,49.6615,93.07662
7.0,28.483368,154.89625,66.81699
70.04,42.509087,121.6315,112.69429
110.0,93.49873,80.86575,66.84736
135.27,121.77996,35.166000000000004,27.380533
150.18,130.19252,5.9315,3.2674563
130.19,129.10738,0.0,0.53841364
108.15,110.725365,0.0,0.15442796
107.0,94.47687,0.0,0.3423959
97.7,94.47687,0.0,0.46687597
94.81,87.74857,0.0,1.0806198
93.63,86.60486,0.0,0.5616174
94.13,85.83462,0.0,1.151844
92.58,90.20656,4.4405,2.4571302
94.79,88.431366,34.54625,23.891497
85.8,85.33807,90.5805,81.578354
53.81,69.70839,169.9195,152.70857
1.0,36.93818,247.30875,214.32881
-0.02,-4.56939,58.28375,280.2086
-1.0,-11.464952,107.96075,99.62747
-3.07,-12.5933075,102.07075,135.09207
-13.17,-15.924513,71.18375,124.10227
-7.75,-12.190113,102.238,94.19956
-3.0,1.5355629,75.37325,121.407906
-0.05,13.906606,45.399,87.4774
36.5,30.034725,188.55075,60.706776
88.85,60.683403,162.07425,138.44452
131.41,117.21045,83.00375,93.14225
192.35,147.32472,31.25725,29.280779
192.37,168.85469,3.9635,2.7551923
135.76,159.54858,0.0,-0.058912188
99.79,117.22294,0.0,-0.3416119
98.4,91.3471,0.0,-0.3416119
85.22,88.8694,0.0,-0.12315022
86.56,82.03334,0.0,0.20418617
80.6,83.50309,0.0,0.93346703
78.53,76.699,0.0,0.05948406
70.66,76.88096,2.213,3.2296882
37.45,70.59195,33.9795,21.872702
13.0,31.381258,68.4415,75.24154
2.4,12.27421,160.907,113.40008
-0.01,-0.6389339,64.7955,208.88786
-0.6,-9.577234,73.38675,105.3713
-2.11,-12.529098,57.122,120.99553
-5.48,-19.192924,56.44725,91.98282
-12.93,-17.490524,39.43175,81.29973
-20.41,-15.324378,28.91325,73.05983
-15.61,-15.513458,29.7315,47.174484
-6.0,-1.4763123,26.37425,43.178844
-0.91,15.094738,37.05125,32.581238
17.0,25.830338,128.11225,34.240475
71.81,60.189533,87.77275,70.51625
89.66,101.80559,33.2035,29.892298
114.9,108.08664,7.0815,3.3225858
101.98,113.66692,0.00125,0.019398423
83.54,94.04145,0.0,-0.23121491
75.3,77.69387,0.0,-0.08012142
70.0,71.130844,0.0,-0.0022925443
71.65,70.44342,0.0,0.93443584
73.71,71.96692,0.0,0.93443584
76.6,73.28187,0.0,0.90924495
82.57,84.74268,3.0170000000000003,1.8510702
105.1,94.201584,23.23025,30.673363
123.86,122.00001,47.13375,66.64648
105.4,120.88918,95.5565,91.409584
82.56,91.850334,202.10125,156.42705
54.19,69.19828,273.841,235.32703
33.21,44.123856,276.16175,279.211
20.0,26.366974,319.368,270.54092
12.78,17.77256,276.975,311.43192
11.0,15.47636,334.221,255.11949
19.75,20.887936,348.05975,314.92395
48.31,32.162067,332.906,305.82095
71.98,63.27,262.539,272.8717
86.78,87.90327,169.84825,201.7346
109.66,107.523315,84.91325,94.21672
189.36,131.24379,35.267250000000004,34.62028
239.26,172.38242,5.71625,5.8198557
143.11,190.15263,0.0,0.29870686
106.36,122.05417,0.0,0.32215276
100.73,98.55111,0.0,0.10257364
96.0,92.57785,0.0,0.10835356
94.03,91.80944,0.0,1.233012
85.44,91.24271,0.0,0.96169806
81.58,83.09642,0.0,0.95591795
91.83,85.0421,5.49225,3.5370913
112.33,103.59447,36.18375,30.058119
101.21,116.038284,102.92175,80.67079
77.4,97.94157,197.65175,165.56328
32.2,61.92444,280.931,259.39673
0.0,20.767542,332.0825,312.37134
-2.0,-9.069379,131.491,341.43973
-2.0,-18.148752,103.36325,171.99597
-3.0,-17.9848,70.1205,140.78477
-10.0,-9.273165,37.26975,100.20932
-5.0,-6.807826,52.77175,70.33471
-2.0,14.085968,62.014,87.41588
0.1,28.864937,164.7135,87.755974
69.9,40.756218,109.481,119.85251
94.91,100.04846,65.21375,58.669945
123.79,128.62979,21.95175,25.483
105.61,147.20227,2.8265,2.6639025
103.98,103.66291,0.0,0.31726918
93.37,95.87032,0.0,-0.21117947
71.27,86.53379,0.0,-0.4439051
62.77,67.78492,0.0,-0.4439051
60.93,63.665527,0.0,0.5822851
61.32,61.218258,0.0,0.40290886
64.11,62.11101,0.0,0.104552366
75.17,72.62566,2.6275,1.0656886
108.32,91.676704,20.9735,21.66715
115.78,112.057434,39.4335,56.01132
112.4,114.58252,79.24125000000001,67.44015
102.95,95.04305,110.126,118.764496
70.68,85.74082,134.57775,142.65895
45.0,54.16072,188.41475,178.51086
19.96,30.571852,183.7035,214.5389
9.69,11.671168,152.61475000000002,208.15714
16.0,12.887014,185.96325,150.59583
34.61,26.982216,243.8015,178.26901
46.91,44.35272,221.03775,208.3158
73.1,64.76463,151.6895,158.58572
95.0,92.647194,81.93125,96.76483
108.0,117.40452,59.76575,53.00105
137.57,125.5378,21.82,21.462322
136.0,132.97704,3.305,3.0165098
117.89,125.155594,0.0,0.62459546
100.52,107.036194,0.0,0.14091298
95.82,94.70539,0.0,0.05083875
85.97,87.43543,0.0,-0.08043533
80.48,84.357445,0.0,0.7212772
79.79,78.61103,0.0,0.90924495
80.57,80.887596,0.0,0.90924495
81.0,87.838234,3.95025,1.173322
113.78,98.18545,23.638,22.297201
116.85,118.65574,59.7255,53.15065
112.78,117.82449,118.48325,85.24476
92.2,100.47425,177.901,155.0571
65.01,75.47147,283.80375,222.54237
45.03,45.965473,215.17275,292.32288
21.15,29.545559,201.44,222.55019
11.03,12.409145,180.68925,190.27899
7.6,16.076094,172.47775,159.0458
19.87,20.536266,177.53675,157.0516
57.5,35.602287,149.93775,166.74092
72.98,76.17751,135.405,104.06696
94.44,89.12527,124.63225,76.50016
107.13,115.84569,38.69725,57.583138
126.2,122.042465,10.1915,16.3452
120.37,120.59471,1.022,-0.3232945
103.39,108.81449,0.006,-0.24044135
81.9,93.31215,0.0,-0.6234992
70.21,74.766846,0.0,-0.6234992
58.35,63.894848,0.0,-0.6234992
59.9,59.315052,0.0,0.104552366
55.27,56.517414,0.0,-0.03229359
48.14,58.903164,0.0,0.048153456
54.48,53.701843,1.05075,0.93475944
64.19,74.121735,18.24875,20.465363
68.97,75.667564,61.5845,56.084534
56.56,72.96034,127.60025,114.589935
4.07,48.36472,172.65225,181.72961
-0.01,0.59799397,51.446749999999994,246.59663
-0.2,-9.956629,38.193,108.93008
-2.0,-9.945382,40.59775,64.38398
-3.94,-13.301558,38.238,64.2799
-4.2,-7.849968,42.61325,42.205685
-3.69,1.3376411,35.735,58.06636
-0.03,13.552767,23.495,63.002434
1.0,27.528685,145.83875,27.188093
46.29,40.96551,153.29625,89.619934
82.76,75.066864,70.111,76.73183
111.05,104.286194,30.128,25.910465
129.29,115.47889,6.974,4.092162
127.72,121.30308,0.0015,0.21762572
103.41,109.35993,0.0,-0.04398979
100.46,94.82755,0.0,0.03642436
94.6,92.49412,0.0,-0.06771994
87.66,89.35027,0.0,0.6049324
94.0,81.07006,0.0,0.44333568
94.75,88.418816,0.0,0.7212772
94.49,90.56968,4.2805,0.92412806
95.0,95.00882,29.323500000000003,22.297201
98.69,90.294815,57.7745,62.861935
90.41,84.379974,69.162,94.62661
75.25,73.46718,120.7265,108.405975
34.05,57.400993,140.10675,142.02795
9.44,21.592558,123.93475,136.76491
1.19,1.2359799,147.11849999999998,123.703476
-0.01,-1.1987159,194.77675,155.28333
-0.02,-1.4154251,177.57375,194.12749
-0.02,8.401438,219.33075,172.90625
-0.61,20.995453,132.0515,173.88719
23.24,24.88665,169.13225,114.550835
65.04,48.08133,113.23175,108.391624
82.0,93.80524,80.73475,69.820015
126.53,108.84767,34.16275,28.87262
128.0,137.51309,7.1674999999999995,4.9171324
111.56,127.820496,0.0,0.100744665
82.0,101.40218,0.0,-0.36345807
95.02,79.9324,0.0,0.03645723
81.82,86.99158,0.0,-0.30712745
73.87,77.90362,0.0,0.2804872
63.39,63.637695,0.0,-0.4216188
57.17,62.319508,0.0,0.0017356134
47.32,59.415714,2.53775,0.81341594
33.07,48.39679,11.73775,23.791718
3.09,33.124004,22.1235,44.481544
0.0,9.304149,58.32025,52.014996
-0.5,-3.831444,17.9065,103.82694
-2.0,-7.255339,26.5835,52.55737
-8.1,-15.818146,23.23675,57.59818
-19.85,-16.35906,23.486,48.140408
-39.92,-30.607653,28.40825,43.66102
-52.83,-36.048256,22.2255,58.761803
-52.99,-24.399214,28.83975,29.928017
-35.97,-8.876488,21.9435,52.457283
-14.06,-6.607419,16.277250000000002,44.635788
0.01,3.3573406,87.48975,25.397959
39.99,33.97886,57.88325,63.134117
82.7,71.2852,28.80375,28.854486
94.68,93.87735,4.304749999999999,6.7998447
130.13,96.120705,0.0,0.6043635
113.4,112.37055,0.0,0.07232107
110.91,101.53901,0.0,-0.0793001
86.0,98.40967,0.0,0.00041357405
65.0,85.47547,0.0,0.3336185
60.9,65.77448,0.0,1.0573773
69.9,62.12702,0.0,0.93072677
70.0,78.1433,4.04725,2.3691006
59.82,82.98757,29.282,22.176407
54.78,74.5309,88.12275,72.31175
5.13,58.015472,171.0885,151.81387
0.0,8.067626,243.07775,229.4698
-0.97,-1.9834768,48.425250000000005,285.0934
-3.4,-5.993503,45.2925,96.82941
-9.03,-10.400112,42.6725,88.20929
-18.45,-8.424689,72.64750000000001,76.91683
-15.66,-31.312374,77.647,79.26121
-4.16,-12.217757,36.52175,87.06588
-0.85,13.535464,58.89325,54.570076
2.16,28.19012,175.844,59.209335
65.85,40.411114,147.9775,115.08136
111.28,90.670364,73.23875,75.07329
134.27,134.31017,40.15975,29.749022
146.69,141.41264,7.62125,7.162031
130.0,140.77676,0.0,0.1811917
96.12,118.75291,0.0,-0.1455488
82.96,95.01627,0.0,-0.4439051
74.7,80.25124,0.0,-0.0651018
67.8,73.59071,0.0,0.4833559
57.71,65.71636,0.0,0.31165025
51.92,59.35394,0.0,0.25992486
56.04,57.52544,2.06325,1.5002005
67.71,73.84729,16.476,23.252224
80.22,77.0155,33.6065,47.4373
80.0,77.37088,93.99225,89.66808
65.09,61.39552,77.34625,150.23277
21.25,47.085884,82.7935,121.11502
13.8,13.278937,114.25175,105.48919
0.1,10.197122,125.1095,104.35626
5.05,-2.7098563,85.96725,129.45906
5.0,9.529206,117.51175,79.99564
0.99,18.707708,219.11325,65.069756
10.0,26.945059,259.46425,142.29617
59.66,39.257565,162.41500000000002,183.4928
87.18,77.431946,116.108,105.79251
102.43,109.24066,56.606,67.81433
113.33,123.13876,28.31775,24.598856
123.3,117.62897,4.35275,5.9149375
113.37,117.96535,0.0,0.07666502
104.95,101.78045,0.0,0.025647653
114.31,93.972725,0.0,0.10193971
92.0,100.02813,0.0,0.3436351
83.75,89.08439,0.0,1.2078207
95.0,81.081505,0.0,1.2132154
86.0,92.25047,0.0,0.74730664
90.0,90.324974,3.9325,2.011981
112.19,103.09782,26.4635,26.186289
120.2,115.095894,88.8695,67.93989
100.0,110.33652,181.02575,152.4335
85.39,85.70098,202.286,225.89001
31.91,68.71713,203.021,238.98396
1.2,18.766115,261.117,241.90843
-0.2,-0.87174916,288.15575,266.76578
-0.64,-5.5906544,322.324,278.6323
-3.0,-5.39841,306.4015,315.22922
-1.59,-2.0097864,370.7595,296.89474
2.0,13.139582,315.40875,336.1423
64.04,38.28628,282.08375,261.5528
99.7,86.96055,204.82275,208.18263
130.32,119.525925,109.8275,122.051346
208.38,140.9976,38.849,37.521564
180.0,184.18996,7.11025,3.5699453
119.34,151.06468,0.013,0.28761557
96.68,107.22459,0.0,0.1976727
92.97,93.297935,0.0,-0.10068377
87.06,86.22647,0.0,-0.02023677
80.0,86.543365,0.0,0.93443584
80.0,79.64747,0.0,0.93443584
82.37,79.43788,0.0,0.93443584
87.36,88.41544,5.42675,3.6617043
105.73,100.528725,34.28325,29.817621
98.72,113.56927,101.2725,91.558945
78.93,95.757645,198.20525,179.30695
36.09,65.98671,292.0895,258.5691
0.0,20.55872,359.2945,325.0178
-2.0,-9.122049,164.9755,379.86606
-17.66,-19.66546,131.785,214.26773
-30.96,-38.05826,100.197,175.69022
-31.29,-38.681923,129.175,138.48865
-14.0,-27.18456,128.40725,153.71143
-2.78,-7.7101297,75.0575,149.45403
14.9,27.279379,287.67325,90.225655
79.96,55.924988,202.89175,210.62291
112.39,110.35098,107.98625,115.990456
132.0,152.8718,38.6355,41.61154
113.33,139.678,6.48775,4.787343
105.94,107.84447,0.00325,-0.17017324
94.9,95.60169,0.0,-0.24485569
87.71,88.3377,0.0,-0.37612996
87.0,80.279495,0.0,0.19785461
89.9,83.60624,0.0,0.29334098
91.0,85.51724,0.0,-0.11473275
97.54,91.06685,0.0,0.109616704
100.0,100.264824,5.19375,2.63612
109.25,107.86031,31.84575,31.53843
121.6,106.56553,90.20475,91.00941
115.0,105.73347,179.664,162.03316
80.0,88.767044,161.14625,246.29286
23.0,62.432545,190.79475,235.6578
0.69,10.600809,216.865,235.07808
-0.08,0.6331341,319.578,236.29422
-0.29,-1.3118759,404.367,309.15268
-1.45,6.467608,383.2575,369.40588
-1.38,6.2176247,379.647,369.91208
1.03,25.309492,344.88175,315.1024
68.9,41.940044,281.67875000000004,281.52292
95.0,93.34844,196.056,208.51376
122.39,127.467804,105.58525,112.09385
123.0,134.52467,38.4875,41.287918
121.0,123.32611,7.464,1.1515427
108.6,117.66918,0.006,-0.8516957
93.9,99.43129,0.0,-0.7087291
96.0,88.63539,0.0,-0.73392016
78.5,88.71005,0.0,-1.359823
91.1,74.8443,0.0,-0.26403242
83.21,89.16393,0.0,-0.4508656
96.0,82.94563,0.042,0.013007613
97.5,98.659966,3.42425,2.484892
84.0,102.1123,44.09,22.536705
85.89,83.28658,97.74875,95.58563
24.0,76.27143,149.69225,173.96422
0.0,13.928625,241.009,210.00664
-0.81,-9.627679,63.8325,275.6495
-4.99,-11.92888,63.743,108.33296
-14.56,-20.18937,45.716,103.75216
-19.5,-31.457226,45.37675,63.150158
-24.37,-21.740652,30.34525,47.58056
-6.7,-16.39942,37.3005,18.18763
-0.37,13.30767,30.747,34.41099
8.86,25.108402,156.8725,27.764927
72.39,45.723793,95.73425,107.3055
112.82,102.612946,55.80975,67.305664
121.77,132.91513,30.307,29.520731
126.8,124.80723,7.0475,5.6568832
120.1,116.96633,0.004,0.3151492
111.21,105.357704,0.0,-0.2710163
97.1,101.34861,0.0,-0.0648549
99.4,87.117165,0.0,0.10685086
95.1,94.054184,0.0,0.16920108
94.86,91.077644,0.0,0.3578406
94.35,91.911545,0.0,0.14955832
94.38,93.36743,7.35975,1.1695204
89.1,90.82454,17.60175,32.804905
73.0,81.54418,46.29675,61.726856
53.86,54.748695,101.7025,104.17128
5.55,38.23677,116.02725,155.37746
0.0,-0.79188013,156.242,133.33044
-0.02,-9.502718,99.13875,182.75418
-1.24,-11.48137,120.1265,123.3567
-5.63,-20.735415,63.90275,118.184
-5.0,-17.6217,64.03825,77.164604
-2.0,-8.09634,70.82275,75.44586
-0.01,12.425997,78.20275000000001,68.753075
45.02,27.460758,244.8615,87.747086
86.67,67.24059,184.0015,175.93828
101.48,110.20986,108.76,113.61027
125.0,118.18854,37.661,37.13633
140.32,126.79092,6.844,5.4968777
135.62,129.04071,0.00425,0.41425285
106.54,118.02209,0.0,0.21823508
117.1,98.977554,0.0,0.21823508
97.79,105.825455,0.0,0.29868206
97.57,97.60399,0.0,1.1339076
84.0,98.00625,0.0,1.2057498
83.21,85.49774,0.0,1.0245099
99.04,92.17996,5.38475,5.541672
115.57,109.14655,31.3845,29.079647
125.0,116.50799,95.4145,82.7829
119.24,115.37589,176.882,175.86288
95.04,99.769005,243.7325,239.09999
57.11,79.3957,216.05825,283.17123
13.83,46.063377,225.17775,257.94687
2.11,11.294454,232.919,243.20898
0.79,4.595722,198.0635,232.64691
0.7,10.078486,231.656,196.15703
1.15,15.043739,287.998,218.61842
13.61,24.951551,282.53225,250.47429
69.08,45.205944,262.91875,237.22252
98.7,89.363045,189.63975,199.85072
117.93,124.537186,110.4405,120.391655
186.1,141.2915,38.9985,48.632515
190.0,178.48132,9.7005,5.266754
133.67,168.95866,0.008,0.3936905
112.0,118.350655,0.0,0.25436667
106.0,105.21234,0.0,0.25436667
101.77,96.85641,0.0,0.27550158
97.12,99.2505,0.0,0.99259067
95.82,93.90074,0.0,0.47358823
97.33,93.99225,0.0,0.49507058
103.83,101.97261,5.34975,3.1303227
120.9,113.05272,32.456,29.062803
108.45,123.355095,103.3205,91.364006
101.0,103.55001,199.68975,179.14157
86.52,87.27745,280.04875000000004,256.35678
4.38,69.92098,362.50075,317.04303
-0.36,-1.5844159,403.71475,382.93665
-0.55,-8.958606,420.5395,382.71298
-2.43,-9.057406,403.35375,390.1457
-2.74,-7.7124376,382.716,373.5236
-1.63,0.4549315,321.906,365.36108
10.0,18.968685,261.30275,287.1718
80.1,45.632133,218.181,219.73453
105.0,101.268166,178.6885,151.24428
128.0,126.013855,119.80625,99.79638
237.6,149.3071,52.1405,41.73054
235.69,212.64386,9.1655,11.336142
140.39,192.82137,0.01225,0.45038453
116.58,119.702866,0.0,-0.04338875
113.0,106.61133,0.0,0.1976727
107.08,102.77319,0.0,-0.10530708
101.61,103.768486,0.0,0.5582812
96.34,101.135735,0.0,0.49814606
97.33,96.53279,0.0,0.7146496
104.43,103.97073,5.73025,3.1633024
113.15,114.916626,35.4025,33.439053
115.62,119.157875,94.672,90.95641
115.3,107.42407,179.80225000000002,166.58339
89.64,96.12876,254.354,240.91481
21.78,69.280205,339.14525,295.91098
1.17,9.162811,386.51,362.7427
-0.13,0.2597474,281.66625,388.89056
-0.48,-9.700727,290.64750000000004,290.8036
-1.04,-1.7851833,272.70675,293.59827
-0.3,4.774145,318.27975,267.01797
2.22,15.9447,323.52750000000003,292.20465
73.12,41.582535,262.96125,267.75085
105.38,98.62998,190.568,199.87323
116.89,136.16075,112.0875,115.18929
141.39,168.73961,41.7255,53.751587
175.32,171.0373,7.74375,10.139471
136.07,156.24513,0.02625,0.07551456
120.0,117.854614,0.0,-0.16631453
111.79,108.38601,0.0,0.017030194
109.08,101.479996,0.0,0.1976727
107.4,105.27251,0.0,1.0037262
104.27,104.02274,0.0,1.0037262
104.23,102.264465,0.0,1.0589819
107.6,109.05221,5.29225,5.1210713
104.9,115.69673,33.544250000000005,38.07543
100.47,110.19581,101.46225,81.677505
89.56,99.40826,169.26175,181.68822
9.75,73.83797,247.30725,246.5484
-0.58,0.81051767,69.4535,322.6897
-9.02,-10.64996,52.92275,141.86586
-6.02,-17.259491,101.5065,113.62703
-6.07,-17.514654,82.763,152.93578
-5.09,-8.42289,96.90125,122.13326
-7.84,-0.49066442,84.05175,136.09023
-3.12,14.253221,110.047,113.94482
6.59,23.612942,301.3805,121.457565
84.41,45.103603,211.0185,226.09517
118.78,109.26576,119.182,123.68035
141.56,137.61127,42.162,51.497894
146.97,144.40753,8.95375,9.112279
130.8,132.86386,0.0295,0.29158115
110.0,115.99609,0.0,0.13204195
109.01,101.99726,0.0,-0.10068377
104.57,99.9991,0.0,-0.10068377
100.56,101.9462,0.0,0.70537
104.0,100.91339,0.0,0.70537
99.48,104.158394,0.0,0.8607426
109.04,108.146545,5.5649999999999995,4.6421766
120.9,114.232124,34.459,34.818447
118.66,122.525925,102.3055,95.10059
111.0,109.29277,197.829,182.34708
81.69,88.95995,291.4975,267.27762
21.44,63.93282,362.21525,323.50473
5.99,9.811551,408.1315,380.04074
1.88,-0.64457154,422.35875,399.66547
-0.51,0.5848108,424.2845,401.97284
-0.08,-2.9120138,422.022,395.02792
0.78,10.367625,412.18225,385.61313
29.61,28.953142,373.4375,370.68643
87.73,53.59063,293.22875,318.3059
111.23,107.97022,203.8695,211.17346
135.4,136.47433,106.6065,117.618515
194.78,148.45058,39.3115,47.63022
178.63,177.75484,8.4945,8.046676
137.05,155.28072,0.00625,-0.052727457
121.38,117.63311,0.0,-0.66319036
118.52,109.81495,0.0,-0.29337773
110.48,107.33877,0.0,-0.41946176
108.15,105.04505,0.0,0.34092036
106.3,102.50705,0.0,0.68017894
110.0,104.34142,0.0,0.70537
104.94,110.4101,5.40625,3.35489
100.75,102.29492,33.560249999999996,39.632507
90.74,97.66203,99.28375,96.54975
75.93,80.61949,193.3755,184.35706
23.4,58.424976,283.4645,271.80884
0.49,5.523085,355.075,337.59332
-2.01,-4.9859166,140.3,393.51312
-12.4,-19.824905,96.01625,192.64299
-26.06,-24.698912,75.66425,145.23233
-27.78,-27.639433,74.62225000000001,117.229294
-3.0,-16.884596,100.24575,116.14495
0.09,16.344215,346.14825,121.34711
60.2,37.6798,288.53625,291.0861
100.89,97.29747,204.558,213.23837
127.9,145.4774,109.29925,126.57899
156.74,158.13812,40.549,42.307106
165.85,161.42737,7.56725,8.773382
141.04,152.22287,0.00625,-0.85446507
119.32,125.32882,0.0,-0.6402055
106.9,109.19977,0.0,-0.37612996
101.07,100.25547,0.0,-0.6402055
99.0,100.82718,0.0,0.57925093
90.58,97.39613,0.0,0.5173232
87.82,92.15264,0.0,0.57925093
80.08,90.515045,5.6795,4.5005407
67.56,79.682625,32.819,32.44397
26.44,62.659252,95.277,89.66597
0.0,15.291718,178.25425,168.59714
-0.09,-10.805002,39.17375,255.07869
-11.11,-14.488574,38.83975,84.70334
-18.72,-23.527075,44.53225,75.1155
-6.0,-34.436813,67.19125,70.47658
-6.05,-13.779441,30.70875,88.075226
-9.73,-4.1144304,15.8265,38.112373
-6.78,-4.3168354,20.05075,23.434132
-7.56,12.135206,30.75175,29.122616
-0.1,18.60437,21.22225,39.20386
59.38,30.417145,130.669,34.21501
102.8,95.50985,69.749,82.025604
121.77,126.353294,32.47225,38.07387
131.98,134.01889,12.39775,6.417991
124.25,130.89082,0.015,-0.5667855
101.63,110.909546,0.0,-1.3251536
66.02,98.13855,0.0,-0.4025511
58.02,67.59076,0.0,-0.19076271
56.77,62.46191,0.0,0.61210066
56.81,61.673252,0.0,-0.2515786
63.6,62.72339,0.0,0.39327797
73.78,73.83092,3.0909999999999997,1.4689407
80.74,87.33009,25.02925,23.633347
83.63,92.119484,48.08775,55.854527
73.2,89.577415,81.5,78.123856
18.64,65.349266,132.00324999999998,128.00381
0.51,12.154899,197.27875,160.69061
-4.48,0.604892,36.32,234.24179
-9.9,-10.599026,43.51275,67.16204
-20.35,-15.152553,50.016,76.57722
-30.0,-38.983757,44.83525,75.687325
-32.69,-38.09518,40.4205,72.60196
-23.0,-26.71094,37.94775,67.03848
-9.9,4.6803427,60.005750000000006,54.722675
3.79,23.29583,119.25375,66.84406
55.07,51.51424,73.13925,79.24091
100.0,93.6549,30.0225,35.68793
111.0,121.798256,6.55875,7.1750455
127.0,114.52749,0.007,0.5474484
103.87,113.688835,0.0,-0.07624032
82.84,96.59693,0.0,-0.12587482
71.67,77.59693,0.0,-0.14569435
65.08,70.63843,0.0,0.68017894
70.0,64.63271,0.0,0.70537
66.52,70.878235,0.0,0.7029225
70.43,75.23145,3.76475,4.0232706
93.47,86.62941,22.26725,32.121967
89.9,101.4163,52.8705,71.05452
86.86,87.87409,74.01650000000001,111.90075
59.2,70.402245,111.378,142.00414
0.0,42.231506,186.8715,191.64726
-0.4,-6.407268,45.91325,237.99384
-2.0,-9.376922,62.78575,85.35073
-2.68,-10.7120495,72.0325,76.84378
-2.02,-5.7179337,51.40675,85.7512
-2.0,2.8443606,30.52725,44.192448
-0.39,13.115951,21.285,27.589365
6.72,27.093494,52.48625,21.4698
64.39,38.617912,79.85525,42.84496
99.11,93.23178,50.87425,60.931534
124.85,126.92193,18.77725,28.724194
123.49,136.34738,2.0347500000000003,3.3341262
118.97,123.859985,0.002,-0.16349465
99.19,106.96255,0.0,-0.68700343
85.6,91.63008,0.0,-0.77697146
80.2,81.73745,0.0,-0.21132505
80.2,78.61948,0.0,0.61210066
82.9,78.00711,0.0,-0.097924456
88.0,81.757385,0.0,-0.097924456
97.0,90.955414,1.761,1.2791972
109.1,110.63387,24.1655,23.193846
122.6,110.82846,77.57425,68.62065
136.0,111.92887,120.5695,144.41226
124.3,107.07952,131.0535,169.41112
125.0,95.681366,120.20875,192.99718
69.55,97.141075,126.767,147.82219
25.1,54.695408,158.26425,139.46072
4.27,18.165314,181.30675,186.04413
4.59,9.721297,237.88475,191.03679
8.88,18.155062,315.09275,235.61693
25.27,31.625292,285.96725000000004,280.30002
85.07,52.709103,214.433,242.44492
106.29,107.08481,168.26749999999998,162.06616
134.82,131.31744,86.07375,100.97023
200.0,148.13419,34.54325,37.735928
247.02,182.77214,7.04975,4.370381
173.62,198.51204,0.00925,0.01679271
123.78,147.3686,0.0,-0.16631453
119.95,109.160706,0.0,-0.03966381
106.37,106.21823,0.0,-0.66319036
101.31,103.94485,0.0,-0.11473275
95.18,100.36092,0.0,0.18362379
95.62,96.209595,0.018,-0.11473275
99.43,103.493256,2.04875,1.5887685
116.12,113.59581,19.350250000000003,23.108
120.19,122.968185,10.56225,56.739326
106.79,125.51363,12.9585,40.7359
95.7,101.59542,30.0275,35.79151
93.03,94.060646,52.13425,73.36025
77.89,76.805275,79.51325,88.29918
69.8,61.690086,141.583,99.63971
57.38,55.071995,166.05375,143.83466
49.16,53.380016,193.22475,167.61531
46.73,51.371487,141.43,174.87123
50.0,56.761395,118.955,119.05023
69.66,72.816475,118.04325,102.47691
87.74,93.06496,78.27975,84.5455
99.0,117.52361,60.045,58.06663
106.86,127.31329,25.46725,24.386282
105.16,139.3249,3.57875,5.41388
109.9,112.9691,0.004,-0.43121603
98.0,103.50129,0.0,-0.58148366
85.41,92.26518,0.0,-0.60685945
89.24,83.988525,0.0,-0.50953597
96.05,91.39253,0.0,0.038921684
90.1,96.411446,0.0,0.47155297
83.19,93.175476,0.0,0.104552366
89.24,92.22866,0.23825,1.808053
105.54,110.89294,2.6125000000000003,20.273264
113.2,122.53047,13.487,23.630798
107.7,120.40673,51.75375,24.668707
98.42,97.23468,114.324,75.117546
81.25,84.62338,195.819,158.0812
67.45,69.44163,220.49225,221.19849
54.55,53.19501,224.8785,239.29695
28.3,44.54081,194.62825,233.06967
5.3,29.966879,178.29025,195.55913
11.55,17.817163,208.75975,174.30348
30.0,36.55651,212.13025,188.15114
70.68,57.604477,206.58875,147.35423
91.63,96.17338,152.25650000000002,147.71684
107.67,120.52926,112.34075,83.094086
124.48,126.988396,40.89125,44.075825
135.05,130.58742,8.84775,7.7477856
121.86,125.70681,0.02325,-0.37855685
107.62,110.350716,0.0,-0.40577742
94.83,101.537125,0.0,-0.40229055
88.24,91.07044,0.0,-0.10962061
79.98,84.82643,0.0,0.61454827
71.51,77.48289,0.0,-0.0050155595
68.0,71.48885,0.0,0.61454827
71.68,71.06624,3.76675,1.4035003
68.72,77.74757,28.17275,20.234385
57.35,70.863846,87.93350000000001,66.80453
27.8,52.882957,176.71699999999998,155.22688
2.34,19.043842,249.05775,229.8343
0.01,-0.6239441,193.9305,289.1939
-0.03,-8.556312,24.307,240.24225
-0.57,-8.454953,24.4195,57.159615
-2.0,-5.812786,32.2455,49.856873
-2.77,-7.154152,30.8415,65.45619
-1.5,-0.9539206,17.586000000000002,67.92898
-0.5,14.931242,16.502499999999998,49.123737
2.73,23.187126,127.81925,27.33777
61.73,47.253124,120.827,97.93148
94.83,97.79472,82.657,75.61625
109.0,122.33594,31.61525,43.376194
122.4,124.41128,8.69075,5.515366
119.67,121.86503,0.01425,-0.54918987
103.5,111.40236,0.0,-0.24873063
95.07,95.98164,0.0,-0.24485569
89.42,87.898285,0.0,-0.2710163
89.66,85.41923,0.0,0.43688276
86.82,83.35604,0.0,0.6603017
85.5,81.61141,0.0,0.6603017
85.3,85.24761,3.80575,3.9782019
86.46,83.46509,28.7885,33.267925
75.13,75.78414,87.90700000000001,89.496086
47.57,56.89362,175.00275,171.71272
5.34,27.092665,244.824,259.44873
0.0,-4.3663116,199.711,286.0744
-0.26,-9.263228,76.844,243.71172
-8.39,-9.368902,49.33525,103.12004
-25.0,-20.0164,40.20925,82.70681
-29.55,-32.35522,43.36375,70.05051
-9.9,-25.60808,47.32025,63.868233
-1.5,7.828231,49.0065,59.41798
7.99,27.464815,261.223,68.85051
78.0,41.71244,193.82825,196.68887
102.14,100.917984,110.91775,112.58538
111.98,121.40947,39.78375,42.433517
118.07,120.73245,7.78925,11.140019
113.73,115.699745,0.029,-0.29970607
101.0,103.23763,0.0,-0.14575216
98.73,92.283905,0.0,-0.019101465
89.03,88.28411,0.0,-0.14575216
85.03,88.33069,0.0,0.63973933
84.13,84.673,0.0,0.63973933
86.11,84.79373,0.0,0.9785354
96.0,94.90921,4.42625,2.8340757
114.9,109.58526,29.42975,31.309576
111.7,120.422676,94.02325,89.7137
108.17,106.71584,189.28825,164.5761
91.94,91.026375,279.6345,257.6406
77.41,76.546135,348.617,313.91016
49.86,63.566444,398.88225,362.52588
4.77,36.348904,412.131,380.75458
-2.0,6.310093,412.33775,388.19272
0.1,-6.286704,409.67825,380.66095
61.2,18.786835,400.364,371.6942
80.5,72.298965,358.91425,342.97055
91.77,100.39349,294.24800000000005,295.57446
110.01,112.96688,210.498,207.20767
178.94,142.24564,115.507,127.53024
289.45,174.4783,39.35375,40.938667
236.0,237.75102,7.6845,8.800568
157.0,195.0833,0.03275,-0.54918987
122.65,131.432,0.0,-0.7087291
111.28,108.979195,0.0,-0.52189595
95.39,100.677536,0.0,-0.24485569
89.1,93.25324,0.0,0.72981346
88.06,87.474365,0.0,0.63973933
90.01,86.613556,0.0,0.72981346
96.62,96.37898,3.92725,3.3921983
114.97,110.6145,28.39175,29.837671
120.1,117.31977,93.0005,92.43693
114.28,111.59597,186.01875,173.01057
91.7,96.6841,273.447,266.3238
90.11,77.276855,338.05975,335.63068
73.79,76.75639,382.55375,378.6175
40.3,62.363956,397.81175,405.65384
42.47,38.127785,397.242,402.29462
47.54,46.39442,400.1805,400.54102
78.15,56.055157,381.0045,386.34384
90.8,91.12564,343.95074999999997,361.34763
102.25,111.564224,278.7375,291.67636
152.44,131.5012,194.80075,212.7153
320.0,184.91212,107.10475,121.02566
517.57,319.54858,37.79375,41.94133
470.16,426.93405,7.22375,1.5565493
278.18,355.44083,0.00075,-3.9146056
161.35,205.47368,0.0,-3.902439
119.29,133.73601,0.0,-1.0881538
102.7,107.17127,0.0,-0.7087291
92.54,99.426125,0.0,0.30360657
92.08,91.51796,0.0,0.49043968
95.77,92.7561,0.0,1.065836
104.86,103.57338,3.4887500000000005,3.500494
123.69,117.5606,29.75225,29.46641
112.0,126.55214,77.04374999999999,89.80462
104.52,112.511444,155.23275,153.4351
92.49,94.34611,248.63175,241.19232
81.06,84.40508,310.69225,313.72244
72.78,68.21206,335.29825,349.5519
25.0,61.21481,378.13625,356.4611
32.59,19.774899,367.132,374.84988
46.58,34.322594,372.0835,358.59827
71.51,56.01704,333.6405,360.18317
79.61,78.98075,186.83975,308.56833
91.14,97.92989,186.8015,184.26424
131.9,118.40642,106.06475,136.28818
231.19,195.21333,34.61175,67.81815
316.12,303.34616,11.42025,20.043585
213.59,338.28525,3.7755,2.3062205
140.8,213.56137,0.34825,-0.25162235
108.59,134.9706,0.0,-0.5569257
83.92,103.0409,0.0,-0.68913
80.91,80.552086,0.0,-0.17107017
79.0,80.25363,0.0,0.61210066
78.93,80.69722,0.0,0.68017894
80.88,81.38084,0.0,0.68017894
86.45,88.54205,4.233499999999999,3.286543
106.96,103.468056,31.648249999999997,28.570242
112.0,116.014755,84.624,77.01335
104.9,109.105316,131.9865,137.09717
90.45,89.84236,178.40949999999998,190.99013
75.06,77.22051,248.905,255.80455
57.35,61.90576,315.7445,291.7445
42.16,42.8462,349.49475,324.4982
34.12,31.525682,361.34625,352.2592
7.21,29.010103,387.0785,336.45007
16.38,21.205442,344.69075,371.34985
55.68,38.549812,324.83875,296.68713
80.99,78.12492,279.985,269.24918
95.74,107.859634,198.80575,204.46834
108.71,146.8344,108.1895,124.09598
154.16,159.0176,34.844,33.2622
179.22,166.04222,5.583,2.704233
146.43,155.77153,0.00725,-0.031966437
130.0,124.25092,0.0,0.25436667
110.0,112.66242,0.0,0.066398725
103.46,99.63762,0.0,-0.12507045
99.98,99.45004,0.0,0.96468806
96.38,96.23835,0.0,1.1805584
99.92,96.2811,0.0,1.2057498
104.07,105.166214,3.69125,3.7561796
107.22,115.36914,27.93125,20.51073
111.29,113.02438,91.59875,75.75096
100.0,106.17059,184.72525,163.71744
91.15,86.68115,276.78125,246.77493
70.01,78.95463,350.6595,305.24683
2.0,54.19854,394.7285,366.0541
-0.05,-1.5194175,401.87475,376.29413
-1.56,-7.1984262,365.85425,388.85516
-1.37,-3.9310915,340.74475,352.78342
-0.61,6.8389854,333.959,318.9722
2.33,21.098257,295.194,293.2972
61.43,43.41882,226.0985,237.09013
89.07,86.36517,210.25425,148.0614
97.51,116.202644,115.318,125.590225
127.67,120.2712,38.45775,47.428295
145.02,138.50061,6.89375,4.5133634
122.96,137.09982,0.00625,0.29158115
103.0,116.199135,0.0,0.13204195
95.38,98.04871,0.0,-0.40800974
88.36,90.39201,0.0,-0.10962061
90.28,88.62191,0.0,0.5822851
87.91,87.26376,0.0,0.17319655
89.26,85.99057,0.0,0.23882723
78.8,89.72801,1.085,0.8506024
79.4,80.35472,21.17125,21.408216
43.31,79.890076,50.462500000000006,61.616894
17.86,39.7564,89.1225,97.50831
3.34,11.950186,111.14475,135.96198
0.0,1.9387175,129.0035,151.33452
-0.04,-11.267319,29.33,156.32973
-0.49,-9.434293,30.2835,60.010612
-2.0,-3.9542024,32.26675,24.92311
-1.49,-8.230647,25.93875,53.833595
-0.9,6.410822,22.34275,25.583422
-2.0,17.259052,20.4785,24.746925
0.0,18.215816,138.939,12.461621
41.43,35.008526,92.6235,96.03837
84.93,71.77568,40.05,57.126617
109.81,101.07811,17.424,22.189178
116.0,111.73853,1.51675,2.9702492
116.0,110.89714,0.0,-0.30607238
107.23,104.19964,0.0,-0.68913
94.27,96.87441,0.0,-0.6637542
87.71,86.19662,0.0,-0.68913
82.98,82.673805,0.0,-0.29296133
80.2,78.28948,0.0,-0.07736214
80.88,76.19039,0.0,-0.07736214
85.93,77.72069,1.6807500000000002,0.64999366
84.73,86.36746,11.99325,18.40893
83.96,77.25207,34.24925,36.547844
75.63,72.512924,93.425,67.37915
54.81,57.34383,121.72425,155.09067
27.65,39.941467,119.57525,157.49687
20.0,21.03534,134.323,102.09747
20.1,12.36033,98.5305,118.55948
32.02,13.771705,43.22475,72.897285
17.0,29.08133,58.242999999999995,31.443476
58.02,27.675808,82.8255,32.36437
80.0,67.96424,80.97975,36.47004
107.02,91.294365,68.34275,69.510185
112.31,116.72351,44.8665,57.501656
124.3,122.7589,41.4225,34.583786
135.41,128.39511,26.6905,18.047432
139.41,125.474075,5.1685,4.9950123
128.1,122.384476,0.0,0.5365774
115.33,111.71895,0.0,-0.29725888
125.88,103.69472,0.0,-0.33326873
114.37,108.18944,0.0,-0.12498643
108.06,111.93817,0.0,0.40290886
101.0,106.69897,0.0,0.40290886
101.0,102.69687,0.0,0.68017894
100.9,111.440704,0.16375,1.7826946
119.75,119.556274,6.13875,13.674277
123.58,126.61357,20.48375,40.93263
142.81,125.22088,32.044,45.562634
123.29,127.1292,77.37425,55.949207
98.34,106.01925,103.61175,141.39778
92.37,83.95113,103.38575,162.08214
78.72,78.508934,140.5855,131.22725
60.78,65.89102,162.44575,156.34587
29.09,54.8171,196.2115,169.09941
6.16,41.817486,170.095,195.95654
11.0,34.35771,201.3335,148.31387
60.31,53.23508,177.28025,143.59042
77.98,89.626816,126.07075,112.314186
89.35,112.47121,65.033,70.41971
100.2,129.3921,31.8485,27.606598
116.67,127.183044,4.9985,4.566349
118.74,124.97757,0.0,-0.080730714
100.0,113.643845,0.0,-0.04398979
107.82,102.06843,0.0,-0.36345807
96.77,103.02375,0.0,-0.045427848
81.49,97.76066,0.0,0.56998634
85.0,81.835655,0.0,0.760626
85.88,88.22971,0.0,0.6049324
91.14,95.648315,2.65575,0.52756166
107.99,110.865746,27.475,10.979547
118.65,120.290764,50.108,54.247814
117.76,122.68111,111.269,94.64663
98.83,102.35329,160.49124999999998,174.43362
77.01,86.1311,162.81925,223.05513
68.95,64.91883,168.9225,217.5161
55.16,54.784813,188.424,204.75021
48.35,46.240986,176.83724999999998,214.97005
46.05,39.46831,158.2155,176.36009
47.58,53.037056,192.06425,156.87788
60.32,56.629513,142.15,161.83624
84.35,77.07422,157.1415,125.55436
87.41,107.24403,110.52175,116.38312
107.0,123.11009,49.3745,77.356735
126.49,154.80852,20.07875,23.442844
127.5,154.39493,3.74425,3.2599978
118.12,129.59756,0.0,0.30104795
102.19,116.3216,0.0,0.0007758511
99.51,101.60443,0.0,0.03645723
91.29,93.13313,0.0,-0.1455488
88.57,91.465935,0.0,0.40290886
90.42,88.367134,0.0,0.40290886
91.56,92.00025,0.0,0.104552366
100.0,99.10413,1.80025,1.2426121
113.66,118.28023,23.77925,21.121498
116.46,119.48115,56.9205,52.730286
119.37,114.56059,108.36475,113.07168
99.01,98.94445,157.80624999999998,187.81204
90.97,82.644104,207.5705,229.19753
83.91,75.86445,208.6845,251.16032
69.9,66.67006,176.29825,237.23132
42.46,55.57131,181.94825,197.14479
36.0,39.744873,205.7545,185.57799
41.54,42.028446,214.60575,195.17474
76.83,60.753704,221.624,203.87639
91.49,95.12133,251.077,195.67691
103.7,120.072525,190.001,178.19644
117.72,140.01534,108.57,117.74892
140.6,147.10301,40.0705,38.280296
146.61,151.87329,7.08275,6.3176723
122.0,133.20598,0.00075,0.1526291
106.06,107.75469,0.0,0.25436667
100.91,97.239555,0.0,0.17248161
95.73,94.01037,0.0,-0.094215795
89.1,94.93652,0.0,0.96468806
86.45,88.993645,0.0,0.96468806
87.97,88.64996,0.0,1.1805584
98.24,95.3262,1.39175,3.168836
108.11,113.32922,19.5615,27.235611
107.54,114.46018,34.31,62.994087
107.23,109.9842,57.56075,82.594536
93.7,93.772255,102.98425,105.27717
87.77,80.423225,129.4725,172.64449
69.54,72.228134,134.53575,191.99199
45.39,55.060688,160.97750000000002,178.0275
40.07,33.69442,186.55375,195.9956
39.9,39.854164,164.31725,197.74805
56.88,50.537853,234.46025,165.49754
76.8,70.282936,229.84875,225.5456
89.96,93.971855,235.8465,207.69093
100.2,109.63828,144.12775,181.30035
115.88,122.80398,91.15275,86.99146
137.2,136.80655,34.90075,47.470432
135.96,145.30481,5.90975,6.0321474
121.83,128.72316,0.0,0.09533412
108.87,113.70045,0.0,-0.16631453
108.81,100.7089,0.0,-0.16631453
103.38,99.086914,0.0,-0.10143142
99.28,101.35442,0.0,0.68017894
93.64,97.68264,0.0,0.21426956
94.16,95.52921,0.0,0.9785354
100.59,102.98345,0.15175,1.6525245
109.99,118.889244,7.31425,23.366247
109.9,117.53395,30.5345,51.692173
112.43,109.18797,46.43225,87.09321
98.0,96.86971,81.6675,117.5272
90.14,82.03624,118.9785,167.69717
80.2,72.73967,114.6685,173.46501
75.43,61.941597,139.58925,149.88681
48.02,61.818527,164.69275,167.44618
32.04,42.912636,202.30075,176.16626
38.1,40.0566,219.8475,197.68301
63.97,53.795925,199.595,208.43414
89.56,83.11912,220.90225,181.76967
90.76,111.01481,178.89175,163.24567
106.8,115.747635,111.53525,110.282394
125.55,129.09111,41.02875,47.944447
127.69,132.97581,6.6472500000000005,8.497043
116.28,119.77344,0.00025,0.09533412
106.29,107.38454,0.0,-0.10143142
114.79,101.02515,0.0,-0.10143142
107.65,103.27872,0.0,-0.07624032
107.89,101.68768,0.0,0.9785354
101.12,101.07612,0.0,0.26327077
97.43,98.34972,0.0,0.30434385
93.75,98.64489,0.2495,0.365478
88.46,101.98161,11.157,10.770404
91.43,89.20751,46.00925,48.535732
93.69,85.54595,102.43775,90.717255
59.85,76.80618,209.0885,175.64174
18.19,42.41522,310.09299999999996,245.73259
3.0,8.815864,358.94124999999997,323.94952
0.22,0.07398391,339.02025000000003,352.25833
0.0,-6.0110626,340.48725,329.38348
0.0,-2.315855,328.28525,333.19022
0.22,9.697087,335.7285,311.8317
16.77,24.500465,248.506,299.33224
71.27,47.925514,201.50225,203.24329
102.0,89.47901,126.47475,142.00015
106.85,123.17231,95.25575,82.919685
120.0,124.84994,30.5315,43.20428
128.52,122.04457,5.77725,3.8191836
126.14,118.92881,0.0,0.07348669
117.56,111.05639,0.0,0.10685086
118.35,107.8432,0.0,-0.56166416
112.92,107.56829,0.0,-0.109653436
114.53,108.056015,0.0,0.3578406
111.49,107.84338,0.0,0.18613489
110.37,104.97708,0.0,0.05948406
106.41,107.02847,1.5710000000000002,0.40568823
99.9,105.60593,20.7255,10.850359
97.47,97.44537,57.76325,47.56834
92.27,86.59717,109.02025,105.183105
60.0,71.25651,147.11825,185.45592
4.28,38.589977,201.08675,212.60097
0.05,-4.1520057,195.6095,234.52382
0.0,-8.660927,260.07050000000004,216.2873
0.0,-6.425213,309.11475,278.08414
0.0,-1.0488273,241.0465,308.9697
0.0,10.345864,286.77225,237.967
2.59,27.37499,213.11675,224.61026
85.06,45.234444,197.28275,161.39146
101.65,105.781296,146.1905,119.937675
115.62,126.64693,90.96425,79.36614
120.21,134.43556,30.08075,33.113506
128.02,126.783264,7.21425,3.7023833
126.94,126.384346,0.00025,0.41425285
115.41,112.33846,0.0,-0.113648325
117.1,110.24209,0.0,0.20929828
104.01,107.84617,0.0,0.21823508
98.17,107.27578,0.0,0.68017894
94.94,101.92003,0.0,0.9785354
99.11,100.992,0.0,0.9785354
107.18,110.6165,1.7525,1.0398035
119.15,128.70953,23.7525,10.890693
124.0,130.46294,64.43125,57.69558
112.21,130.54655,133.972,117.58703
99.69,104.60776,191.48675,195.34209
94.58,87.057076,234.22375,235.68703
84.02,80.5539,272.94275,269.48874
68.0,72.5697,258.3775,274.32864
61.21,61.61851,282.09925,277.58347
54.22,57.346264,235.5385,277.32056
51.1,62.32469,188.362,234.16315
66.0,61.959442,142.047,171.8031
80.89,87.83487,170.059,117.60377
96.1,104.149605,108.80975,114.43047
98.0,125.075554,72.20175,66.587135
116.13,115.97344,23.3,24.648846
138.76,123.541595,4.73675,4.614644
125.12,129.3282,0.0,0.07348669
111.17,114.51945,0.0,-0.66319036
99.9,106.64788,0.0,-0.66319036
96.79,97.048,0.0,-0.56166416
90.24,94.209656,0.0,-0.2515786
86.45,89.21215,0.0,-0.2515786
85.1,87.55604,0.0,0.61454827
91.07,93.91375,0.33875,2.602825
103.52,109.40944,9.38425,25.418135
110.0,114.36083,29.9305,54.15557
105.55,113.61271,96.80175,95.42226
88.67,89.50697,179.81025,174.07759
71.53,76.29458,162.50725,242.13315
61.47,56.64487,185.01625,228.4854
17.0,47.017323,230.5825,216.58987
7.22,13.017031,256.61025,248.3191
13.15,8.361775,277.22249999999997,257.07095
31.22,26.657162,221.586,254.86584
58.14,46.87221,198.7855,201.01283
80.28,82.59464,217.7965,151.46088
96.91,98.237335,179.657,146.59851
106.45,116.25602,91.426,100.55236
119.66,124.85296,33.6045,29.9612
119.9,126.33026,2.38775,3.9733272
115.71,115.924774,0.0,0.25938332
98.7,105.80403,0.0,0.18873598
95.83,94.183044,0.0,0.18873598
91.04,89.219604,0.0,-0.10962061
84.0,90.2252,0.0,0.17074919
80.43,82.367805,0.0,0.038921684
80.96,79.21347,0.0,-0.03229359
86.65,87.30089,0.6535,0.1524
101.12,104.47454,11.236,12.347618
109.08,113.19637,34.507,38.373005
109.09,113.526764,55.62975,64.70434
99.9,95.67036,113.7175,82.125565
82.65,85.80044,134.872,167.79019
75.64,67.495186,140.5715,184.80307
78.01,60.270996,121.7845,166.07713
72.43,67.92697,189.43575,119.653015
62.85,65.87708,215.049,183.49265
63.25,65.04264,187.24175,181.57799
73.51,71.03237,168.15275,156.40938
84.43,90.08259,193.6385,150.01927
98.65,100.47894,174.759,140.66524
109.68,120.03303,105.07875,103.81231
120.8,127.08462,37.116,40.18018
132.7,119.54073,5.71625,5.1351266
121.28,123.30887,0.0,-0.26324245
110.75,107.98404,0.0,-0.3172545
103.91,101.94404,0.0,-0.35383102
98.42,95.83108,0.0,0.1976727
90.04,96.58057,0.0,0.40290886
85.2,90.138084,0.0,0.9785354
86.49,86.96032,0.0,1.0841732
89.24,94.36865,0.2985,1.2831669
104.36,106.13933,12.51775,17.93241
109.94,111.95582,37.93775,51.81669
105.92,107.95169,74.0645,88.07275
93.1,89.910934,97.0105,151.86913
85.0,79.93206,129.6335,175.92833
77.07,70.087166,156.40525,176.2387
70.17,60.919025,128.82475,185.00081
55.48,57.559185,197.1805,154.86618
50.23,53.3794,166.65925,208.73767
66.29,56.16416,156.20524999999998,172.99486
75.29,77.35088,149.21975,156.60953
82.93,95.20898,160.55625,136.85577
96.59,103.48569,87.74625,125.963264
111.17,119.99792,53.89,66.77634
122.01,127.95381,14.9025,27.099543
133.12,128.16083,0.8307500000000001,1.0020459
125.07,125.51871,0.0,0.013178301
114.18,111.662,0.0,-0.21117947
107.74,103.93089,0.0,-0.04402262
98.62,98.703995,0.0,-0.019464727
95.72,97.68264,0.0,0.34999928
95.3,94.31001,0.0,0.6925562
97.06,96.46228,0.0,0.73920745
106.47,103.04819,0.11725,0.5582812
112.66,121.18412,8.57625,7.258888
113.6,120.30134,27.2905,42.450912
109.39,110.80282,54.218,80.06432
99.21,93.60114,96.65625,108.474785
85.63,85.28989,121.5105,167.61127
82.08,71.31285,128.72775,171.40376
80.0,69.331085,184.63625,159.4312
73.02,66.65468,190.845,205.3236
71.2,69.448105,161.39775,191.26454
72.68,77.142334,154.60675,156.78954
80.55,85.347015,149.37425000000002,140.82452
84.68,100.9,169.9425,127.88776
99.78,106.069,124.63425,108.135155
120.28,125.89684,99.01225,74.78068
146.55,140.97255,33.88675,32.40597
147.0,147.09169,6.02725,4.082371
126.88,131.80568,0.0,0.01679271
113.93,113.074326,0.0,-0.10050193
107.6,105.646194,0.0,-0.29758856
105.35,99.18725,0.0,-0.66319036
102.66,99.57917,0.0,0.1486387
101.63,98.43844,0.0,0.63973933
98.38,99.1104,0.0,0.61454827
93.69,99.204994,1.0855,0.7046224
96.29,101.372444,22.07,10.031829
87.91,96.34217,73.0235,56.66596
82.52,78.8578,153.5025,137.65492
56.0,66.159195,251.89625,220.76405
10.0,43.747807,321.23475,280.1258
0.65,8.42219,360.249,347.0268
0.0,-1.724082,370.26475,356.93256
-0.01,-3.8466804,369.7615,357.46674
0.0,1.9384294,339.27725,356.24017
2.19,14.748374,300.64525000000003,314.7526
31.84,38.454025,238.79575,247.29999
86.98,62.61034,195.52275,180.24902
98.4,114.7145,128.94125,116.057755
115.82,121.947754,77.88575,66.27736
121.26,134.832,29.389,26.690071
112.15,124.95938,2.1755,3.2851393
106.27,110.05457,0.0,-1.329907
99.38,103.68373,0.0,-1.0187719
83.76,97.97223,0.0,-1.0187719
88.94,82.209854,0.0,-0.24485569
98.53,89.82441,0.0,0.55405986
94.18,98.44596,0.0,0.024968045
101.7,94.88282,0.0,0.20418617
98.44,102.37779,0.051,0.6486002
97.2,102.0695,7.119249999999999,17.620495
88.44,92.90952,27.5445,45.682083
88.2,82.585266,98.238,65.32713
62.86,69.17527,136.23399999999998,162.14656
14.47,42.22402,45.0695,208.35672
3.3,3.4649582,108.58775,115.039894
0.0,-5.1107273,210.54425,159.15254
-0.01,-7.626829,344.31100000000004,242.74722
0.0,-4.5024295,305.2595,326.1594
14.63,13.033464,247.30575,263.60223
69.33,39.62964,205.442,178.1013
85.96,90.20165,141.86825,137.62349
107.03,105.79382,88.473,86.88266
112.0,126.04181,27.61275,56.06537
116.0,120.322876,5.125249999999999,19.265951
124.9,119.71519,0.56225,1.5948005
120.88,119.91561,0.0,0.06537465
109.05,108.449165,0.0,0.20929828
92.0,100.76084,0.0,-0.21780658
85.71,86.361984,0.0,-0.3623229
87.71,88.57158,0.0,0.63973933
87.2,89.84226,0.0,0.76638997
84.12,91.73369,0.0,0.61454827
92.86,93.60008,0.0445,0.78278714
103.88,114.063835,11.03775,14.02784
100.1,118.282074,45.739,47.58478
95.29,104.34677,93.985,108.16922
90.85,85.4807,209.8065,178.62979
69.95,80.272484,314.356,261.79684
67.06,58.992737,274.27325,329.7281
74.01,55.357872,291.66575,269.41257
74.96,65.253105,317.2735,279.1697
78.62,69.918015,308.281,294.68466
77.7,81.01063,264.39575,267.90875
83.1,85.89512,236.0625,197.48254
96.87,102.022835,139.45925,174.61821
103.44,119.84351,86.4695,91.49848
129.29,125.86071,35.90925,42.16758
135.43,135.78175,23.323,9.956442
129.63,133.201,4.937,3.3230767
111.07,121.19771,0.0,0.03511403
100.04,106.03509,0.0,-0.1455488
94.74,96.52511,0.0,-0.08509548
87.2,91.3198,0.0,-0.38288525
85.48,86.16867,0.0,0.40290886
82.0,85.2562,0.0,0.5371836
81.0,82.3115,0.0,0.104552366
86.71,87.66772,0.14275,0.104552366
105.69,103.56462,8.10575,9.247898
106.4,111.60292,39.0895,37.37565
106.3,106.36474,58.672,79.97898
88.9,89.98405,73.233,104.444984
78.32,72.52668,128.76875,129.8173
63.37,63.38085,159.79675,175.58907
38.26,49.810974,171.8025,211.66167
10.71,31.35999,249.1975,189.18286
0.45,19.415045,204.83575,226.63837
4.54,21.402348,137.582,180.47697
36.99,30.948936,165.18875,144.3153
75.79,61.81677,179.48025,144.30807
87.55,99.53737,103.53875,134.75137
107.81,115.772995,62.73075,54.379494
113.33,126.45645,21.25725,25.578724
113.62,114.94426,2.91775,3.5172925
108.63,106.96434,0.0,0.55896467
103.11,99.166435,0.0,-0.10962061
87.96,95.915245,0.0,-0.21117947
80.16,82.0654,0.0,-0.19150563
78.66,79.35715,0.0,0.12899591
76.7,77.89923,0.0,0.7411989
78.0,78.32587,0.0,0.4469952
79.8,84.64813,0.265,-0.11473275
91.82,96.829994,10.77525,7.7071834
99.89,102.81113,49.595,42.116016
96.5,103.321266,127.37725,90.38887
86.53,85.52072,158.51825,164.76683
85.07,79.271736,226.567,171.76433
81.7,73.58889,223.70375,245.58139
71.47,67.80815,261.50225,229.81215
52.81,59.689304,269.89725,255.80928
54.0,52.28759,272.82825,240.72433
53.73,55.322998,272.66625,255.99768
68.82,65.520706,232.75875,238.28835
79.5,87.8914,205.631,188.79605
88.56,101.145035,148.4755,146.19331
106.76,115.18756,83.364,84.129814
114.7,122.43571,31.16975,33.011692
120.0,117.34027,3.318,3.7159932
110.72,113.50214,0.0,-0.0446673
103.06,102.839,0.0,-0.40800974
97.5,95.28746,0.0,-0.10962061
92.97,91.10568,0.0,-0.3172545
88.06,89.967255,0.0,0.79056734
87.01,84.84464,0.0,0.7374739
89.83,85.89484,0.0,0.512626
99.9,93.64145,0.31225,0.75971264
109.22,114.68392,13.819,12.962475
91.48,114.111496,59.0065,49.255367
94.9,90.77101,133.41825,114.687256
95.47,82.268425,153.3795,198.10878
86.58,82.37502,251.491,216.9709
81.72,73.766266,277.89075,269.17264
80.6,67.17967,254.50000000000003,276.75403
74.0,66.49025,212.97,262.61514
74.42,67.3618,244.20425,215.12488
77.93,79.75147,268.818,238.97673
83.81,86.35999,271.60675000000003,239.09125
93.66,100.07585,237.7725,204.83719
104.0,116.04218,174.589,170.8361
110.07,125.36367,77.91925,98.3928
147.56,125.51898,22.711,26.399677
135.61,135.69354,2.1797500000000003,3.3625662
117.4,122.642876,0.0,-0.19266024
108.6,106.05566,0.0,0.18873598
109.21,99.18725,0.0,0.18873598
102.9,99.4806,0.0,0.17248161
94.9,100.71147,0.0,0.9785354
88.93,95.1594,0.0,0.33727825
91.71,90.5194,0.0,0.9129046
94.22,101.695885,0.012,0.40290886
106.1,114.30545,3.17675,10.02994
108.0,116.011795,15.269,28.173477
110.11,110.060555,34.403,55.06243
96.79,101.80038,76.33625,63.343376
90.1,84.87143,143.8235,125.997154
83.65,78.24677,135.70125000000002,178.73735
81.35,72.71705,142.40525,169.84927
72.68,71.490944,151.49425,164.71661
68.32,69.98807,147.88575,154.09688
74.54,75.362,156.64375,150.03438
76.92,84.29575,179.49025,126.20408
81.52,94.912285,146.22875,162.92722
88.85,103.7012,88.20725,104.306015
104.11,117.10781,74.068,62.18667
117.44,129.82114,38.01125,31.517693
120.7,125.593056,2.931,4.290079
114.0,116.786,0.0,0.3745973
109.54,105.31182,0.0,0.18873598
109.17,103.94628,0.0,-0.06857985
99.27,99.75276,0.0,0.25436667
93.73,95.89306,0.0,1.0037262
91.6,91.8409,0.0,1.0841732
90.08,91.56234,0.0,1.0841732
89.36,91.252556,0.384,0.73920745
92.39,95.776695,13.65625,9.523518
90.91,94.65254,47.0155,37.110474
84.68,88.97366,133.5545,91.35515
79.16,67.771965,171.57975,190.41226
71.41,61.71211,249.16775,222.0786
66.22,51.431595,244.48475,283.9872
59.22,51.18789,252.8625,256.94244
44.58,45.18083,268.18874999999997,250.3119
44.02,40.529213,253.456,251.41803
60.14,53.22896,189.402,228.83678
66.37,71.51914,108.046,157.74594
76.21,91.789024,120.8005,103.06877
89.44,98.76735,58.6525,71.51956
110.78,112.728134,26.4355,39.252983
121.95,121.618225,9.8395,16.932688
128.23,114.35051,0.7715,0.64222246
119.76,117.8074,0.0,-0.22876476
110.4,108.2473,0.0,-0.36483377
106.28,102.42621,0.0,0.0007679106
102.12,97.6921,0.0,-0.66319036
99.9,97.87476,0.0,-0.07736214
92.07,96.803925,0.0,0.05948406
91.99,90.529915,0.0,0.05948406
89.88,92.84362,0.024,0.76176125
88.79,94.497856,7.50425,11.713307
86.2,85.30549,33.96775,34.653843
86.45,79.62138,66.46625,81.60623
85.64,73.716354,129.2175,116.49245
71.98,67.03082,200.75175,212.03647
68.0,50.656788,155.782,247.88264
44.94,50.980244,242.032,192.9208
15.04,29.145018,161.26975,243.97006
8.85,13.715699,213.8975,166.82777
17.3,21.342028,226.418,178.1576
48.1,40.387077,287.45050000000003,169.51366
80.0,68.850426,201.4255,202.01006
92.68,99.98234,130.888,118.90335
104.67,115.92384,69.43950000000001,54.249283
109.9,120.60725,28.675,14.078841
114.71,115.11571,2.453,3.129325
107.33,110.876,0.0,-0.43368158
104.27,100.318,0.0,-0.32181677
100.0,95.299545,0.0,-0.21139541
88.77,93.99581,0.0,-0.29725888
83.73,91.54209,0.0,0.5371836
77.39,85.44463,0.0,0.34092036
76.0,79.77187,0.0,0.5822851
84.34,85.478325,0.097,0.68017894
98.62,101.44079,9.08775,9.494846
108.91,110.6343,43.845,42.920155
112.0,110.16681,94.1855,91.79669
92.97,101.41488,150.0745,165.42116
85.34,80.67636,223.563,209.99168
79.41,75.00479,204.34125,259.96277
71.49,67.29286,239.44375,239.04384
67.24,62.68467,291.99325,240.674
58.0,65.0081,280.05575,271.9178
62.84,65.53258,261.92725,253.85754
66.03,75.53417,198.17975,226.88252
77.31,89.65592,142.91725,158.13072
89.33,100.463005,117.27975,99.08179
99.9,118.476074,87.45975,64.18265
120.0,124.09007,24.61925,28.943567
119.9,123.76494,2.1494999999999997,3.906422
107.55,110.69364,0.0,-0.12085822
90.0,100.90482,0.0,-0.10068377
85.21,88.724754,0.0,-0.035800662
80.48,82.51275,0.0,-0.035800662
79.36,79.02002,0.0,0.70537
78.22,77.800095,0.0,0.23120315
79.29,77.60991,0.0,0.59307283
88.36,86.4364,0.08075,0.40290886
100.6,104.62325,12.69125,8.729608
110.0,112.223175,45.123000000000005,40.56635
103.2,113.22701,127.08525,101.56348
76.72,89.802574,198.98475,186.96959
61.66,64.690735,207.248,260.5324
50.59,47.778744,257.41775,259.82123
25.7,38.295685,295.61325,281.77972
4.32,19.004587,142.6185,286.68365
1.49,12.666585,129.1295,147.87543
6.74,19.633348,128.79525,144.79468
42.5,29.466722,213.658,138.0927
76.0,69.15495,118.32925,180.25362
91.4,96.6678,102.72275,92.64149
111.18,115.12822,58.92,65.119865
134.86,122.20171,28.45575,21.224821
129.9,122.22528,2.487,3.3323264
113.12,115.89448,0.0,0.08767756
104.59,102.35205,0.0,0.25436667
92.16,94.80835,0.0,0.25436667
87.99,86.45114,0.0,-0.04402262
86.0,85.52082,0.0,0.40290886
77.18,83.52737,0.0,1.0841732
78.25,76.731316,0.0,1.0841732
87.65,84.836334,0.146,1.1805584
96.46,103.04361,16.002499999999998,12.390244
95.05,106.41311,44.278499999999994,56.281075
98.31,94.82609,131.43,97.93404
82.55,82.86151,166.853,197.21893
63.29,67.75899,187.1875,220.78073
40.37,49.87058,205.09875,232.51659
24.79,30.43547,194.0985,237.81546
17.69,13.240495,216.703,215.20393
10.7,13.597908,170.33525,214.4168
27.4,26.70379,179.6985,151.8189
41.31,42.008926,130.04525,163.19891
69.19,69.7368,116.2535,122.24765
87.18,90.40639,83.49025,96.12211
105.0,110.99871,40.58825,53.180206
115.55,120.049225,18.149,18.155188
111.06,115.426025,0.4505,2.214556
104.15,104.642136,0.0,-0.49523947
93.03,96.89349,0.0,-0.50953597
89.47,88.57444,0.0,-0.41946176
83.48,83.212555,0.0,-0.38345173
79.95,83.11091,0.0,0.038921684
79.52,78.087555,0.0,0.038921684
78.51,78.39465,0.0,0.038921684
83.24,85.70607,0.042,0.40290886
100.75,99.73332,9.549,13.371777
100.51,107.274284,38.64075,43.129852
94.29,101.677635,102.0215,79.45704
93.9,87.33613,197.72925,151.21063
74.17,79.26069,238.7845,235.80159
65.84,58.514893,234.02925,253.6889
58.0,52.590546,252.17075,253.86348
43.55,47.741043,214.196,246.03876
33.4,45.3021,136.24275,183.64122
50.58,44.297115,143.61825,133.01848
68.3,64.23937,157.99775,121.4981
84.56,89.43594,149.61325,114.404564
96.82,101.11636,83.0055,92.14682
116.17,116.98953,72.32725,48.3665
131.93,127.00348,23.268,26.864668
126.71,124.52098,1.501,3.9205992
114.77,114.871574,0.0,-0.09721028
103.41,103.43117,0.0,-0.12587482
105.47,95.93401,0.0,0.08266092
98.54,96.308685,0.0,-0.2319577
92.15,95.91283,0.0,0.512626
89.01,89.80758,0.0,0.8068297
90.67,87.80584,0.0,0.40290886
97.56,97.83586,0.41875,0.40290886
104.3,113.34702,13.65375,4.1602707
108.0,113.87492,33.3725,32.59034
106.64,110.73846,95.08125,71.72662
103.67,96.56815,110.11125,141.34042
97.95,90.53576,179.5305,152.32751
84.1,84.55832,225.8585,196.09302
69.76,71.291855,241.40875,214.73505
55.76,58.955048,239.34275,224.60217
44.25,53.530365,235.02425,224.59436
43.21,53.119534,246.36275,224.01178
62.23,57.200333,219.30475,210.08731
76.58,83.245285,165.41225,156.69617
90.1,95.516556,119.484,98.12271
109.51,112.42697,70.15125,67.35327
118.13,127.6217,26.23175,28.829086
117.51,116.83509,1.31725,3.6175807
110.72,108.12744,0.0,-0.1639669
102.73,102.839,0.0,-0.5106618
104.06,96.73591,0.0,-0.28248504
98.54,96.4201,0.0,-0.5106618
94.88,95.0742,0.0,0.104552366
87.94,91.46887,0.0,0.34092036
87.03,84.464905,0.0,0.9785354
86.4,87.50249,0.20075,0.40290886
86.96,92.84215,17.73375,15.316084
80.78,87.875114,35.362249999999996,44.94931
75.51,76.09291,27.05525,74.81162
59.76,67.90008,51.47725,71.62216
28.59,46.891724,101.5805,95.6327
5.68,24.956459,163.7395,133.25757
2.95,1.6823751,221.088,163.81757
0.0,-1.59454,251.5115,232.69263
0.0,-3.879151,237.22525,244.81247
0.0,8.773178,208.0725,237.9841
4.44,24.20805,137.12175,195.90437
52.46,37.450813,94.77275,124.72977
83.08,78.33784,62.169250000000005,82.116776
108.91,106.45499,31.75675,38.38563
116.15,119.123215,7.97,13.799844
110.0,116.90902,0.3414999999999999,0.030175494
105.22,106.20999,0.0,-0.5978915
97.58,98.031555,0.0,-0.21230543
85.82,92.873375,0.0,-0.5106618
77.52,81.798935,0.0,-0.5106618
73.53,75.68458,0.0,0.1251147
65.97,70.9204,0.0,0.21518897
62.72,67.1302,0.0,0.21518897
59.98,65.51065,0.0,0.25176552
46.8,65.632454,4.404,10.9892435
32.0,48.73621,17.1905,36.71228
6.16,32.31027,77.43,55.674942
0.0,1.900754,173.19775,140.50665
-1.01,-11.953145,96.0135,234.59724
-2.1,-15.053726,71.989,156.88557
-3.0,-20.751757,49.8905,113.7397
-9.9,-18.478348,53.555499999999995,87.56178
-10.08,-22.058619,51.1415,71.43663
-4.98,-4.469883,41.471999999999994,76.77225
-1.5,15.129219,34.2655,60.076202
3.16,29.644411,129.33974999999998,39.0539
66.2,45.182476,100.6745,98.55506
93.06,94.81647,31.07575,47.475338
100.86,104.0616,4.52525,9.697075
96.07,97.276726,0.01,-0.47121337
97.34,90.918434,0.0,-0.5557305
85.09,89.53836,0.0,-0.5557305
81.05,81.403534,0.0,-0.70938474
70.07,74.00536,0.0,-0.5557305
69.97,71.806526,0.0,0.16557257
74.22,71.51738,0.0,0.038921684
75.69,73.47205,0.0,0.038921684
85.45,82.96665,0.03,0.038921684
98.08,99.991104,9.783,4.9874086
106.76,106.42114,55.15,27.42291
105.06,111.04006,139.142,96.52061
100.92,95.48926,207.76275,183.443
78.36,89.36616,279.331,234.72725
49.54,67.264755,279.90025,298.93408
13.41,37.417645,254.89525,280.42993
4.05,16.28859,203.7255,255.53716
0.65,11.414651,209.637,202.55861
0.02,21.79408,153.96725,176.36635
11.19,26.042662,122.964,108.69168
38.28,47.83826,84.63300000000001,91.367
65.08,67.4061,64.4605,62.19073
83.64,89.827354,12.01325,31.586344
80.56,91.09948,4.1055,6.0306454
73.79,80.15701,0.3225,-0.44752142
67.05,72.49629,0.0,-0.9095408
48.59,65.56243,0.0,-0.9095408
20.0,45.616566,0.0,-0.9095408
13.15,25.756382,0.0,-0.884165
13.62,21.983292,0.0,-0.097924456
20.46,22.839125,0.0,0.14619133
46.56,25.912844,0.0,0.49221092
67.84,55.85474,0.0,0.104552366
82.81,85.01203,3.42875,10.87839
82.72,98.705025,42.5205,31.698572
63.04,83.8097,146.41025000000002,102.46048
3.51,53.56042,241.263,212.16473
-1.5,2.9485297,46.199,296.24762
-6.0,-11.749896,44.191,110.14188
-12.22,-18.145786,36.384,97.008125
-29.09,-19.554962,37.88025,78.644844
-21.97,-41.66879,31.42775,73.16894
-12.66,-20.23613,33.93675,69.65592
-11.2,7.154725,29.08225,65.98728
-1.73,16.22386,31.4615,47.98713
0.87,29.398417,128.31425,47.515728
71.04,45.7112,62.29875,55.829613
89.24,88.70541,17.39825,16.044214
104.27,94.70229,0.7307499999999999,2.2801824
97.25,94.74209,0.0,0.26133355
84.0,87.19132,0.0,0.13091601
81.0,75.45577,0.0,0.26805705
58.07,73.04738,0.0,-0.24123265
58.36,56.881462,0.0,0.6925562
58.43,55.731754,0.0,1.2057498
58.65,58.460423,0.0,0.4236928
93.41,65.90057,0.03,0.6049324
109.9,107.17241,13.510750000000002,11.278918
105.9,113.837135,55.25675,49.22559
93.46,98.40551,112.93825,119.29594
32.03,75.873764,210.997,194.77278
-0.01,20.910156,85.18775,261.13867
-2.0,-7.3088565,25.63575,130.75415
-6.83,-10.811001,31.38275,59.689304
-11.0,-9.774994,38.08725,67.40063
-6.0,-15.9269,54.32025,74.48759
-3.08,-6.084879,40.73375,83.45624
2.13,10.119274,281.32075,68.32013
52.12,37.461353,188.615,221.96637
97.37,72.46189,147.20425,133.27106
112.91,114.67967,66.824,75.14991
165.36,121.67168,16.498,21.480381
158.21,142.56653,0.3515,0.93978626
110.0,130.5356,0.0,-0.21230543
101.6,99.109085,0.0,-0.11077929
97.58,94.27962,0.0,-0.13185847
94.0,87.3447,0.0,-0.13185847
88.13,91.55586,0.0,0.44592497
83.38,84.334694,0.0,0.21426956
82.07,82.458626,0.0,0.68017894
84.87,90.039696,0.0,0.632027
99.45,104.72373,6.785500000000001,13.678099
101.92,106.89272,38.43525,43.158077
94.67,102.329094,103.83975,81.36476
74.53,79.822464,159.5595,170.9111
22.22,58.291412,235.52725,220.96048
0.0,11.080922,341.92325,283.036
-0.1,-5.355317,299.61225,342.62146
-1.89,-8.897903,340.6385,301.0791
-0.21,-7.2667074,306.659,326.38113
-0.01,10.453163,256.877,277.9477
2.05,22.277699,212.547,215.75282
64.08,41.53394,140.74925,145.4022
91.58,89.29078,101.054,85.82076
106.0,116.74776,40.94975,57.969727
112.34,129.59813,15.84625,16.40206
126.34,118.1926,0.12825,-0.26383826
110.0,111.98193,0.0,-0.72994703
101.28,101.66494,0.0,-0.33006442
91.0,95.52198,0.0,-0.43159044
87.92,88.414764,0.0,-0.72994703
84.64,86.45613,0.0,-0.024658555
81.0,83.11091,0.0,0.16557257
80.88,81.41849,0.0,0.33727825
89.55,86.95281,0.0,0.33727825
100.43,106.127716,7.10325,6.1084533
103.05,113.00565,38.16375,32.607185
108.11,106.8081,94.95675,66.99366
89.9,94.52172,208.73075,140.842
66.0,76.389275,235.9765,215.98654
8.39,53.603256,226.332,253.74779
0.0,3.012131,297.35375,243.98578
-0.01,-2.911013,357.24975,285.76254
-0.02,3.2340488,338.77750000000003,325.38242
-0.01,11.667821,307.5955,281.50473
10.49,22.162445,277.303,240.38786
70.1,48.813805,240.736,195.40628
101.44,94.014595,157.32399999999998,158.64215
113.56,124.62746,70.93275,87.72397
144.62,126.55481,19.723,22.559946
151.51,136.71075,0.3545,1.7389174
121.59,127.92657,0.0,-0.34811583
108.46,108.120926,0.0,0.13091601
101.08,98.21421,0.0,0.13091601
97.98,95.12279,0.0,0.21136308
96.16,93.52426,0.0,1.1590986
92.93,91.96199,0.0,1.2057498
92.05,89.82795,0.0,1.2057498
92.63,91.27464,0.0,0.7146496
96.1,98.496025,9.4635,10.266792
90.06,94.74323,54.697,33.28829
69.75,85.930115,105.5645,102.605286
15.34,53.180138,211.65625,173.4179
-0.02,6.1640058,78.938,266.63934
-1.0,-13.467392,59.93375,148.38275
-6.0,-15.157321,55.78225,116.38549
-20.0,-18.845901,57.1435,105.332565
-20.14,-32.411118,55.66525,97.90512
-4.29,-20.06805,49.2815,74.76922
-0.05,14.0718775,45.128,84.0905
3.55,28.42843,234.33625,65.02742
81.0,46.292576,146.0875,174.69754
101.43,106.17106,63.16075,77.93522
123.36,122.150085,16.244,18.73091
116.41,123.77619,0.24125,0.15232904
106.23,109.33234,0.0,0.13091601
96.63,100.15044,0.0,0.18761002
85.87,90.64139,0.0,0.26805705
85.69,81.0468,0.0,0.208745
86.97,83.44895,0.0,1.2263119
82.39,84.34446,0.0,1.0816486
86.0,80.494,0.0,0.954998
89.51,85.04,0.0,1.0816486
88.11,90.65802,7.93775,7.7962747
78.55,80.9824,49.13975000000001,38.97732
28.8,63.575497,132.46075,112.895226
-0.01,14.693484,47.9135,209.16069
-2.64,-11.793928,53.48075,110.135056
-15.6,-19.2603,42.64675,110.40947
-55.67,-36.085064,42.09425,80.64785
-64.79,-123.006065,47.76925,71.72341
-51.02,-81.33299,46.02425,70.0471
-20.57,-20.251865,44.11825,68.13497
-1.2,-4.2082443,53.03875,65.73186
2.13,26.662785,246.7935,71.18895
77.79,45.273895,163.95125,173.35382
105.49,101.057785,71.072,84.88924
121.51,118.84189,15.501,17.758837
122.45,115.76228,0.3045,0.17289142
106.43,107.78225,0.0,-0.21250883
99.45,96.2357,0.0,-0.21250883
96.0,90.52153,0.0,-0.05680391
90.58,86.48794,0.0,-0.14687803
86.0,90.33031,0.0,0.79544425
85.02,87.12714,0.0,0.70537
89.44,87.33933,0.0,1.0841732
97.24,96.94093,0.0,1.1590986
128.95,114.83839,7.5985,10.140549
132.65,131.73647,46.362,43.079197
106.19,125.03529,132.7885,111.10802
91.13,95.60705,229.95775,200.71938
49.62,80.22763,305.911,277.40894
2.54,34.69775,340.4995,335.4769
0.0,4.9167757,369.8965,350.25214
0.0,1.9408123,356.99424999999997,368.56543
0.0,7.4229097,330.7445,349.58115
9.0,15.607078,333.9715,319.2595
54.55,33.720287,303.8845,294.87253
88.65,75.01828,231.37575,257.56647
106.26,110.27212,142.60325,169.4285
149.82,133.32236,58.019499999999994,78.612305
185.0,154.44371,12.8575,11.732454
138.86,157.53308,0.037,-0.30001137
108.87,115.93578,0.0,-0.013256025
96.0,99.366776,0.0,-0.31161237
93.0,89.29646,0.0,-0.23307118
89.67,84.95101,0.0,-0.23307118
85.41,86.84126,0.0,0.61454827
84.09,83.57635,0.0,0.63973933
83.48,82.19378,0.0,0.63973933
88.87,88.93297,0.0,0.63973933
101.51,111.73491,3.2065,5.7765245
101.96,117.862625,35.05,37.388268
98.64,103.32858,102.87375,85.987434
92.74,83.27766,132.832,173.25957
79.35,74.042755,215.226,198.65347
40.0,62.336666,253.221,268.05444
8.38,31.4834,226.52875,237.74214
3.0,6.220767,269.4895,208.6795
5.15,12.760221,250.39575,250.27895
35.05,21.887215,317.875,250.29091
71.89,48.78264,270.68875,287.84705
95.0,89.91143,221.88925,222.26581
101.03,123.43466,129.813,154.36043
149.44,133.4774,56.8385,62.426384
155.65,161.06252,10.75425,10.320803
140.35,141.16888,0.08325,-0.47115356
114.07,119.977585,0.0,-0.87247884
94.0,102.57217,0.0,-1.145711
91.76,89.82061,0.0,-0.5886527
90.0,83.873955,0.0,-0.31161237
86.89,88.395905,0.0,0.661688
84.71,84.959785,0.0,0.7956261
87.07,82.48124,0.0,0.9380957
93.24,92.82536,0.0,0.9380957
108.01,110.45026,5.91475,8.4783535
106.99,113.30226,40.5225,41.848206
105.95,102.61055,109.49475,103.36179
92.8,87.715866,194.463,188.37337
87.77,76.445076,266.2265,247.22223
67.97,69.54168,305.97625,309.877
44.52,55.026558,347.25075,321.0523
29.18,39.62091,350.4355,344.69766
40.37,35.47125,341.15575,342.53546
70.9,55.485798,312.62475,327.92682
84.3,86.59143,247.91175,284.31516
96.64,106.12218,186.53825,196.12752
115.31,129.34993,119.1985,125.05231
186.98,145.5895,36.35,58.554024
226.46,187.1576,9.5555,13.242181
154.69,196.88403,0.04675,-0.20674086
123.21,131.06578,0.0,-0.6856458
106.27,109.625496,0.0,-0.23360226
98.1,99.49593,0.0,-0.038447134
92.0,90.973915,0.0,-0.60683936
88.45,91.6187,0.0,0.013007613
87.34,88.566765,0.0,0.31136408
87.84,87.842834,0.0,0.11940245
95.08,93.94601,0.0,0.034323927
104.94,113.805016,2.62725,2.744154
107.53,115.76464,10.49725,28.505894
99.47,108.9491,32.6245,51.404373
91.06,88.5182,89.62025,75.15341
81.22,81.83116,144.30825,131.16736
67.41,66.468124,187.61725,199.18732
53.87,49.482555,222.05675,238.0614
40.99,41.644978,245.356,234.98828
54.9,48.43838,260.0885,248.26085
69.43,71.185104,230.69675,252.48186
78.99,82.64216,200.70225,202.09358
95.79,98.484146,191.06575,157.89471
114.1,119.69532,127.32975,119.74539
220.27,150.79256,65.624,60.990784
275.26,216.24323,15.476,17.744585
157.56,226.70963,0.0805,-0.113178216
120.72,133.30371,0.0,-0.31161237
105.95,107.9053,0.0,-0.040607844
98.42,95.53846,0.0,0.06528526
96.46,92.41559,0.0,-0.33006442
93.82,94.6185,0.0,0.9129046
90.42,93.46418,0.0,0.9129046
92.86,90.98541,0.0,0.762665
94.91,98.85939,0.0,0.9785354
98.99,111.81569,3.66675,4.6685863
98.09,110.769165,31.415,24.770206
99.81,102.08129,98.26175,80.193245
87.82,85.32908,177.73425,181.84853
43.9,74.62882,243.52875,235.77367
3.0,33.963024,267.09175,278.51895
0.08,2.1809046,260.01825,275.0069
0.0,-2.06106,247.66075,266.7873
0.0,7.4597416,231.91475,236.77032
1.72,17.551266,221.49925,210.41805
26.83,35.579273,238.62675,185.47437
73.06,56.56794,212.305,185.50885
99.53,100.091545,124.803,135.42545
116.08,146.74347,48.943,67.77437
125.63,163.81372,7.007,16.041338
112.73,127.1715,0.003,0.0737877
106.33,107.48918,0.0,-0.23307118
96.28,99.12106,0.0,-0.2582623
99.02,90.60576,0.0,-0.72994703
93.33,92.51097,0.0,-0.72994703
90.74,91.17445,0.0,-0.11473275
85.03,86.51643,0.0,-0.11473275
82.73,83.891426,0.0,-0.11473275
87.09,82.6357,0.0,-0.11473275
90.68,92.691734,0.2245,4.5353975
88.0,93.02949,9.90125,24.618032
84.75,83.531876,38.1535,41.148994
80.0,69.01762,82.42025,71.163574
30.0,59.318207,109.3235,132.10388
3.8,15.665012,168.3735,144.52328
0.17,-2.3770533,201.9675,181.98083
-0.01,-6.159136,246.928,210.10612
-0.01,0.33067268,281.2035,221.12419
-0.01,9.267772,284.11575,262.57382
0.91,20.594908,270.43874999999997,258.3757
16.36,38.156662,180.1575,222.575
70.2,55.570164,117.6435,122.454506
95.0,96.64962,53.29575,56.01922
105.94,113.02068,9.57325,13.855596
101.98,102.78426,0.00325,0.15232904
95.04,96.30403,0.0,-0.16744038
89.96,89.35397,0.0,-0.16744038
94.4,84.203224,0.0,-0.16744038
88.65,88.7577,0.0,0.208745
88.0,85.77868,0.0,0.3377823
86.63,83.81801,0.0,1.2263119
90.0,84.479866,0.0,1.2263119
92.0,89.97581,0.0,1.2263119
89.57,95.65917,0.796,4.0550904
84.56,93.25546,17.916,24.87798
81.93,75.31807,65.62925,64.404236
48.04,64.42254,110.8465,121.93595
9.86,27.70913,153.22325,164.5697
4.38,3.2558413,184.56275,196.76242
3.0,-4.092495,172.32725,213.17732
2.02,1.1096091,180.11375,173.75371
2.68,7.4719343,169.055,157.59421
0.65,17.681477,151.8045,139.95259
12.42,27.89475,109.8135,126.07668
77.75,42.219704,101.099,87.87098
93.6,93.524345,70.7035,74.42194
110.0,113.25858,30.4765,49.717964
110.66,115.92456,3.336,9.558806
110.15,107.79446,0.0,-0.14416258
105.09,101.465126,0.0,-0.25737378
102.54,95.050735,0.0,-0.25737378
91.99,95.59327,0.0,-0.25737378
87.13,85.20131,0.0,-0.25737378
83.07,87.70776,0.0,0.40290886
81.63,83.32343,0.0,0.40290886
88.44,83.85059,0.0,0.40290886
92.32,99.17477,0.0,0.40290886
113.0,116.29602,3.63625,2.151602
130.13,135.35313,35.38825,24.185066
108.82,134.65927,107.82675,69.75284
89.89,95.47372,197.8205,168.37387
78.8,73.81918,283.381,237.49086
45.93,63.899357,320.562,312.179
20.04,34.692944,333.728,330.04214
14.23,15.327516,313.31575,330.84366
18.34,20.410967,280.43025,299.20828
54.56,30.903631,234.23525,261.53882
71.06,67.08398,234.14675,224.40517
89.38,93.77751,187.36425,204.67345
95.7,115.499245,125.8045,132.70529
128.2,130.98836,55.056,61.342957
190.15,146.34264,7.38125,11.335492
124.67,161.52637,0.00025,0.28591552
104.9,112.62002,0.0,-0.2582623
91.1,98.89792,0.0,-0.4747664
98.91,88.60296,0.0,-0.4747664
90.0,92.854744,0.0,-0.1763772
84.55,89.560524,0.0,0.42658004
81.94,82.996346,0.0,0.21426956
83.4,82.3115,0.0,0.7702532
94.57,90.80535,0.0,0.49221092
104.51,113.79552,3.3645000000000005,2.27308
108.86,121.92218,37.05575,34.350914
98.05,110.43395,116.60225,92.43907
88.57,83.75438,211.39475,176.64334
69.64,76.10475,295.03325,261.34924
43.23,53.229866,333.6145,327.61746
22.85,32.108772,348.76625,342.94885
3.0,14.459816,331.26475,350.61502
0.5,11.561504,327.67275,316.60263
14.7,21.522274,292.9705,304.06744
59.05,41.113167,265.9335,254.5998
87.77,83.75424,224.2145,218.7768
92.41,109.91223,139.05225000000002,148.47388
110.1,128.07849,50.38075,68.27331
124.62,141.2014,7.9975,12.085672
109.25,120.1381,0.0,-0.4119677
103.67,99.43337,0.0,-0.1763772
95.06,94.20083,0.0,-0.25289068
94.14,89.40585,0.0,-0.11074648
88.23,88.22304,0.0,-0.3845779
82.89,86.45613,0.0,0.54950595
80.67,82.02213,0.0,0.68017894
79.37,80.40733,0.0,0.68017894
88.36,86.73931,0.0,0.104552366
101.36,106.188995,2.1340000000000003,2.838521
104.46,116.91439,29.71225,26.328701
105.69,105.672386,93.7785,69.41435
91.0,88.95962,171.4935,150.02257
83.89,76.979454,177.75125,221.5384
67.97,65.63379,227.726,225.11865
49.06,52.376022,219.6325,250.6713
35.0,34.65598,247.9965,228.35431
40.09,32.238983,355.258,248.01923
64.52,50.113277,241.65125,323.59714
73.51,74.80442,313.42650000000003,217.1732
93.02,93.7963,224.48625,253.90514
95.1,115.88708,138.5735,149.29524
102.33,129.12555,51.50225,64.037704
129.9,128.5067,6.7665,13.580529
115.0,126.38057,0.00025,-0.4178404
103.44,106.669205,0.0,-0.6038629
96.12,96.81686,0.0,-0.30512562
94.5,91.30571,0.0,-0.5106618
88.86,88.81026,0.0,-0.3845779
87.52,87.62404,0.0,0.21426956
90.88,86.003136,0.0,0.21426956
92.37,90.85777,0.0,0.29471663
97.96,99.09972,0.0,0.3696421
105.9,112.567986,2.7235,1.780452
111.0,116.3302,35.35875,23.130371
106.91,112.40934,107.674,86.78173
89.34,90.22488,202.23275,173.0074
75.2,75.99209,234.7325,249.07976
66.48,60.485985,221.00275,279.83044
57.69,49.982456,236.01325,250.6097
42.9,44.549126,252.766,251.11667
37.0,41.14887,236.2115,244.10568
48.2,43.04908,215.69125,229.73468
60.1,61.27654,181.14,192.63095
81.55,82.65746,171.76375,137.90895
94.0,101.227036,93.5795,106.39608
100.56,129.82175,29.319,51.174046
116.56,130.92778,3.34975,7.6560264
114.48,117.41328,0.0,-0.09909416
111.0,106.043274,0.0,-0.19263148
100.91,101.60198,0.0,-0.21230543
91.99,96.04475,0.0,-0.5106618
85.59,87.33267,0.0,-0.21230543
82.13,85.54366,0.0,0.16184741
81.69,82.0718,0.0,0.4833559
82.88,83.631386,0.0,0.9785354
87.76,90.31665,0.0,0.40290886
105.91,103.91319,1.5630000000000002,1.0709066
110.0,117.55679,17.44275,24.4039
105.69,112.35499,61.174,53.767494
93.96,92.46859,92.3785,104.77191
85.63,79.25786,108.02025,148.52797
82.5,70.87448,132.67225000000002,148.5802
68.0,66.87634,153.4235,167.87978
48.0,56.550194,167.2395,162.42044
33.55,42.90576,165.261,142.97115
33.13,40.121494,132.6725,160.54791
60.0,46.011246,121.54075,108.58335
79.9,80.019684,105.37775,102.38689
98.1,100.01794,73.75675,72.79122
109.24,117.67146,28.8735,33.278034
114.2,115.96825,3.07275,4.6248965
108.04,107.30802,0.0,0.19926228
103.3,101.32252,0.0,-0.21230543
94.37,96.79426,0.0,-0.5106618
95.33,91.053024,0.0,-0.5106618
89.32,89.06294,0.0,-0.21230543
89.08,85.77868,0.0,0.19462658
86.57,85.82555,0.0,0.4833559
87.41,84.43922,0.0,0.40290886
86.87,86.31171,0.0,0.23120315
87.11,92.67933,0.82175,1.1202505
86.84,94.204796,24.05925,13.261092
86.55,84.918945,63.21725000000001,53.543083
70.1,76.01062,118.70525,111.477104
23.66,56.754322,194.13875,147.51324
4.01,12.276454,211.96275,218.17502
3.0,-0.7348465,224.03375,233.4299
2.01,1.2247256,223.7815,218.09541
1.83,5.274164,234.23825,215.15059
3.52,15.865068,233.36925,232.30249
12.1,29.392797,198.971,175.47379
72.0,46.259304,144.243,137.3382
98.23,88.94068,82.66225,85.25327
113.12,118.53389,47.067,36.190304
124.01,121.71019,4.47275,11.615886
121.0,114.82823,0.0,0.3925645
111.16,107.88044,0.0,-0.11077929
105.29,100.56699,0.0,-0.010856487
100.5,96.50041,0.0,0.010625862
95.15,92.66733,0.0,0.0143346265
95.33,92.00045,0.0,1.233012
93.22,92.11933,0.0,0.38535365
92.48,89.93562,0.0,1.2078207
91.72,92.09647,0.0,0.997345
90.0,95.92355,1.7465,1.2384067
85.42,92.64987,28.64575,27.236076
86.71,80.0701,91.85275,84.82291
5.11,67.55192,108.4175,170.57767
-0.01,-4.4389176,45.21225,171.92612
-0.07,-11.903836,72.82575,99.86674
-1.98,-10.85953,44.323,108.24141
-7.45,-15.391539,42.21325,64.40473
-7.4,-10.812367,55.03875,75.61103
-0.1,-0.8207481,48.5785,86.25772
0.0,19.831715,207.28675,62.211044
56.76,37.55492,197.194,145.14719
96.35,84.54404,109.018,121.26531
112.48,121.15694,46.6145,43.860527
117.57,123.03037,4.31775,9.054365
114.32,111.10728,0.0,0.41312686
107.5,105.22565,0.0,-0.009136058
100.52,99.36924,0.0,0.03489694
95.28,95.48026,0.0,0.25168735
87.03,89.53518,0.0,0.010625862
85.44,89.07824,0.0,0.9919503
84.83,88.539536,0.0,1.233012
83.55,89.639404,0.0,0.8440078
100.12,93.52829,0.0,0.7718645
115.38,119.01483,1.9395,2.0365396
125.0,135.57397,30.22625,24.479937
110.04,129.23067,96.24375,73.36811
91.97,98.05112,184.37975,164.63638
72.98,80.383995,225.0685,234.95134
35.02,60.02693,236.52975,253.8171
10.0,25.351704,282.29949999999997,252.90947
5.93,14.439305,227.52275,276.58374
6.78,12.940176,216.87825,224.0799
25.2,21.334398,244.85275,206.90152
56.39,42.784046,199.967,215.58615
84.9,81.08917,142.0095,166.5086
107.69,109.695724,92.19,91.75597
144.85,139.61484,46.28825,50.769417
189.87,157.6171,4.1345,10.248071
136.07,159.1686,0.0,0.32693386
115.04,118.30099,0.0,-0.07736624
105.15,104.57415,0.0,0.21136308
104.56,98.724525,0.0,0.0118481545
96.93,96.82373,0.0,-0.041109014
86.0,94.77285,0.0,0.8113512
80.62,85.802605,0.0,0.3696421
82.58,80.11987,0.0,1.1805584
94.25,91.65988,0.0,0.90924495
92.0,113.169586,1.40625,2.8238282
106.2,111.236855,23.45425,29.15901
104.62,111.4086,108.84825,74.1524
90.0,88.926956,191.37875,176.86198
77.8,75.47131,264.7935,236.45526
61.35,60.425083,307.6145,283.0398
41.75,45.021954,300.29725,312.5143
26.28,35.3911,317.82025,291.63004
38.05,26.536407,262.512,300.1458
70.1,48.06743,180.38225,223.78075
83.82,80.47144,139.246,142.2593
98.44,102.900475,109.61875,97.59696
116.03,122.81575,63.60725,75.100494
152.52,143.8026,24.45375,36.216526
170.01,163.07234,1.5035,4.291015
123.3,148.8339,0.0,-0.29920217
109.47,111.05025,0.0,-0.31161237
97.67,101.653984,0.0,-0.6641344
95.4,92.56794,0.0,-0.53834677
89.98,89.85272,0.0,0.12197924
86.52,88.367134,0.0,0.9129046
83.8,86.857445,0.0,0.79056734
84.49,84.65469,0.0,0.21426956
91.23,90.6119,0.0,0.104552366
99.9,108.094826,1.0775,1.1662004
108.17,113.68452,26.381,26.086681
113.64,108.435104,90.013,82.91924
101.63,95.215096,174.30225000000002,163.26262
85.45,84.96558,249.70225,237.51538
79.01,69.767395,270.34375,272.9144
64.16,62.70833,311.95025,278.75385
50.42,51.396408,312.68925,313.53433
50.89,46.14289,280.18525,298.2459
74.09,58.740456,264.35,239.0816
81.32,86.51573,214.73375,228.90968
100.93,103.11416,166.002,167.0804
122.72,126.300026,99.41825,100.17413
184.98,148.73363,36.088,39.771725
197.16,178.6409,1.86725,3.8690243
121.26,161.95198,0.0,-0.25941688
113.63,109.33328,0.0,-0.11908218
103.57,102.80312,0.0,-0.27793616
97.15,96.519485,0.0,-0.27793616
91.62,89.81324,0.0,-0.27427098
87.58,91.41907,0.0,0.40290886
84.77,86.45613,0.0,0.23882723
86.72,84.161095,0.0,0.40290886
95.49,93.951416,0.0,0.40290886
112.32,111.27972,0.44625,0.6950621
128.9,123.61163,16.84475,22.831953
135.03,126.89645,52.2975,55.82724
119.39,115.01879,95.3625,82.595085
103.63,101.57486,138.4835,141.83694
96.12,85.26312,192.31,183.7018
88.19,82.771,268.219,193.07954
86.12,74.209785,257.43225,243.64528
84.87,81.98988,209.0525,238.2776
85.27,89.63029,172.8405,163.43489
81.75,92.50826,107.5375,142.02275
98.99,102.26034,95.53425,87.281815
98.3,122.71102,69.87325,68.051056
117.27,134.8338,34.87375,30.562593
124.0,138.44588,2.1735,3.3740494
108.0,115.8568,0.0,0.13593271
101.4,101.864494,0.0,0.13091601
80.62,96.17237,0.0,0.13091601
84.59,76.001785,0.0,0.21136308
77.33,79.813225,0.0,0.08369035
77.12,76.33828,0.0,1.1590986
70.73,76.45711,0.0,0.7858171
70.42,72.87021,0.0,1.0841732
78.11,78.828415,0.0,0.7858171
98.32,96.89455,0.7505000000000001,1.0282333
104.8,120.43882,31.57925,22.117924
105.08,111.63266,56.21425,79.133804
96.36,93.40236,90.6235,112.335
70.41,84.44544,198.285,161.0975
64.32,59.38997,298.78125,241.42987
56.47,50.516758,301.328,314.22427
45.21,46.963734,256.56525,287.2594
50.0,43.172997,240.14775,238.48068
73.0,59.073967,203.112,202.10402
71.54,80.75516,162.05874999999995,149.033
89.23,91.47013,105.337,109.98225
109.3,107.85085,28.8325,69.25347
123.0,121.2884,18.685,22.590807
113.33,122.04513,0.6715,1.6790242
106.06,103.46657,0.0,-0.32274282
95.55,96.08457,0.0,-0.318534
86.22,89.39893,0.0,-0.11074648
88.29,82.870964,0.0,-0.16744038
80.63,82.17733,0.0,-0.19263148
79.1,75.4991,0.0,0.68017894
81.51,75.44183,0.0,0.46135637
75.77,75.92449,0.0,0.68017894
76.98,74.24592,0.0,0.68017894
92.72,80.31291,0.616,0.104552366
94.17,95.84606,25.05325,20.758379
87.97,94.17843,80.88875,63.4701
71.55,73.41899,158.853,136.512
32.99,52.875465,203.14975,208.81488
5.23,18.578985,182.48775,226.9337
0.0,-2.1106744,215.40025,223.29318
-0.01,-9.288332,257.60275,242.41695
-0.01,-2.990244,192.8885,259.7688
-0.5,10.882201,114.98975,194.00946
7.57,22.210505,143.7765,123.837814
68.86,45.445744,125.466,98.30015
89.82,97.22109,90.692,64.45217
105.52,115.76277,25.66425,36.620224
125.4,111.79265,0.736,3.6073174
104.98,113.83406,0.0,-0.7243244
96.08,96.345985,0.0,-0.72994703
86.38,87.42875,0.0,-0.6482403
83.6,80.69802,0.0,-0.6284208
72.91,78.13499,0.0,-0.884165
64.7,70.042694,0.0,-0.09417041
60.33,63.462254,0.0,-0.23101622
58.49,58.071453,0.0,-0.23101622
54.87,59.170067,0.0,0.05948406
56.06,62.83201,0.03,-0.029514525
54.28,64.36312,5.010999999999999,20.718645
22.27,57.31619,30.75825,33.955345
5.22,19.952301,74.99875,59.797417
0.13,0.42452425,90.0605,117.19859
0.09,-5.705086,127.47025,122.74549
0.03,-9.557566,121.09475,165.76132
-0.81,-8.652057,130.76274999999998,150.00394
-0.57,-5.965358,197.313,135.4568
0.0,9.29084,216.70775,150.38681
21.98,25.475712,204.12925,170.16696
68.2,50.93455,140.17425,140.64522
103.75,92.525055,44.66,79.70043
129.18,120.17621,10.55575,22.381247
126.37,127.124825,0.172,-0.5472862
110.84,110.95318,0.0,-0.70654005
100.86,101.16934,0.0,-0.25737378
88.26,93.5103,0.0,-0.41102815
76.11,82.31601,0.0,-0.25737378
80.08,71.36265,0.0,-0.4984353
77.84,79.590355,0.0,0.038921684
69.75,76.90494,0.0,0.33727825
70.32,71.42367,0.0,0.33727825
81.88,79.549355,0.0,0.40290886
110.29,98.861626,0.0,0.4507565
121.08,129.25548,4.06825,9.736567
112.64,125.34324,18.6135,31.32813
90.66,105.378975,42.79325,56.67171
72.78,79.07172,96.34425,83.7317
58.46,59.52265,139.00175,130.65033
34.69,48.95193,181.09125,138.28731
21.14,28.782053,154.90525,178.56268
19.7,22.58253,220.87525,144.10303
35.0,29.87312,277.6115,190.81166
62.5,47.394844,235.36475,214.56877
95.08,85.42083,133.14925,173.36285
94.9,119.10639,79.74175,70.74136
165.41,131.5909,23.81675,29.2
176.37,163.30437,0.85,3.0155683
115.57,149.966,0.0,-0.2515879
98.4,103.18427,0.0,0.091052204
84.25,90.588135,0.0,-0.0806536
86.0,76.94985,0.0,-0.4400628
80.92,79.87936,0.0,0.074797876
83.68,77.75043,0.0,1.0037262
80.9,81.52685,0.0,0.68017894
83.3,78.62627,0.0,0.104552366
94.01,90.82533,0.0,0.21426956
88.66,110.80226,0.261,0.2328469
113.66,108.05518,23.5165,11.734498
97.45,118.478004,65.7195,64.65624
90.0,83.79989,155.78375,126.300705
88.15,77.67517,172.70575,214.96255
72.52,70.92391,252.505,218.18198
67.53,55.189373,279.02250000000004,255.44539
65.82,52.927864,303.08975,275.3291
64.8,58.88492,246.6305,285.1851
70.97,67.02646,221.735,237.01231
81.48,80.336655,154.54225,200.92726
98.48,101.881516,94.15,119.50831
123.23,120.04393,70.90775000000001,64.45293
151.0,153.75868,20.80775,25.99151
126.4,154.78113,0.5085,1.6798098
98.81,111.22281,0.0,-0.6072199
90.0,90.09228,0.0,-0.6072199
85.86,81.10576,0.0,-0.76143795
86.94,78.200066,0.0,-0.5009552
82.6,77.85094,0.0,-0.78681374
76.46,81.101295,0.0,0.038921684
72.31,77.03503,0.0,0.038921684
71.0,71.69263,0.0,-0.097924456
76.62,77.88743,0.0,-0.097924456
96.33,90.88528,0.09025,0.14619133
102.0,111.86381,15.04275,21.125784
104.9,106.53081,42.06325,40.25924
81.54,93.12476,81.73125,70.252464
28.93,73.162964,91.7915,114.82388
0.03,27.969229,88.74074999999999,105.9571
-0.1,-2.139547,93.684,90.81901
-0.1,-5.2780323,165.6465,103.64776
-0.13,1.3780328,168.663,159.46344
0.0,14.018711,203.37825,154.84805
3.89,30.217016,151.72424999999998,152.86029
58.29,46.050365,81.01775,100.19156
96.9,85.80157,64.04025,58.25907
107.78,135.1934,20.732750000000003,21.604733
100.1,117.70631,0.61525,1.2717636
91.78,92.77037,0.0,-0.35207516
80.0,81.071976,0.0,-0.33438462
54.3,72.45141,0.0,-0.94046783
21.65,52.564636,0.0,-0.30919346
15.04,24.883465,0.0,-0.30919346
14.92,24.113853,0.0,0.61454827
21.99,22.949837,0.0,0.6372917
48.0,26.353773,0.0,-0.097924456
68.0,53.848328,0.0,-0.03229359
97.47,87.40646,0.187,-0.097924456
109.24,117.46439,17.478749999999998,15.419485
101.09,115.98554,72.91875,53.003838
74.72,90.80581,135.933,137.50674
38.5,59.09518,196.35875,190.36661
5.79,29.844992,269.396,233.70284
3.2,1.5189748,282.40675,266.0753
3.2,2.4020808,236.373,275.84915
32.66,10.215045,211.93825,232.78142
62.28,40.5731,185.204,202.60065
81.29,72.44137,131.79075,159.89563
101.88,101.39584,97.431,83.71116
104.9,121.01567,61.27,58.756992
151.18,125.370094,13.013,21.191353
198.0,134.11792,0.38975,0.32415888
118.43,154.53394,0.0,-0.6072199
105.0,101.60883,0.0,-0.32543072
92.0,89.27866,0.0,-0.5415891
77.8,79.33614,0.0,-0.36049613
81.78,67.31602,0.0,-0.5415891
79.97,75.57219,0.0,0.104552366
80.7,74.94237,0.0,0.5419527
81.67,76.907166,0.0,0.760626
89.7,85.97722,0.0,0.760626
106.0,104.5244,0.042,0.90924495
118.91,119.652374,15.56725,22.731146
113.47,118.77776,79.637,63.573303
97.59,95.465,166.83275,154.81189
81.12,76.63354,226.836,231.15334
74.31,63.369198,221.67225,273.77423
70.29,56.049885,226.94225,251.20428
65.23,55.778114,228.73925,240.62343
61.83,58.30153,232.10925,226.5845
69.68,68.0549,257.07050000000004,221.69698
77.05,80.46782,209.52875,213.3908
82.11,96.25945,147.78225,142.43463
106.11,104.75787,75.843,69.83694
150.0,133.68115,17.57675,21.075825
147.02,151.45396,0.461,1.7199316
116.33,121.58521,0.0,0.09998894
106.81,103.42857,0.0,0.18043602
99.94,95.113754,0.0,0.22446907
97.07,88.81878,0.0,-0.016592477
93.56,87.84912,0.0,0.004889831
89.95,90.201294,0.0,0.98617005
85.83,86.416885,0.0,0.98617005
84.32,83.61694,0.0,1.227232
86.04,82.19977,0.0,1.2020407
97.87,92.85392,0.14475,1.2078207
100.59,105.47309,15.473,20.538641
88.4,99.226105,73.684,66.19152
68.89,73.128426,169.231,148.64603
9.75,52.52003,241.28775,227.61945
0.0,0.35075185,280.1925,263.63922
-0.02,-8.398971,332.1095,285.52026
-0.86,-7.9819846,320.06600000000003,318.76294
-0.99,-3.9202564,315.53925000000004,300.03433
-0.01,9.525327,264.437,277.39005
34.44,25.687553,219.824,215.3914
73.59,60.05244,109.4795,165.95421
108.81,97.57484,63.406,67.75285
147.29,132.87726,17.80225,21.714043
130.42,138.2928,0.0095,1.0792379
101.57,112.37423,0.0,-0.6072199
90.1,92.65241,0.0,-0.5056935
76.32,83.168396,0.0,-0.5056935
79.73,69.940674,0.0,-0.5415891
74.87,72.4465,0.0,-0.5415891
72.64,70.29243,0.0,0.2593896
75.0,68.5533,0.0,0.2593896
74.55,71.86686,0.0,0.23483187
74.35,70.92559,0.0,0.23483187
72.95,74.93855,0.07,0.5127732
50.1,76.9604,16.62525,9.7170725
0.0,45.744225,73.85675,61.81726
-0.09,-7.5579233,67.425,141.78041
-4.0,-13.214868,47.879000000000005,134.13272
-20.09,-22.094086,57.58325,107.4357
-40.02,-38.273468,64.0515,108.4917
-53.4,-49.341316,63.4715,104.92345
-63.4,-37.088852,46.515,91.776665
-23.0,-74.24431,29.14825,64.28664
-2.46,-3.369512,39.7405,50.682533
3.0,23.468542,159.38675,51.60142
91.25,51.240677,75.3045,87.439606
108.11,127.74295,16.21825,22.653181
97.81,118.25688,0.0695,-1.0135288
87.36,88.93377,0.0,-0.9946417
86.02,79.87469,0.0,-0.83299965
86.47,75.40434,0.0,-1.2229776
77.88,76.13729,0.0,-1.2196057
82.32,70.648026,0.0,-0.6928971
86.88,82.30394,0.0,0.013007613
90.0,87.24652,0.0,0.07892172
84.0,89.95731,0.0,0.18362379
89.67,91.0549,0.0,0.18362379
107.91,106.017296,0.771,0.18362379
132.69,126.463356,15.496,9.073233
124.67,135.39972,28.29625,45.666206
101.85,113.47929,42.9465,60.673977
85.83,91.61443,45.8765,81.4811
74.51,72.40628,64.11475,91.76733
63.62,61.203075,70.80250000000001,116.67423
58.02,55.78479,88.34575000000001,119.713394
65.61,55.476734,110.57175,110.665634
72.16,72.032906,227.59325,113.50902
92.5,80.300896,149.659,198.47736
121.86,108.82293,72.55125,113.218834
186.96,140.77075,48.1295,54.27191
383.23,200.45589,10.1325,15.140148
289.22,307.58466,0.0,-0.2739477
152.0,217.42426,0.0,-0.4625175
121.8,126.26287,0.0,-0.30886316
110.62,104.71637,0.0,-0.41493824
109.19,97.21199,0.0,-0.30886316
107.24,96.41797,0.0,-0.24323252
105.33,102.82673,0.0,0.16184741
103.85,101.00844,0.0,0.40290886
105.18,101.22347,0.0,0.40290886
112.47,108.66503,0.0,0.40290886
166.81,124.960396,0.05025,0.40290886
276.33,167.13159,3.47975,15.988943
196.98,243.15985,16.822,26.99907
129.91,168.62238,40.11475,43.744907
98.52,112.92914,27.861,70.976425
89.99,91.39736,9.62025,49.296192
78.78,81.8815,12.575,25.171879
76.73,74.436264,23.65775,25.500744
76.75,76.68067,65.519,26.234451
82.58,81.45615,67.09275,58.245335
91.89,92.72016,40.7765,68.16116
118.73,113.726715,30.40875,39.827904
180.16,149.51064,18.199,22.470982
367.07,237.58662,6.96375,8.920142
212.58,329.56955,0.001,0.46019807
130.85,172.36267,0.0,0.28116295
113.71,114.41375,0.0,0.19927791
106.0,100.75293,0.0,0.22446907
100.72,95.72393,0.0,0.22076023
101.16,93.133,0.0,0.22076023
98.48,100.7437,0.0,0.52540827
99.17,99.40869,0.0,0.7419118
100.14,99.43129,0.0,0.6264148
107.64,109.39844,0.0,0.44517508
129.69,130.21556,0.17675,0.6264148
217.64,170.91425,14.93325,7.9373727
167.76,207.39928,68.88925,33.30284
125.0,146.08003,156.89725,109.58078
95.47,103.13391,163.73025,198.88756
89.87,82.398674,166.2025,183.11948
78.12,75.744896,241.98875,166.32411
75.93,67.11407,308.02525,246.07323
74.6,70.70509,309.76625,287.76337
79.16,79.022675,254.2305,279.56732
91.7,89.508026,233.29525,208.27005
121.11,114.21255,149.74575000000002,158.8049
152.6,147.17067,66.14925,76.61981
232.41,214.38992,7.65,15.399239
156.92,208.95155,0.007,-0.5145804
105.48,132.59999,0.0,-0.31341216
91.78,94.90422,0.0,-0.14167354
78.2,83.55209,0.0,0.15668298
79.11,71.86775,0.0,-0.2235586
75.96,72.89923,0.0,-0.5415891
68.36,74.75638,0.0,0.21426956
62.14,68.78739,0.0,0.104552366
62.03,65.57819,0.0,-0.03229359
70.17,72.892876,0.0,-0.03229359
102.59,91.88478,0.0,0.4589089
109.9,140.15361,3.44475,14.984936
118.2,122.84143,27.697000000000003,43.530354
90.0,108.65957,89.66875,71.0083
63.4,77.84291,147.5845,150.20512
3.86,47.405308,139.04825,189.8845
-0.19,1.0884634,164.1635,167.40741
-0.07,-4.1740456,165.08775,187.25314
-0.74,5.234935,167.58525,178.48799
-0.01,12.008012,199.8215,143.52846
3.0,27.237083,120.885,152.6758
68.0,46.765476,97.7775,84.92373
109.37,97.52767,37.84975,54.803646
125.76,151.60464,8.0185,9.252882
121.75,132.81992,0.0,0.18703271
103.19,106.22964,0.0,-0.5415891
81.2,91.55788,0.0,-0.64073586
59.98,70.27746,0.0,-0.16573392
24.2,56.419357,0.0,-0.1187525
25.24,25.102121,0.0,-0.066664495
15.19,28.179293,0.0,0.93443584
11.13,20.997929,0.0,0.9067976
22.0,20.804792,0.0,0.19677262
41.82,31.15477,0.0,0.9067976
79.88,66.056625,0.006,0.7188296
90.3,100.00887,10.76825,10.691332
93.28,99.2198,67.545,44.66472
44.42,80.28758,157.80425,121.67095
-0.01,33.016468,50.776250000000005,212.48842
-2.0,-7.193934,31.11775,94.27802
-4.79,-13.795333,38.626,76.82734
-8.27,-14.648884,39.18275,70.46693
-6.19,-8.764275,17.55025,72.31975
-4.0,1.7341357,25.32725,42.414246
-0.01,12.919844,39.04775,39.933807
51.63,30.984777,148.6325,47.01695
99.48,80.26054,54.1055,74.407745
140.78,123.23637,5.2940000000000005,14.000432
139.45,133.75969,0.0,0.14372809
102.99,115.65303,0.0,-0.35961583
94.85,92.43526,0.0,-0.35961583
86.16,83.31943,0.0,-0.046844948
75.06,75.93467,0.0,-0.32438043
64.06,65.75347,0.0,-0.33767608
64.24,59.51833,0.0,0.56998634
63.86,58.547825,0.0,0.3336185
60.83,59.201897,0.0,0.3336185
63.68,57.930443,0.0,0.3336185
65.04,69.40132,0.0,0.39175257
64.87,70.9251,5.6754999999999995,14.664082
63.79,63.228615,36.858,42.585854
47.95,49.7877,98.553,90.24002
13.67,26.45454,130.61725,159.60735
2.37,3.9632566,170.268,171.26251
0.0,-4.826805,230.29625,192.49094
-0.01,-7.114195,205.806,228.62172
-0.01,-1.9026663,257.0935,170.87027
-0.01,10.131733,206.79675,213.85793
2.33,20.995453,61.8515,165.60074
65.35,38.453526,25.428,58.05628
97.51,85.194756,30.733,20.339832
107.79,121.09147,1.9355,8.872583
111.99,113.53037,0.0,-0.013016685
103.28,98.49994,0.0,-0.39006653
90.16,90.50295,0.0,-0.39006653
81.84,78.9611,0.0,-0.046844948
81.49,75.39078,0.0,-0.046844948
68.65,70.52186,0.0,-0.09185561
74.82,66.08991,0.0,0.3541809
79.73,70.142365,0.0,0.93072677
86.29,75.64973,0.0,0.73613197
85.5,83.824066,0.0,0.9298068
92.0,87.277245,0.0,1.2020407
96.89,91.27439,9.0525,13.173032
99.03,87.84791,63.072,44.915
76.13,78.77328,153.40775,123.266304
54.05,55.17566,234.67325,211.29721
17.53,34.570415,293.23325,266.4446
6.51,3.6396894,268.8755,288.0242
0.0,-4.0730257,237.74325,268.8301
-0.01,-2.7709956,279.9515,243.51212
0.0,7.963134,186.38375,251.03
17.43,22.810093,188.57775,142.09984
88.41,45.95559,103.09825,135.20287
115.89,107.03165,36.38,45.726707
134.25,124.102745,6.67925,9.278843
104.05,117.040184,0.0,-0.12656152
85.29,92.07845,0.0,-0.44057956
68.42,76.554146,0.0,-0.5947977
14.27,63.329487,0.0,-0.83577275
15.62,25.195583,0.0,-0.67524487
1.63,21.619343,0.0,-0.91621995
-0.81,15.3767805,0.0,-0.097924456
-1.5,5.017721,0.0,-0.2515786
-2.04,5.228768,0.0,-0.15541618
-0.99,1.6608315,0.0,-0.34246495
19.69,25.465204,0.0,0.48976338
50.0,41.661007,8.7895,12.262774
38.75,63.123432,53.712,35.39751
0.9,33.954567,108.43425,110.92232
-0.29,1.6916033,23.99475,177.27466
-2.44,-6.0226874,26.79825,47.513412
-6.0,-12.9925995,25.836,38.765327
-10.65,-13.4410925,27.512,58.98678
-6.0,-10.730444,25.494999999999997,56.610607
-6.9,0.12948231,26.59425,33.37942
-3.02,10.278841,22.63875,36.37519
0.97,20.377481,110.88675,40.12061
15.0,47.435123,48.83075,47.709816
55.45,63.6386,6.09275,10.461728
50.0,66.04749,0.0,-0.57744116
5.48,45.162678,0.0,-0.53441924
2.91,12.6207075,0.0,-1.0905957
0.06,9.776654,0.0,-0.5025637
-0.01,1.0347887,0.0,-0.39648068
-0.09,4.656386,0.0,-0.72118306
-0.23,3.1382852,0.0,-0.03229359
-1.05,2.4285164,0.0,0.633328
-1.33,3.2716255,0.0,0.048153456
-0.01,12.236731,0.0,0.048153456
2.33,32.904488,0.0,-0.03229359
18.78,48.724815,2.04575,2.8227518
24.0,45.581047,33.01475,26.051683
10.0,28.617332,87.60075,68.15408
-0.01,10.649956,35.00775,109.214554
-1.2,-2.597765,23.4815,70.89664
-2.04,-3.3572943,23.963749999999997,55.09631
-2.03,-6.0633516,10.70925,31.073395
-0.01,-0.066744015,13.15125,20.650167
-1.5,11.913603,7.9795,31.324242
-1.49,19.654,11.8655,15.653716
6.47,33.21001,72.99074999999999,19.532457
74.03,52.34503,51.709,35.37201
121.21,113.598274,3.5149999999999997,10.117672
120.79,122.20422,0.0,0.20873584
98.78,108.52308,0.0,-0.1983675
90.1,86.12066,0.0,-0.14167354
92.06,78.18425,0.0,-0.5415891
74.78,80.17105,0.0,-0.1654036
66.86,64.72125,0.0,-0.16293108
52.14,65.53287,0.0,0.8607426
53.0,49.85647,0.0,0.90924495
69.4,54.684013,0.0,0.44333568
81.26,75.4191,0.0,0.4678935
97.8,100.45176,0.0,0.3336185
118.75,124.28736,5.4392499999999995,7.6725993
112.96,129.0762,36.729,29.255825
99.88,103.597275,55.28925,72.362015
94.9,87.54239,97.9505,87.23631
100.0,82.577065,144.602,107.30033
71.0,88.32786,174.8,138.66855
40.1,64.059715,133.98174999999998,167.12465
25.0,42.5371,103.8525,101.16603
59.3,34.67432,84.062,66.44959
71.4,67.40883,44.73525,43.705383
101.71,87.69159,27.8405,34.736095
117.75,118.0189,11.1215,20.069069
116.21,139.99641,0.60175,1.1270814
110.79,115.467834,0.0,-0.5415891
90.82,96.17308,0.0,-0.72118306
86.5,80.27085,0.0,-0.6958073
71.43,78.99171,0.0,-0.72118306
49.69,64.85194,0.0,-0.72118306
45.19,39.7723,0.0,-0.78681374
36.88,44.461304,0.0,-0.097924456
34.77,32.90298,0.0,-0.097924456
43.68,34.719643,0.0,-0.097924456
67.41,53.434532,0.0,-0.097924456
96.15,84.01365,0.0,0.038921684
115.13,114.51051,0.817,1.3864958
110.46,125.180954,9.49525,24.159672
89.49,104.95419,22.8525,35.30346
63.86,85.12458,60.15125,41.840843
5.88,58.276905,77.79875,70.3308
0.2,6.495925,85.94625,89.08266
0.0,-0.775107,74.40725,86.858086
0.0,3.5501428,85.0475,74.55787
0.52,13.845176,71.81875,77.546104
15.04,31.998888,35.182,64.107605
80.84,49.216255,19.01725,29.795374
111.12,102.88398,10.913,8.46949
125.76,128.87413,1.1869999999999998,0.67483205
127.6,114.609474,0.0,-0.8851757
110.0,104.4573,0.0,-0.44046757
98.36,95.97359,0.0,-0.7608741
88.2,83.548004,0.0,-0.78681374
74.09,73.77428,0.0,-0.63478994
74.9,61.185337,0.0,-0.22712365
80.0,70.051155,0.0,0.4469952
77.97,74.2596,0.0,0.9129046
78.93,72.866165,0.0,0.375519
93.39,82.37454,0.0,0.21426956
119.99,106.088425,0.0,0.21426956
149.43,129.44316,3.124,5.4228754
120.77,142.20982,32.35125,25.337612
106.96,104.45395,97.844,78.59611
51.61,87.14558,183.30225,142.87862
13.02,35.54921,259.35524999999996,213.59442
0.99,8.83167,308.14175,257.57602
0.0,2.1331508,324.308,292.2849
0.0,4.791172,311.856,297.0965
11.97,14.533446,262.1055,272.09976
68.86,36.8136,199.173,214.63188
113.37,91.20533,131.3585,141.38814
230.3,135.05327,45.653,60.001255
373.71,227.99406,4.76575,8.233199
163.36,295.54413,0.0,-0.5931218
110.05,127.604324,0.0,-0.76404995
85.6,97.622475,0.0,-0.73788923
79.02,77.72142,0.0,-0.31200615
77.91,71.83034,0.0,-0.6593479
77.91,69.30513,0.0,-0.6593479
74.99,73.285286,0.0,-0.11473275
74.8,70.85781,0.0,0.63973933
74.79,68.222534,0.0,0.61454827
80.21,72.90003,0.0,0.038921684
88.51,85.93868,0.0,0.038921684
86.97,99.82006,3.22425,1.9068937
75.29,92.06478,31.76425,26.418976
24.94,69.71214,66.25,63.43352
2.98,12.12823,133.904,114.789
2.0,-5.085795,228.4245,182.26411
-1.49,-3.328699,237.11975,243.8306
-0.05,-11.978341,156.42375,234.24805
-1.49,-1.8751655,40.411,132.42506
3.0,6.305359,23.302,28.702274
50.36,27.702204,23.14775,22.652903
81.44,73.37239,46.972,25.349985
113.91,126.02137,19.74875,23.08766
125.74,177.09454,1.98175,1.4548724
94.32,124.40507,0.0,-0.6397694
79.79,88.19537,0.0,-0.3056651
70.06,70.88686,0.0,-0.61335486
43.66,62.185066,0.0,-0.63873065
8.42,40.20861,0.0,-1.0451701
3.81,15.140202,0.0,-0.8746552
3.49,12.6333885,0.0,-0.09417041
1.7,12.371626,0.0,-0.17794181
2.11,11.422562,0.0,0.39785156
3.42,16.117426,0.0,-0.27173385
4.41,20.10678,0.0,-0.22733042
5.23,20.414648,6.3725,4.24438
3.25,17.980598,19.0535,28.613058
1.86,4.874132,62.07075,49.20618
0.0,-2.1321416,113.50775,107.97698
-0.01,-10.034466,140.07524999999998,147.83919
-0.01,-10.763984,160.10375,155.42744
2.27,-8.236394,129.8225,177.85281
5.98,7.7835712,121.683,105.290016
0.89,18.663704,99.58025,98.98451
9.49,30.563347,90.662,68.03251
90.09,45.84217,74.36025,63.876343
110.0,113.68771,50.2375,29.248283
116.09,133.72131,7.54075,9.109864
115.99,109.18554,0.0,-0.19428608
101.81,96.38389,0.0,0.027893875
90.28,87.54486,0.0,0.30264527
87.26,74.88363,0.0,0.24595135
86.0,73.711,0.0,0.10128803
79.16,76.105125,0.0,0.25173128
72.65,75.93757,0.0,1.2384067
71.5,69.53282,0.0,1.2384067
73.53,68.56064,0.0,1.2078207
81.97,76.073524,0.0,0.96169806
105.46,91.84901,0.0,0.46481797
130.0,114.98306,4.0645,7.1530237
130.0,129.54782,32.29,32.674274
99.57,113.80115,90.869,91.15095
78.45,82.6711,178.8655,156.06241
67.65,63.32209,238.2835,216.6507
64.07,54.03018,232.83175,249.47795
50.3,53.99156,263.88475,236.04678
61.68,46.55171,224.94675,249.56879
68.25,66.358826,207.52325,197.03992
72.93,76.91094,135.37225,153.83624
88.12,90.11177,105.2805,94.019554
119.45,109.37364,31.952,53.449127
158.42,134.24568,2.97875,6.2739043
134.43,138.82721,0.0,0.38007784
111.83,113.44729,0.0,0.24595135
104.64,97.20097,0.0,0.22076023
93.62,91.91898,0.0,0.24595135
90.41,84.87954,0.0,0.03459379
90.0,83.34999,0.0,-0.22563079
91.35,87.34741,0.0,1.2384067
91.39,88.918495,0.0,1.2384067
91.55,89.96869,0.0,1.2384067
94.76,96.823746,0.0,1.2132154
127.54,109.78178,0.0,0.90855616
172.36,140.94492,4.4325,3.1196213
170.33,169.73032,45.7185,35.50285
131.0,142.92087,115.67275,99.33924
102.35,103.5041,212.29775,169.91876
77.08,84.3251,255.49275,245.54555
69.21,62.38244,220.83975,261.5335
64.85,58.723526,205.9335,248.5214
64.9,59.77904,187.824,205.64873
74.54,67.83563,176.0685,189.64804
85.76,80.778595,138.72125,147.58095
102.9,99.753845,104.67725,92.701004
136.83,122.173294,32.2615,46.634907
156.69,151.22513,1.9355,3.3293254
117.4,142.32703,0.0,-0.17854716
96.97,104.282684,0.0,-0.046844948
83.59,88.07057,0.0,0.009849039
82.74,77.1595,0.0,-0.046844948
82.08,74.376175,0.0,-0.15663677
80.32,73.863075,0.0,-0.26705807
80.1,77.02963,0.0,0.95591795
80.1,77.3929,0.0,0.48937577
77.68,80.391426,0.0,0.93650687
74.99,83.26368,0.0,0.9670929
93.74,99.25951,0.0,0.47599286
109.13,121.48984,4.16475,4.4774866
120.45,126.35977,49.70275,39.175415
100.75,111.062675,138.00375,114.30784
76.27,87.99952,221.0065,200.80318
63.02,64.720726,281.41325,258.02548
17.64,49.118355,301.0635,276.37875
0.0,11.992263,331.06575,300.54974
-0.01,2.3610919,322.0385,302.10403
11.87,11.352419,277.37725,280.76016
58.03,39.2142,209.1455,213.81206
85.18,83.55786,120.6335,138.03314
110.0,114.43355,36.70625,37.227978
114.09,130.88492,1.26725,2.7414026
116.91,109.18359,0.0,-0.25157207
91.82,100.28299,0.0,-0.39006653
85.65,83.15012,0.0,-0.28854045
69.77,77.10318,0.0,-0.39006653
72.8,62.701435,0.0,-0.2639824
67.88,65.47047,0.0,-0.24250014
70.41,66.78195,0.0,0.21825491
73.19,69.66739,0.0,0.21825491
74.76,70.57399,0.0,0.21825491
75.58,77.84589,0.0,0.21825491
97.95,92.29583,0.0,0.36088094
111.25,114.57506,3.68825,1.0342667
124.88,120.700165,48.24125,22.706968
104.02,107.65002,119.4485,95.29065
76.63,84.25648,215.7615,172.17387
10.0,60.677456,265.73675000000003,244.09207
-2.04,6.6201477,323.5395,261.04083
10.0,-12.312187,345.04724999999996,306.41916
15.42,15.905542,322.84825,310.49704
40.96,26.599976,223.06875,273.5091
68.07,55.946064,169.379,159.07367
84.83,89.00466,95.13375,103.69169
114.05,109.19728,32.20125,35.156723
120.93,129.596,1.41775,2.7305512
124.28,115.500244,0.0,0.084711134
107.12,107.7139,0.0,-0.39006653
97.51,94.49518,0.0,-0.39006653
81.09,83.085,0.0,-0.5696603
78.48,73.26421,0.0,-0.39006653
74.58,69.27672,0.0,-0.39006653
73.18,71.44947,0.0,0.3336185
73.18,72.25494,0.0,0.3336185
74.15,74.727936,0.0,0.46481797
80.52,79.72026,0.0,0.73613197
102.01,98.76212,0.0,0.93072677
117.1,126.25823,1.33625,3.8756807
123.56,128.72209,21.87225,33.0301
111.45,110.609146,56.4545,75.89945
89.9,89.15851,128.091,113.08484
85.28,69.41076,189.8675,186.68045
79.25,68.505455,193.642,237.85703
73.59,65.70674,218.4615,237.17068
74.71,66.40564,279.21725,220.75475
84.13,75.76555,250.3505,239.28937
93.84,89.52286,189.17725,188.41844
103.62,112.46746,96.74775,127.67844
120.56,138.26793,25.22675,43.825764
132.79,148.77745,1.39825,3.512643
119.61,129.68242,0.0,-0.063460514
106.21,105.023315,0.0,-0.097270206
96.9,95.01468,0.0,-0.33833167
89.9,88.18063,0.0,0.15798205
84.8,80.77114,0.0,-0.097270206
83.26,76.72319,0.0,0.0042559113
80.0,80.07586,0.0,0.48175162
80.0,76.653625,0.0,0.44517508
78.11,77.250854,0.0,0.6264148
81.62,78.64768,0.0,0.6264148
88.01,87.921585,0.0,0.6264148
100.99,95.40351,1.23475,1.8805573
106.54,108.06191,15.05575,18.535463
94.44,100.88564,47.4655,47.047195
87.05,80.54013,105.8785,90.81358
65.67,69.572464,121.75075,153.12769
52.59,49.620247,114.44975,152.33917
32.4,43.07264,99.478,125.0975
42.26,29.429445,108.506,114.318924
67.1,52.087757,93.73875,121.28032
79.28,77.958885,66.34975,85.01441
102.8,99.62139,59.458,57.394104
130.0,123.04476,25.07,20.717901
145.92,146.80836,0.6845,2.7693715
119.15,125.85435,0.0,0.15105167
109.74,104.08982,0.0,0.062340304
104.64,95.52451,0.0,0.0042559113
96.52,89.140236,0.0,0.031331345
91.67,84.52554,0.0,-0.02536263
89.29,81.11772,0.0,0.25173128
89.62,83.27689,0.0,1.233012
91.47,83.460365,0.0,0.96169806
90.6,87.0761,0.0,1.0571668
92.28,88.49309,0.0,1.2384067
100.91,93.24325,0.0,1.0252478
99.48,105.35375,1.6335000000000002,2.6451423
93.93,101.27269,28.475,19.676197
89.9,84.5874,86.10575,81.40071
74.12,72.20976,180.69225,156.48691
36.15,55.004864,256.9075,220.62982
17.11,19.227777,258.80225,259.68338
8.53,7.763344,267.327,262.7602
13.0,7.0153866,263.29025,246.79837
54.04,27.852285,182.01375,235.71648
75.68,67.900856,144.07775,142.79233
94.66,97.08641,69.76525,86.57802
128.07,123.00511,21.7415,31.992126
139.0,141.57448,0.33975,3.1578016
125.93,119.46459,0.0,-0.37160626
113.51,108.706436,0.0,-0.3392516
98.17,100.36856,0.0,-0.097270206
89.79,87.328606,0.0,-0.097270206
84.93,82.218025,0.0,-0.15242599
82.33,79.01887,0.0,-0.3685842
80.96,83.55631,0.0,0.63219464
80.65,79.89063,0.0,1.2020407
82.78,81.72335,0.0,1.227232
92.0,92.439514,0.0,1.2384067
117.89,111.42623,0.0,1.2384067
193.51,141.95811,1.46325,2.653312
160.43,193.46498,30.07475,27.869326
121.08,141.17564,75.35775000000001,89.7585
86.18,106.6254,125.28675,147.84544
78.84,72.562065,223.9805,188.0597
73.26,66.03218,254.01375,255.31192
70.75,63.37001,248.14025,269.5952
74.57,66.55749,235.06975,245.02353
79.23,79.94869,181.26525,207.69872
88.0,89.460724,130.4345,146.55795
125.0,106.4519,77.63625,87.0235
263.0,152.92998,19.20725,22.693115
353.65,260.2645,0.197,1.6346066
164.24,282.67578,0.0,-0.16278547
117.61,137.07663,0.0,-0.1187525
103.8,104.66073,0.0,-0.097270206
92.74,93.92907,0.0,-0.097270206
95.37,85.318756,0.0,-0.097270206
91.36,88.2224,0.0,-0.09149031
92.57,92.13353,0.0,0.50624526
87.18,91.97916,0.0,1.0140731
89.01,87.80011,0.0,0.63219464
96.6,97.561424,0.0,0.6264148
127.38,120.483795,0.0,0.73613197
216.06,161.8213,0.65425,1.6497474
192.51,215.76074,14.30675,30.142889
135.82,166.84775,60.2385,52.27683
107.44,112.747986,131.641,104.811615
87.57,88.454185,205.38125,174.39346
79.22,73.42915,229.895,236.6874
77.13,69.79452,243.84725,249.95671
76.15,73.407936,213.22975,232.5566
86.0,81.09659,172.30125,188.75694
92.4,95.60667,127.5415,140.27388
124.02,116.17084,62.6755,86.97236
254.96,176.10489,16.93325,20.85224
312.0,292.30276,0.62275,0.7964639
139.56,250.68848,0.0,-0.33142215
110.0,115.736595,0.0,0.19927791
98.0,98.290245,0.0,0.24595135
90.0,90.57596,0.0,0.25173128
89.82,85.89851,0.0,0.2571261
84.93,84.9773,0.0,0.2571261
79.31,88.22459,0.0,0.9009837
79.53,81.12198,0.0,0.5664188
81.17,82.24405,0.0,1.0225728
85.35,88.172195,0.0,1.0225728
115.8,110.306885,0.0,1.1672359
164.38,152.7552,1.793,1.8497145
138.42,179.97037,35.05875,27.980207
104.36,126.43316,119.4175,88.76728
83.48,89.71379,206.37775,178.8903
66.34,70.434814,276.5055,242.0253
58.6,54.22591,208.0645,267.63
59.27,49.874275,150.9075,217.07455
62.82,55.713688,140.16625,158.39355
72.59,70.63898,230.32825,139.59703
85.0,82.80915,188.674,181.68428
128.1,108.05916,86.96375,128.21353
250.13,177.14436,14.56475,32.73418
339.99,273.19717,0.1385,-0.099241816
150.0,267.31262,0.0,-0.39432725
106.77,124.41704,0.0,-0.28390595
97.2,95.85599,0.0,-0.13577284
88.88,86.82118,0.0,-0.10153094
87.46,82.50335,0.0,-0.021964245
84.82,79.8478,0.0,0.19685851
81.35,84.62239,0.0,0.42175576
79.58,80.229546,0.0,1.1420448
82.94,82.1428,0.0,1.1420448
91.38,89.32033,0.0,1.1420448
116.76,111.96838,0.0,0.960805
149.68,140.58391,3.1165000000000003,2.3628654
132.21,153.16548,43.23525,35.52917
99.56,117.88671,103.7475,90.68875
88.24,84.01913,153.57774999999998,167.06917
79.27,71.819664,182.5575,196.23781
64.84,65.22378,157.45,199.45918
56.1,52.619717,114.8465,181.33476
63.24,54.750896,253.81475,115.44165
71.5,69.58365,174.0515,206.8557
82.8,79.03706,169.305,136.87267
106.82,109.51017,84.98375,105.86114
155.49,158.02353,15.22075,25.291931
164.4,210.92291,0.038,-0.39847857
105.02,150.60341,0.0,-0.3549814
84.67,94.29869,0.0,-0.38845417
87.94,76.90218,0.0,-0.39432725
72.32,80.26354,0.0,-0.49585333
75.67,66.23475,0.0,-0.49585333
68.64,69.09683,0.0,-0.65007144
62.4,70.11164,0.0,0.26244774
65.8,63.332474,0.0,0.2839301
67.64,69.6892,0.0,0.2839301
67.66,75.02323,0.0,0.2839301
84.85,87.68598,0.0,0.2839301
96.8,109.38311,0.087,1.0051638
103.86,116.76794,7.59675,26.011843
103.99,102.60346,30.9125,37.762787
99.9,94.72096,76.5635,56.98493
85.0,88.4819,139.17825,103.59938
78.31,75.71849,108.62925,149.27124
71.1,71.96868,117.883,108.415596
49.87,68.257,78.35075,96.51957
52.6,55.37889,68.60375,62.922577
63.08,68.3475,48.6035,53.656113
84.9,82.56507,20.6095,31.856592
110.0,107.841576,3.348,12.961746
99.8,132.167,0.0,-0.33757302
70.23,95.60825,0.0,-0.6539649
41.44,66.524956,0.0,-0.6539649
23.18,42.79013,0.0,-0.6539649
9.76,24.335276,0.0,-0.6539649
-0.22,14.844866,0.0,-0.9166254
-2.79,4.901687,0.0,-0.6539649
-3.95,-9.807943,0.0,-0.07905805
-4.37,-10.186296,0.0,-0.061447088
-4.04,-8.988136,0.0,-0.21006611
-4.23,-2.056326,0.0,-0.1478677
-3.84,0.13478252,0.0,-0.3480049
-2.22,5.6734233,0.0,0.092474274
-0.8,8.381376,0.27475,9.206978
1.98,9.678882,6.2945,24.57949
1.18,15.639774,32.73675,34.525063
-0.04,7.5261736,26.028,52.027615
-0.07,-5.4413395,38.90475,57.008465
-0.39,-6.755021,35.781,69.709435
-4.14,-2.5691993,25.54225,65.976906
-4.61,2.1617353,25.9205,40.016827
-2.24,17.951702,14.486,30.223352
-0.04,20.090836,17.65025,15.161791
1.21,34.52863,9.406,8.574017
5.81,34.881203,0.007,-0.25949967
1.83,17.893806,0.0,-0.6539649
-0.01,13.890031,0.0,-0.6754472
-0.01,2.2630255,0.0,-0.285089
-0.52,3.7229874,0.0,-0.70248973
-0.66,-0.24807376,0.0,-1.0118015
-1.38,0.75344825,0.0,-0.76790774
-4.06,-0.50837594,0.0,0.39027998
-4.08,-9.472001,0.0,-0.14880724
-4.84,-11.452458,0.0,-0.21539026
-4.05,-4.024981,0.0,-0.06943512
-3.75,2.4175394,0.0,-0.06943512
-1.5,3.7224865,0.18475,0.17090698
-0.09,9.107633,3.08175,9.241524
-1.34,2.1493917,18.53775,22.058458
-3.68,-2.4637494,20.0025,45.233635
-2.02,-9.037875,19.36175,41.27336
-3.49,-13.737335,17.32225,38.741737
-3.23,-10.364974,25.9445,28.16297
-2.85,-5.9535503,15.2335,38.325623
-2.4,1.939737,17.9215,19.91266
-0.69,14.434565,20.5675,28.994902
2.14,26.708103,24.8225,18.465172
17.04,43.787045,7.774749999999999,10.124683
40.0,49.191093,0.0085,-0.23010017
49.99,47.702934,0.0,-0.17708011
47.76,47.298065,0.0,-0.0419953
39.9,42.44881,0.0,-0.3728449
27.38,40.117165,0.0,-0.074455515
21.0,26.825325,0.0,-0.4685909
10.94,21.810402,0.0,-0.47437087
9.68,22.374252,0.0,0.5610239
11.0,17.246391,0.0,0.54485565
16.69,23.211674,0.0,0.41058084
22.52,31.217693,0.0,0.3890985
69.68,48.73535,0.0,0.2839301
107.19,98.43537,0.08725,0.6294404
122.44,132.29181,5.7597499999999995,9.25271
119.65,122.122246,14.02675,31.498188
97.26,109.80764,31.579,38.5822
84.72,92.55698,57.63425,52.21814
82.83,78.284546,67.8775,59.86595
84.0,76.51797,63.99025,58.9963
85.0,82.80173,58.305,46.29945
85.62,93.05863,50.404250000000005,38.41386
95.6,95.012314,49.31875,35.46571
112.62,116.91123,23.748,26.597569
135.74,145.94942,4.8892500000000005,10.063659
164.59,166.6346,0.002,-0.102725916
133.98,150.55447,0.0,-0.2685722
118.6,116.5626,0.0,-0.2685722
116.04,101.623436,0.0,-0.2685722
104.1,99.305824,0.0,-0.2685722
98.04,92.225204,0.0,-0.2711904
92.93,85.2074,0.0,-0.2711904
87.13,87.22704,0.0,0.48711073
86.98,82.48447,0.0,0.31540492
89.07,83.53466,0.0,0.48711073
94.77,91.860306,0.0,0.48711073
121.38,115.11887,0.0,0.2404794
204.83,146.28386,0.11825,0.679605
257.83,201.93672,19.1865,7.9697614
200.0,223.7474,52.03775,38.028484
148.62,169.20563,110.722,77.19055
117.09,119.280975,181.31175,135.90636
101.07,102.63151,204.135,188.2595
95.52,91.48794,186.46025,198.1854
94.14,94.0661,93.56875,156.7202
101.4,102.48268,35.464999999999996,74.99129
110.42,110.55871,32.721000000000004,33.203037
142.1,129.71361,32.668,19.659245
194.56,172.61995,5.663,9.156623
207.56,211.05908,0.0,-0.40108237
146.25,178.1311,0.0,-0.34901923
123.24,122.37092,0.0,-0.34901923
107.42,108.3813,0.0,-0.34901923
97.48,96.033585,0.0,-0.5573018
93.45,88.48002,0.0,-0.5573018
88.44,85.430626,0.0,-0.5669289
87.56,89.843094,0.0,0.41218513
86.01,87.93209,0.0,0.113828585
87.23,88.07695,0.0,0.48711073
93.92,94.38313,0.0,0.48711073
114.14,115.36255,0.0,0.48711073
152.56,154.17963,0.027,0.77410376
166.4,184.71599,11.93575,20.704998
136.13,161.40079,42.192,37.481583
116.18,124.46619,79.66575,72.433075
100.3,106.32967,73.08825,107.67082
88.51,88.584305,110.54475,104.49501
86.78,79.541824,87.305,129.48985
87.23,87.034645,81.0915,94.93978
94.32,96.48655,62.84525,55.73574
109.52,108.33933,41.387,45.128666
141.63,135.97763,33.08975,29.562689
177.12,180.93121,7.0955,7.6493754
194.64,209.8531,0.0,0.17431852
141.45,169.92497,0.0,-0.2229352
113.56,121.99236,0.0,-0.24749312
106.2,101.74586,0.0,0.05089605
96.74,95.40429,0.0,-0.5669289
96.4,88.79616,0.0,-0.4768544
90.64,87.714066,0.0,-0.2711904
90.97,90.647766,0.0,0.3890985
87.03,93.2928,0.0,1.1308701
87.36,88.70388,0.0,0.31418273
96.0,95.15468,0.0,0.31418273
119.68,116.3658,0.0,0.5552439
141.43,144.17274,0.04225,0.8103368
147.56,160.15848,10.42525,18.440739
129.15,135.19337,38.52125,50.38897
106.17,109.4301,77.3165,92.20016
94.79,94.18652,125.08175,136.88774
88.44,83.072464,160.5035,146.38292
77.41,79.956985,159.79525,178.17612
77.31,75.71299,82.576,159.6532
87.15,84.34639,112.146,90.484795
87.93,101.08007,54.96275,89.83565
103.62,113.02893,28.621249999999996,39.411083
119.61,136.23659,3.74825,10.097247
123.54,153.33217,0.0,0.021506634
112.63,116.42556,0.0,-0.647376
97.99,101.72612,0.0,-0.44027802
96.75,89.21925,0.0,-0.2685722
93.06,87.799614,0.0,-0.2685722
90.0,84.48395,0.0,-0.2685722
84.99,81.3889,0.0,-0.2685722
80.09,85.724434,0.0,0.1887541
77.93,79.2095,0.0,0.31540492
77.58,78.66489,0.0,0.48711073
85.02,82.85045,0.0,0.6680366
98.92,103.90249,0.0,0.64347875
115.94,121.944435,0.12925,0.72625613
122.44,131.29707,21.340249999999997,10.074245
107.29,118.5481,81.321,57.544403
92.01,97.07217,140.6165,129.67656
82.33,82.13018,123.91575,162.68398
77.07,72.6617,105.99675,151.68707
73.2,66.64379,191.355,125.238815
87.12,69.877846,182.07725,178.96346
82.14,92.25837,142.24225,157.61644
89.9,91.65024,94.60225,90.068184
112.63,108.35856,42.58675,33.658997
117.22,127.524506,8.4565,6.2610216
122.26,127.08275,0.0,-0.102725916
115.15,109.1303,0.0,-0.647376
102.37,97.75096,0.0,-0.647376
96.94,90.41624,0.0,-0.5573018
93.47,86.727264,0.0,-0.647376
100.6,84.235085,0.0,-0.34901923
89.9,90.11558,0.0,-0.34901923
88.85,83.72857,0.0,0.3317381
82.02,83.72857,0.0,0.41218513
82.64,77.241684,0.0,0.17112374
83.32,80.579895,0.0,0.41218513
90.26,86.50072,0.0,0.41218513
96.75,99.26251,0.11,0.60467947
101.5,104.34363,9.483,9.759339
116.3,97.412094,21.453,32.277985
106.6,102.28962,38.24325,47.7261
89.22,91.28742,45.327,60.851254
85.52,75.93545,59.5775,64.6572
62.6,75.9113,58.798,58.117447
77.3,60.26341,61.1695,45.88967
81.8,82.011284,44.94025,50.891884
96.0,90.6424,40.055,33.49755
105.64,112.81133,23.43175,22.905153
120.92,116.89171,2.589,6.9148808
127.19,126.474434,0.0,-0.2937274
118.9,111.310165,0.0,-0.5900809
109.0,102.837494,0.0,-0.5096337
103.98,92.92811,0.0,-0.2685722
94.82,91.22493,0.0,-0.2685722
95.56,87.64844,0.0,-0.2685722
92.94,84.447945,0.0,-0.2711904
85.78,88.38766,0.0,0.507673
80.45,82.1248,0.0,0.2610418
82.21,76.535515,0.0,0.31326273
82.0,80.579895,0.0,0.554324
86.08,83.175354,0.0,0.554324
87.81,89.10689,0.0,0.7468184
88.09,91.85251,3.225,4.8025374
93.79,91.65131,43.61075,19.401089
94.9,87.12517,70.55199999999999,61.38009
77.87,83.98518,70.518,81.620476
71.9,64.51692,91.59675,77.175446
59.65,57.6563,99.201,80.96388
70.3,54.265076,74.28225,91.32363
81.03,77.837845,75.9605,40.722046
88.0,91.4222,56.06075,38.946865
93.94,103.97822,25.60025,22.618908
105.22,110.06327,4.11325,4.091986
116.3,117.56089,0.0,-0.25386915
115.32,107.25902,0.0,-0.5001628
109.21,102.84124,0.0,-0.6268136
103.84,94.38774,0.0,-0.6268136
91.31,90.796646,0.0,-0.6268136
89.58,82.379616,0.0,-0.6268136
85.82,80.810776,0.0,-0.54636663
85.57,85.96489,0.0,0.113828585
78.91,86.38101,0.0,0.20390294
81.51,80.82856,0.0,0.41218513
88.51,87.644264,0.0,0.48711073
117.0,103.968575,0.0,0.41218513
146.6,131.41249,0.0,0.679605
176.95,155.1614,8.12825,2.0567262
146.2,165.69626,35.58275,33.217316
121.43,133.06096,73.37825000000001,78.64568
106.42,108.60289,115.35575,112.848564
92.52,99.67136,150.008,120.53666
85.37,86.66411,175.38275,161.43323
84.99,86.75383,166.9475,167.04437
92.44,96.02284,149.4805,138.61246
106.22,105.14261,97.5155,103.48731
165.8,129.38716,43.57,44.56812
275.41,176.71988,6.894,5.622789
279.55,263.71362,0.0,-0.07710345
174.42,226.33781,0.0,0.093491085
130.46,147.51065,0.0,-0.09845534
117.0,116.2208,0.0,-0.24311866
106.43,104.65176,0.0,-0.09845534
107.15,98.562035,0.0,-0.10153094
100.47,97.40136,0.0,0.008890495
96.56,99.56137,0.0,0.5337617
94.45,93.68292,0.0,0.5337617
94.62,95.66671,0.0,0.5337617
96.2,102.57153,0.0,0.5337617
114.17,117.80431,0.0,0.5337617
153.33,148.54741,0.0,0.5815928
183.5,180.93193,6.71125,10.578515
149.8,176.85678,40.86,33.677692
130.11,135.9647,92.6795,70.265144
114.63,117.82074,132.1,128.12215
102.67,104.15645,164.3035,132.20847
97.18,98.15263,139.5685,154.67986
98.1,96.07786,114.6335,116.459496
112.42,104.96247,110.01725,96.653656
131.51,120.96257,61.773,72.824905
186.63,155.80006,25.60825,41.270077
329.02,224.95003,1.98925,3.4737813
371.73,335.53735,0.0,-0.42156264
209.74,297.4607,0.0,-0.26490715
154.27,172.76805,0.0,-0.44289616
128.13,128.5322,0.0,-0.22453928
113.49,109.70345,0.0,-0.2711904
110.0,100.74108,0.0,-0.22453928
104.89,99.0028,0.0,-0.22453928
101.04,101.805664,0.0,0.5337617
96.42,101.140724,0.0,0.5337617
97.72,97.31702,0.0,0.5337617
104.9,104.22961,0.0,0.5337617
116.41,120.29306,0.0,0.5337617
160.26,141.20274,0.0,0.72625613
243.24,178.64783,2.8432500000000003,6.813222
172.15,218.67688,21.3525,30.142063
137.97,153.6496,61.8415,58.36571
119.15,119.75757,92.045,91.881775
111.66,105.578026,106.3765,104.84667
104.45,99.36428,99.66025,119.288826
103.06,100.94654,72.8875,105.91729
111.34,112.19566,59.65575,73.3408
124.84,126.57198,46.958,43.99741
159.0,160.49103,18.89375,24.312897
207.8,213.92964,2.0185,2.3034678
210.83,258.77963,0.0,-0.42418066
148.52,197.33354,0.0,-0.22453928
119.9,130.54807,0.0,-0.123013265
97.1,112.65785,0.0,0.093491085
87.64,92.0771,0.0,-0.22453928
86.08,85.02708,0.0,-0.20305696
82.62,82.13426,0.0,-0.20305696
84.52,85.14301,0.0,1.1308701
80.23,85.34638,0.0,1.1420448
78.9,82.20994,0.0,0.5552439
79.67,89.954865,0.0,0.6649611
87.08,102.77866,0.0,0.31418273
102.69,119.695366,0.0,0.74773836
129.54,151.45567,6.554,6.519329
117.95,137.97653,34.49875,30.645216
91.2,115.06994,77.571,80.82067
85.92,85.57193,128.593,123.483
78.78,79.25585,161.58575000000002,152.84311
78.81,73.1295,159.066,177.70203
80.34,79.3358,166.65200000000002,148.7932
79.24,91.83421,126.8875,115.05993
86.57,92.71805,77.4435,68.1221
115.37,116.82201,22.315,27.769129
128.43,149.20364,1.8325,1.950012
141.08,160.55807,0.0,-0.05236586
124.66,130.32318,0.0,0.17537619
100.91,109.53899,0.0,-0.06255761
97.01,93.47353,0.0,-0.22453928
92.67,88.04191,0.0,-0.13114943
87.88,84.6743,0.0,-0.22453928
85.88,80.46865,0.0,-0.22453928
87.34,86.48035,0.0,0.26244774
87.14,88.22219,0.0,0.6680366
87.93,87.69271,0.0,0.6649611
92.16,92.38524,0.0,1.1093876
100.45,107.78082,0.0,0.37400433
127.86,118.122955,0.006,0.74773836
144.2,143.33846,6.38125,10.153808
129.02,134.09624,37.018,40.939644
114.07,110.94872,112.51075,78.11582
96.4,98.246704,156.22825,147.66405
85.0,81.59365,177.39425,177.7329
79.72,76.5104,135.40075000000002,200.99355
78.9,79.54269,143.84199999999998,143.79782
80.32,86.574036,94.1465,121.17122
89.76,90.74229,90.5325,71.92858
115.56,113.115845,44.44725,36.4153
128.8,134.89456,4.562,10.310889
131.8,142.65782,0.0,0.43702468
117.35,118.3897,0.0,-0.123013265
104.12,103.9037,0.0,-0.09593788
102.33,94.7743,0.0,-0.10153094
92.5,93.56307,0.0,-0.20305696
94.59,86.27854,0.0,0.14016451
90.26,87.59646,0.0,0.1149734
89.97,88.457085,0.0,0.5552439
87.31,86.92657,0.0,1.1366501
85.8,85.97651,0.0,0.9973814
86.62,87.67889,0.0,0.6649611
89.96,93.63643,0.0,1.0113977
107.72,103.46553,0.012,0.85745555
114.41,116.4254,11.81975,7.2729607
101.85,113.337135,69.9015,42.59912
88.71,93.18104,154.18825,119.93373
73.5,75.6884,224.278,180.92485
67.77,60.42581,267.3455,227.54977
60.0,55.24454,264.98075,252.77122
63.24,55.127472,237.67675,238.17526
72.32,74.22924,178.122,201.74501
84.03,86.37517,98.04375,127.82654
111.31,107.05261,29.657,49.30379
127.19,131.93631,2.06175,3.0580325
123.81,143.84227,0.0,-0.14776494
111.4,115.15706,0.0,-0.19727704
92.6,100.70814,0.0,-0.4685909
95.44,89.431725,0.0,-0.37312207
94.32,91.95139,0.0,-0.19188222
90.96,91.96003,0.0,-0.46319607
84.77,87.89855,0.0,-0.46319607
77.63,82.03405,0.0,0.29510495
73.76,73.713486,0.0,0.29510495
73.67,73.148056,0.0,0.29510495
72.37,73.39903,0.0,0.29510495
75.14,76.796814,0.0,0.29510495
74.98,85.517624,0.0,0.59731644
76.96,84.88875,5.952,6.129433
69.8,74.41944,43.268,42.177475
60.85,64.28864,81.44725,83.11664
53.04,50.08338,134.26375000000002,119.481064
33.19,41.675423,181.8055,167.77975
18.81,23.391512,188.243,199.94705
32.33,19.503262,208.01425,177.23169
64.94,45.00427,171.65325,174.37737
76.68,78.89661,68.47475,122.50405
106.23,99.81658,23.864,28.97835
97.0,125.473885,1.55275,2.2413578
92.0,110.740974,0.0,-0.41999897
76.27,88.315994,0.0,-0.62950915
69.89,70.16457,0.0,-0.47529086
69.46,67.272354,0.0,-0.47529086
55.56,64.82171,0.0,-0.8704841
61.75,52.768177,0.0,-0.8704841
54.41,58.02992,0.0,-0.62950915
53.38,57.05043,0.0,0.1256018
52.08,56.839527,0.0,0.1256018
52.2,53.190254,0.0,0.1256018
63.98,64.63954,0.0,0.1256018
73.88,86.3542,0.0,0.1256018
88.52,97.688965,0.0,0.38124844
118.98,112.49496,0.9115,4.1658683
119.04,124.89777,10.06525,28.467316
98.0,116.01129,22.278,42.50961
68.9,92.434395,32.42375,49.515778
57.74,62.77109,71.53999999999999,57.981827
60.28,52.67245,93.74125,89.15765
65.55,58.402836,89.6565,91.30248
83.76,75.04701,78.2855,90.639435
101.33,94.74259,66.70775,64.24815
110.5,131.25565,32.58425,33.214386
116.56,145.24167,2.1725,4.279011
101.85,143.1453,0.0,-0.59208393
80.22,102.60418,0.0,-0.82696986
75.53,78.97258,0.0,-0.82696986
63.37,72.627846,0.0,-0.82696986
51.0,58.95043,0.0,-0.5656693
51.34,48.411755,0.0,-0.721147
37.84,47.220894,0.0,-0.721147
26.86,39.83408,0.0,-0.02301728
17.0,27.654161,0.0,-0.02301728
20.63,22.805767,0.0,0.1256018
38.79,30.432049,0.0,0.1256018
67.65,57.143196,0.0,0.1256018
80.43,92.75486,0.0,0.24440266
93.1,104.23251,3.882,2.0667877
87.0,102.6151,27.91575,18.506706
74.27,90.225006,51.57825,48.363426
65.11,64.97786,100.55575,81.720695
47.46,56.070942,97.829,108.07795
30.42,42.778942,95.789,100.0989
31.85,36.199284,72.01625,99.10649
55.64,48.768757,80.37275,63.023003
67.78,81.503845,51.35825,58.948368
96.85,100.83026,16.173000000000002,25.490217
119.4,129.29483,0.74075,-0.4631864
116.66,142.34674,0.0,-0.5478571
100.0,114.42244,0.0,-0.6754472
80.34,99.7371,0.0,-0.49585333
80.26,78.89326,0.0,-0.28390595
73.2,73.440956,0.0,-0.65007144
78.42,68.99363,0.0,-0.65007144
76.62,67.86453,0.0,-0.65007144
74.63,72.926796,0.0,0.37216505
77.97,70.63319,0.0,0.26244774
79.82,75.13648,0.0,0.1256018
81.54,81.9224,0.0,0.26244774
88.29,94.76825,0.0,0.1256018
93.54,114.5111,0.0,0.45494208
111.14,122.08026,7.037,1.2666225
124.54,115.77974,28.7345,25.744024
100.11,118.628075,69.1525,59.51914
82.05,90.810715,134.42575,107.121796
78.61,73.1787,170.08175,148.28075
78.56,69.71365,192.8675,171.00069
84.1,76.71061,120.4025,173.11179
104.55,93.46284,91.00775,95.80187
123.68,114.28137,47.22125,59.10007
182.4,142.87732,18.60125,19.623936
288.1,189.23459,0.3725,1.6988199
278.05,266.3549,0.0,0.031452604
170.57,222.08385,0.0,-0.3842968
120.24,141.29385,0.0,-0.01259183
107.7,105.627144,0.0,-0.3842968
94.29,94.46749,0.0,-0.20305696
89.27,85.72719,0.0,-0.49585333
81.88,80.93734,0.0,-0.22453928
79.26,79.90605,0.0,0.26244774
66.21,77.492805,0.0,0.2839301
65.42,67.52591,0.0,0.1256018
60.29,71.79509,0.0,0.1256018
72.25,74.44315,0.0,0.09855937
85.0,86.35672,0.0,0.16947718
107.29,106.4131,1.02425,5.0402365
96.73,108.136696,26.0365,23.808006
79.98,88.07929,58.75,61.71096
67.1,66.2502,114.38025,101.05266
61.26,54.45448,172.5645,136.62332
64.1,52.019176,159.94675,173.45776
63.94,63.812164,55.402750000000005,140.793
84.25,78.16809,55.7925,43.22385
89.44,95.112724,27.4135,33.417336
110.82,113.226295,10.2705,15.506123
117.46,159.99377,0.07375,-0.6703317
121.62,155.29828,0.0,-0.6539649
102.0,115.48889,0.0,-0.9166254
88.69,90.41811,0.0,-0.96588576
86.91,82.81166,0.0,-0.6539649
60.08,79.02673,0.0,-0.6539649
14.14,55.65884,0.0,-0.6539649
6.9,22.71894,0.0,-0.6539649
4.14,15.559247,0.0,0.2839301
1.02,14.174809,0.0,0.14708419
2.16,9.50724,0.0,0.028171368
6.79,15.625483,0.0,-0.057575725
23.28,29.334972,0.0,0.028171368
65.42,45.387165,0.0,0.35266688
88.84,81.10936,3.41425,1.0932839
79.9,96.05754,45.92475,23.621561
60.23,69.896645,76.15775,76.95752
38.54,52.803654,108.079,107.32569
17.12,28.63505,114.7265,125.56532
1.11,17.4801,148.34675,111.764465
1.37,11.748575,154.90675,132.56487
17.94,21.577414,142.99925,121.22735
39.95,41.182384,77.33375,91.15035
70.85,70.169754,20.24375,32.582874
90.0,89.59096,0.5315,2.297208
84.9,107.53629,0.0,-0.7411945
62.0,85.59264,0.0,-0.33269367
45.0,61.21514,0.0,-0.11387099
28.92,42.908955,0.0,-0.41226032
10.0,29.412176,0.0,-0.648185
3.01,22.265789,0.0,-0.6427902
-0.01,14.541962,0.0,-0.38230756
-0.01,1.3241894,0.0,0.4023747
-0.2,0.34845766,0.0,0.15825893
-0.51,0.8161729,0.0,0.15825893
-0.5,3.6457145,0.0,0.1713473
-0.01,6.511936,0.0,-0.02878988
1.45,13.516843,0.0,0.36384162
4.61,21.12853,3.35725,6.09432
8.89,16.301756,30.5615,30.381319
8.05,10.227946,38.8875,61.50076
6.22,4.6185365,47.13475,58.59459
6.26,5.019704,51.1955,56.679478
4.89,5.783595,137.08625,54.096764
4.21,6.300171,105.67525,119.002884
4.26,19.464087,68.72274999999999,102.92243
6.1,32.024303,65.47775,63.509064
37.48,41.49457,20.58925,28.147718
63.0,63.0465,1.61875,1.9124687
71.9,77.95058,0.0,-0.56751716
54.7,71.818695,0.0,-0.11997466
43.1,49.429565,0.0,-0.06328075
30.87,42.805912,0.0,-0.2821035
10.19,33.245323,0.0,-0.46319607
15.0,23.471087,0.0,-0.46319607
3.81,23.62011,0.0,-0.14516577
3.19,9.093553,0.0,0.15825893
2.04,8.562587,0.0,0.868284
0.42,8.426755,0.0,0.868284
0.12,5.6536493,0.0,0.15825893
0.11,9.940018,0.0,0.15825893
0.15,10.439686,0.0,0.35075328
2.39,9.848854,2.85475,1.727875
4.33,9.977338,31.37175,25.801445
3.9,3.510558,70.34049999999999,68.26029
1.68,-2.0497732,97.33125,112.531555
0.33,-2.5512128,142.7535,118.06032
0.34,-7.8661385,161.522,161.0399
0.07,-2.0839195,179.40075,151.11029
-0.01,11.5859785,109.284,139.66104
3.25,23.147848,62.53725,73.07683
27.97,39.798786,15.642,25.031805
54.81,50.253395,0.12625,-0.48815802
89.6,66.49047,0.0,-0.46319607
75.03,81.67402,0.0,-0.46319607
47.21,65.96787,0.0,-0.6174144
39.9,39.791492,0.0,-0.6427902
19.9,38.597908,0.0,-0.6174144
6.44,21.44588,0.0,-0.6427902
0.97,12.328749,0.0,-0.6427902
0.91,9.425301,0.0,0.15825893
-0.01,9.551615,0.0,0.15825893
-0.42,3.5802615,0.0,0.15286411
-0.82,9.655315,0.0,0.14708419
6.81,12.924461,0.0,0.29028705
48.84,25.428024,0.0,0.15830965
80.96,65.04338,0.881,0.9911191
94.12,78.50211,20.204,16.726387
94.88,91.03847,79.89224999999999,50.56201
88.6,82.33319,99.86225,97.34242
83.85,77.76273,86.588,103.64744
73.3,78.232635,106.107,82.19943
70.0,68.60509,154.603,117.30426
71.5,78.94916,133.09675,125.220276
77.48,83.450485,79.67775,96.5027
100.18,97.86798,23.24925,39.54759
109.82,116.062164,0.31175,2.5826569
127.24,116.556915,0.0,-0.074455515
119.69,114.28814,0.0,-0.06328075
96.08,97.600334,0.0,-0.39348236
90.0,82.03107,0.0,-0.12536947
89.41,80.467804,0.0,-0.3616701
79.03,80.371254,0.0,-0.14516577
56.63,73.52964,0.0,0.06980705
29.38,55.96434,0.0,0.6761359
19.3,30.810946,0.0,0.29510495
9.89,20.337698,0.0,0.29510495
10.15,24.017853,0.0,0.15825893
28.87,32.91168,0.0,0.15825893
57.17,47.833176,0.0,0.34535846
75.42,73.990074,0.17225,0.5335216
86.51,78.886185,8.44925,18.184446
85.21,84.0083,44.904,36.684906
76.18,75.85515,104.58975,68.818886
69.38,66.380325,152.89100000000002,102.41514
61.67,59.64989,143.15625,137.7069
55.18,56.93356,144.151,124.661285
58.27,64.375626,117.69225,114.504456
69.88,69.89984,58.65125,74.46861
86.14,91.875656,13.2005,27.030462
102.94,107.161674,0.10675,0.18775786
121.68,118.743065,0.0,-0.49585333
114.9,110.31144,0.0,-0.09593788
91.88,98.99303,0.0,-0.1778229
82.95,82.46424,0.0,-0.15634054
84.02,74.17104,0.0,-0.47437087
73.38,74.07262,0.0,-0.09427512
61.15,65.15801,0.0,-0.074455515
56.7,58.152554,0.0,0.2839301
56.19,56.607,0.0,0.28971002
55.81,57.561115,0.0,0.4215376
52.6,61.41061,0.0,0.14708419
63.41,67.62274,0.0,0.14708419
93.19,75.97421,0.0,0.33957854
106.99,106.54145,1.6645,2.0882697
100.13,108.514465,18.496,11.827024
90.69,93.589905,35.649,51.609955
84.86,80.91331,65.119,66.02638
84.01,74.564255,131.49824999999998,88.930374
89.85,72.42003,149.605,132.0238
80.0,83.203026,96.5365,133.22679
88.5,86.179855,46.39625,80.608345
114.35,101.5839,31.9505,27.50056
121.6,131.24622,7.549,11.191531
126.24,145.81104,0.001,-0.24955973
129.23,144.11372,0.0,-0.49585333
114.53,124.1825,0.0,-0.49585333
102.72,104.43753,0.0,-0.36920258
95.15,94.04906,0.0,-0.49585333
92.68,88.249275,0.0,-0.49585333
85.56,83.82945,0.0,-0.49585333
69.18,76.46691,0.0,-0.47437087
64.67,68.55574,0.0,0.2839301
60.39,62.421265,0.0,0.2839301
55.41,58.162666,0.0,0.14708419
53.48,60.60237,0.0,0.14708419
58.98,68.993835,0.0,0.8880802
68.37,77.06225,0.0,1.0830221
82.85,87.643745,3.08275,1.1333597
95.68,88.25273,40.13075,26.997112
72.7,86.29112,109.186,82.62711
59.22,60.307663,166.44025,140.96068
51.3,48.429504,154.72625,189.7094
44.39,43.7707,195.84825,177.10364
51.58,44.40018,154.89024999999998,173.78018
80.0,62.42682,134.42725,109.954216
97.7,92.89445,65.0695,75.87623
112.92,120.14008,10.93075,21.577488
116.65,132.57736,0.05025,0.13920587
117.89,132.66025,0.0,-0.3419403
113.99,113.0783,0.0,-0.19188222
101.5,103.06357,0.0,-0.4685909
90.54,94.016335,0.0,-0.4685909
90.39,84.1761,0.0,-0.4685909
76.0,82.074905,0.0,-0.37851688
77.1,70.57874,0.0,-0.36706498
68.74,75.133965,0.0,0.29510495
66.23,66.57104,0.0,0.29510495
66.35,64.80348,0.0,0.42398497
69.6,69.65509,0.0,0.15825893
80.0,79.788666,0.0,0.15825893
106.54,90.75953,0.0,0.35075328
106.8,114.47341,1.46425,1.1624334
97.64,104.96135,21.435,29.462421
81.23,86.01821,62.023,57.42321
76.87,64.594154,81.44449999999999,100.60884
71.15,61.25772,116.9855,107.14192
72.57,57.495575,125.44975,119.219635
74.51,67.51471,106.53575,111.50839
92.46,77.44521,85.43074999999999,96.182625
112.74,99.7434,43.5025,58.51018
116.3,123.3158,6.168,15.103706
110.35,124.77215,0.06625,-0.4291537
98.81,112.85602,0.0,-0.6754472
83.02,94.20906,0.0,-0.31476054
76.71,74.679306,0.0,-0.49585333
76.62,66.76136,0.0,-0.1778229
73.03,66.44262,0.0,-0.17245136
58.5,64.298996,0.0,-0.15263179
50.29,53.075516,0.0,-0.13114943
32.58,48.749798,0.0,0.8847478
21.95,32.330906,0.0,0.8847478
18.29,21.936998,0.0,0.8571092
14.78,22.135092,0.0,0.1256018
7.27,25.193396,0.0,0.39427546
8.01,22.544342,0.0,0.31809625
14.15,24.12609,0.79625,1.1489341
27.52,22.915237,11.182,18.141188
26.2,25.76748,27.09425,35.861362
18.3,26.188547,38.0355,49.28765
15.76,18.713646,25.85725,46.80405
21.02,21.571663,32.235749999999996,24.916042
31.13,23.654753,34.920500000000004,30.236095
48.41,42.52086,20.8745,29.139416
55.18,66.1329,20.19775,19.088573
71.48,79.39673,10.23725,10.870478
83.87,87.51857,0.53775,0.20757739
88.14,85.20902,0.0,-0.1778229
84.66,77.79798,0.0,-0.17634484
79.22,70.82086,0.0,-0.20153594
75.08,68.514305,0.0,-0.20153594
77.3,66.59682,0.0,-0.6539649
72.82,67.16947,0.0,-0.074455515
56.44,63.32705,0.0,-0.11965087
53.82,52.57441,0.0,0.2839301
53.56,49.33475,0.0,0.14708419
54.8,50.069145,0.0,0.14708419
57.94,51.738056,0.0,0.39364734
59.85,58.004196,0.0,0.39364734
62.0,59.08324,0.0,0.5861417
65.38,63.350636,0.86575,0.67036766
67.92,60.469437,24.67775,14.1672325
67.4,56.75211,53.02475,57.974068
65.6,50.79763,103.53075,80.962906
64.58,51.755596,144.3955,106.91572
65.67,50.08828,159.01075,152.84831
68.9,58.768063,132.73975000000002,144.96802
75.85,73.304405,101.54075,113.69926
91.3,84.76252,56.38975,55.029163
98.48,104.93156,10.41125,16.586084
117.53,105.53267,0.067,-0.22807747
122.24,113.115974,0.0,-0.47437087
105.6,104.788124,0.0,-0.29327825
90.26,88.42573,0.0,-0.47437087
85.0,81.55942,0.0,-0.12536947
84.54,77.28949,0.0,-0.12536947
78.22,78.540825,0.0,-0.46319607
78.13,73.15708,0.0,-0.46319607
73.72,77.812874,0.0,0.5194539
69.82,71.6581,0.0,0.8959225
66.39,71.61819,0.0,0.87073135
67.58,73.091644,0.0,0.40482208
69.11,81.73555,0.0,0.87073135
88.29,85.28142,0.0,0.59731644
110.72,102.34596,3.80475,0.59731644
104.77,113.04538,39.779,27.424725
84.37,99.02137,66.77850000000001,73.5322
73.77,77.057076,73.96775,100.23289
67.89,68.37498,77.14475,91.31769
62.67,62.490665,56.15125,94.57195
66.41,62.252644,61.28874999999999,57.448067
69.44,75.6072,37.694,56.760597
77.31,84.65927,23.76375,27.751064
90.0,93.48114,3.52025,12.648303
93.0,109.89633,0.002,-0.26387948
92.16,110.111,0.0,-0.6754472
83.53,92.54888,0.0,-0.6754472
73.49,76.10085,0.0,-0.6754472
60.74,68.55438,0.0,-0.6754472
52.82,58.104866,0.0,-0.6754472
29.82,52.106014,0.0,-0.6754472
15.49,28.298092,0.0,-0.6754472
8.22,21.36702,0.0,0.1256018
6.38,14.276933,0.0,0.29602388
5.85,13.277816,0.0,0.1256018
13.82,19.051132,0.0,0.1256018
42.44,35.146973,0.0,0.1256018
71.14,60.822773,0.0,0.31809625
106.66,88.807304,0.45725,0.93583363
104.59,105.83595,10.702,26.918798
84.0,95.30003,43.06025,43.936756
94.15,73.691,96.79,76.53391
77.92,80.02104,111.056,115.796165
70.16,67.28518,136.351,112.551735
74.67,65.91141,155.7305,126.1649
76.71,78.6337,91.63475,114.59585
95.69,84.436646,37.63175,40.50731
109.13,109.788925,6.25775,6.1756577
108.43,117.40187,0.0,-0.40108237
108.07,114.14847,0.0,-0.82696986
95.62,97.71779,0.0,-0.82696986
86.6,83.23948,0.0,-0.7465228
79.8,75.692696,0.0,-0.74914086
77.88,71.214676,0.0,-0.67711395
68.92,67.732704,0.0,-0.7237651
68.84,59.348595,0.0,-0.6754472
66.93,64.655235,0.0,0.3697177
65.99,62.04926,0.0,0.83562684
66.06,62.674397,0.0,0.1256018
65.1,68.60916,0.0,0.8595567
73.32,74.63821,0.0,0.39364734
77.68,88.24488,0.0,0.5861417
102.26,93.60116,0.33175,0.65609974
99.92,105.27047,10.5525,16.030594
100.7,94.3791,38.90825,40.99765
74.9,92.88707,75.64099999999999,67.568794
63.77,63.616764,161.29525,105.31456
60.51,56.97561,143.5365,169.65193
68.51,60.053772,126.633,132.22504
84.21,77.61796,128.98624999999998,96.75801
100.47,96.13676,53.2115,68.92037
118.78,125.50679,9.63525,13.542329
125.92,132.12675,0.00125,-0.16044964
111.04,132.89583,0.0,-0.5669289
101.94,102.34173,0.0,-0.569547
92.29,93.59854,0.0,-0.39432725
84.48,84.56745,0.0,-0.36976925
78.88,76.418175,0.0,-0.39432725
78.04,70.921104,0.0,-0.49585333
81.58,70.55592,0.0,-0.39432725
78.53,80.242584,0.0,0.89056563
78.84,76.511765,0.0,0.64347875
76.76,77.9841,0.0,0.2839301
77.56,81.65603,0.0,0.2839301
79.03,88.272385,0.0,0.41820505
105.27,91.941216,0.0,0.47642446
117.0,116.29204,1.6445,0.67036766
110.77,116.238335,33.794,17.232882
93.21,103.82158,90.73175,69.589134
85.16,78.989296,140.42575,128.58788
83.7,71.46594,170.93775,151.59189
82.98,71.17095,149.38425,168.14389
83.26,79.64853,143.67275,125.17316
94.36,92.18287,110.19275,106.44186
120.4,108.705765,62.32225,64.00668
152.15,135.51329,8.57875,19.289576
159.94,159.00203,0.001,0.11248003
139.07,152.73402,0.0,-0.49585333
126.46,121.28599,0.0,-0.47437087
114.26,108.951706,0.0,-0.49585333
99.83,101.68242,0.0,-0.36976925
96.04,89.093735,0.0,-0.20305696
88.8,86.60969,0.0,-0.20305696
85.03,83.24357,0.0,-0.3842968
82.55,85.24264,0.0,0.2839301
82.84,81.77079,0.0,0.2839301
80.63,82.82098,0.0,0.39364734
80.78,85.17381,0.0,0.5552439
86.0,94.29879,0.0,0.73080814
105.42,107.21232,0.0,0.5919216
123.21,121.326675,0.2219999999999999,1.4324806
120.83,122.37071,13.1365,23.515923
102.3,111.627144,44.9545,51.85385
87.98,90.12648,77.84575,86.3137
84.2,77.151886,90.467,97.9969
83.18,78.51833,85.9155,103.02871
85.02,82.59974,83.29375,102.159676
94.95,95.83075,74.25825,78.36842
116.71,111.72739,46.073,55.15783
148.72,139.35756,7.72775,13.040692
165.04,158.77588,0.004,0.46486428
139.48,161.05984,0.0,0.11868218
127.81,125.05098,0.0,-0.13114943
114.1,112.96123,0.0,-0.15634054
102.56,101.2708,0.0,-0.34828696
96.22,96.33579,0.0,-0.095751025
89.24,89.84893,0.0,-0.09035615
91.99,85.61457,0.0,0.20803325
90.4,89.8741,0.0,0.3253576
87.68,88.41935,0.0,0.3253576
86.81,85.962494,0.0,0.5664188
86.58,87.02805,0.0,0.5664188
86.51,89.99729,0.0,0.5664188
89.58,94.3959,0.0,0.7589133
97.15,99.61858,0.3165,0.7589133
97.21,103.23245,13.84275,10.833154
96.74,92.457565,38.99675,40.841778
95.34,82.920525,68.82325,66.04184
90.14,82.28249,80.95725,88.22999
88.92,79.97891,108.273,82.5705
88.3,83.75924,87.88075,107.83493
92.55,95.16709,48.43075,74.384155
106.34,109.49514,24.2425,34.818745
113.02,125.175705,3.45025,7.8990307
125.38,131.74976,0.0,0.08491894
131.05,130.64255,0.0,0.037150014
126.79,121.70591,0.0,-0.39432725
117.75,111.3824,0.0,-0.07697306
108.03,103.90004,0.0,-0.22453928
101.51,95.763016,0.0,-0.23217094
93.5,93.08586,0.0,-0.19727704
92.02,86.26606,0.0,-0.20305696
89.48,89.56005,0.0,0.5552439
87.02,86.67212,0.0,0.37400433
85.06,85.282486,0.0,0.37308434
85.53,85.38382,0.0,0.5552439
86.05,88.64315,0.0,0.91204786
85.99,91.23147,0.0,1.3233645
86.35,90.31229,0.041,0.85745555
93.29,88.08206,8.93275,16.008589
91.01,87.82215,37.446,34.271584
89.28,82.0579,61.80624999999999,74.32856
89.28,76.60239,101.139,94.9238
90.22,77.75458,151.62900000000002,123.01159
86.3,85.77775,159.8425,132.30165
85.61,94.918365,109.6725,125.07437
90.03,101.096405,54.26,56.467865
102.85,113.3117,9.93125,13.484413
119.76,121.59592,0.00125,0.37570196
122.04,128.82288,0.0,-0.20305696
116.29,114.4026,0.0,-0.10153094
102.74,108.846214,0.0,0.20803325
90.9,99.313805,0.0,0.20803325
90.52,90.32255,0.0,0.026793461
86.88,88.69162,0.0,-0.14516577
81.5,86.65733,0.0,-0.3616701
78.51,83.7821,0.0,0.5664188
79.39,80.51245,0.0,0.4293798
77.14,83.157455,0.0,0.29510495
77.15,84.81647,0.0,0.29510495
82.01,92.20824,0.0,0.29510495
97.16,99.56434,0.0,0.48759925
120.67,114.76957,0.04225,0.6815424
133.71,126.203224,3.3235,15.474744
123.88,130.45593,19.32625,28.110222
96.0,117.47051,34.35425,47.32302
89.0,94.6595,51.0615,52.301407
91.17,83.983574,48.06275,74.02424
91.17,90.558075,50.975,52.278126
101.35,98.5732,61.63825,48.186726
116.87,111.95414,19.8205,37.348446
125.56,130.56917,3.3907499999999997,3.396454
130.0,138.21495,0.0,-0.06280323
114.7,137.95486,0.0,-0.6539649
100.09,109.491356,0.0,-0.4685909
88.2,92.843155,0.0,-0.4685909
85.08,78.83607,0.0,-0.62280923
83.46,77.68311,0.0,-0.648185
77.84,74.856476,0.0,-0.648185
76.54,71.25446,0.0,-0.62280923
72.82,73.42594,0.0,0.2839301
69.35,70.60184,0.0,0.2839301
67.56,69.00923,0.0,0.2839301
67.22,71.96405,0.0,0.6382865
68.05,80.15705,0.0,0.14708419
76.17,84.90918,0.0,0.753171
91.61,97.8556,0.08075,0.48220432
100.0,103.62584,12.13125,6.225771
96.0,99.95297,36.98925,28.814451
88.08,93.41569,58.696250000000006,54.912403
82.6,80.52744,87.959,67.10523
75.61,75.99306,98.45975,82.39706
77.64,75.25803,92.36525,92.8804
85.96,85.71194,63.5145,66.71335
105.5,100.84787,23.64625,25.426533
124.14,120.24275,3.365,3.4837987
127.77,138.30458,0.0,0.020398553
104.06,128.5313,0.0,-0.47437087
90.98,97.71248,0.0,-0.47437087
85.62,84.82003,0.0,-0.47437087
83.3,79.72361,0.0,-0.47437087
80.0,76.137794,0.0,-0.6539649
65.69,70.51387,0.0,-0.6285891
67.2,60.84019,0.0,-0.6285891
58.49,66.35821,0.0,0.14708419
54.94,58.55342,0.0,0.14708419
52.16,58.944023,0.0,0.14708419
46.59,56.846275,0.0,0.14708419
53.01,60.850212,0.0,0.14708419
60.0,72.2765,0.0,0.33957854
101.83,77.33288,0.007,0.33957854
95.16,104.478195,10.702,10.641993
80.6,92.24079,38.4145,35.607937
68.92,68.74449,88.01625,63.860905
52.91,58.53026,108.34975,104.659195
52.6,47.32769,140.35925,107.64189
65.32,53.659424,111.877,108.451515
80.42,75.305016,79.09899999999999,91.081215
99.96,93.59048,35.498,38.040546
102.68,121.10217,6.81275,6.3066626
106.87,124.407875,0.001,-0.28524688
99.03,111.478935,0.0,-0.6754472
84.45,91.85668,0.0,-0.65007144
79.2,75.76427,0.0,-0.6285891
68.53,73.234634,0.0,-0.6285891
69.41,65.172455,0.0,-0.47437087
54.03,66.06224,0.0,-0.47437087
29.9,51.030075,0.0,-0.6285891
17.06,33.851154,0.0,0.14708419
8.6,23.144709,0.0,0.14708419
4.88,16.685404,0.0,0.41820505
4.16,19.856,0.0,0.41575775
22.63,30.131897,0.0,0.1256018
44.57,41.158707,0.0,0.31809625
72.44,67.75294,0.002,0.3389015
86.81,79.33163,10.21325,16.39368
97.45,83.38085,40.18175,39.535774
86.07,85.70258,47.9555,73.68609
84.07,73.229744,59.96725,81.2787
87.96,73.6223,57.69675,78.08072
99.0,83.986694,55.245000000000005,53.25948
95.0,104.98758,36.4345,43.909718
99.21,111.68123,27.92275,28.341356
119.8,120.50864,3.4562500000000003,5.8997145
119.03,136.72008,0.0,0.2572582
121.96,126.737915,0.0,-0.2711904
120.0,115.222336,0.0,-0.49585333
101.84,103.30958,0.0,-0.123013265
105.16,92.610054,0.0,-0.22453928
99.41,93.525314,0.0,-0.22453928
91.96,88.192894,0.0,-0.46560076
87.73,81.20429,0.0,-0.22453928
85.33,83.51568,0.0,0.5337617
83.16,83.20475,0.0,0.29270038
80.04,80.91999,0.0,0.5337617
79.67,83.85221,0.0,0.3890985
79.26,91.37185,0.0,0.26244774
96.94,92.8519,0.0,0.45494208
120.15,110.73463,0.0,0.45494208
121.6,120.488884,0.33325,9.532623
107.4,118.06172,3.24425,30.340193
98.72,102.373985,8.1855,29.244137
93.97,95.64835,10.65175,27.535042
90.66,94.64878,9.88025,24.511189
93.82,95.788246,10.37175,23.627836
96.56,103.07586,8.7485,17.606943
103.42,109.13011,2.6135,16.242657
104.74,123.32559,0.10475,1.0718789
114.81,122.81376,0.0,-0.22453928
89.9,127.2799,0.0,-0.22453928
86.05,93.47407,0.0,-0.49585333
87.38,81.12968,0.0,-0.6754472
80.6,82.12555,0.0,-0.6539649
86.73,75.75,0.0,-0.6539649
71.43,80.40769,0.0,-0.6539649
68.5,67.64505,0.0,-0.648185
68.64,70.75663,0.0,0.42175576
63.05,69.160805,0.0,0.29510495
63.65,62.022293,0.0,0.15825893
60.22,65.64041,0.0,0.15825893
61.72,65.09589,0.0,0.15825893
58.59,70.820885,0.0,0.48759925
68.76,71.33237,0.0,0.48759925
80.36,81.7107,0.56775,5.6134276
83.67,83.15435,4.9295,11.885679
86.9,83.74751,14.424,15.421091
87.8,83.73224,18.246,21.86996
85.92,83.920235,17.60575,29.72264
86.53,89.209946,20.386,22.656166
88.33,93.64935,12.7155,15.404787
92.09,102.2609,3.74775,6.6672554
94.9,108.41202,0.425,0.3327012
105.68,113.52024,0.0,-0.55042595
112.76,114.71559,0.0,-0.37312207
105.12,112.357994,0.0,-0.19188222
94.44,100.60252,0.0,-0.37312207
93.38,91.787346,0.0,-0.19188222
91.97,89.31388,0.0,-0.19188222
89.0,87.21297,0.0,-0.19188222
87.1,84.329765,0.0,-0.19188222
84.71,84.278534,0.0,0.42175576
82.94,81.53485,0.0,0.29510495
85.81,81.09298,0.0,0.5664188
77.91,85.55685,0.0,0.29510495
80.45,81.63355,0.0,0.29510495
75.99,84.37792,0.0,0.48759925
82.6,81.14536,0.0,0.57767355
86.52,85.811714,1.92975,3.3110807
88.26,88.46753,9.9435,13.920738
86.63,84.42798,23.09525,24.332897
90.0,82.30793,25.784,41.579548
95.04,88.67924,27.33375,34.581615
92.48,95.608475,40.51375,31.874142
95.57,100.15016,66.6295,32.349915
99.49,107.61007,38.661,29.243027
108.49,112.42839,4.2485,8.25341
118.12,121.41089,0.0,-0.21690279
117.4,124.80752,0.0,-0.11997466
109.9,111.710594,0.0,-0.11997466
93.93,103.34004,0.0,0.12614813
84.53,91.03067,0.0,0.15133928
89.54,83.25432,0.0,0.12614813
82.4,86.8714,0.0,0.15133928
82.38,81.81261,0.0,-0.46319607
76.54,87.1308,0.0,0.6761359
69.95,80.64608,0.0,0.38517925
58.98,74.686745,0.0,0.42175576
58.28,70.000244,0.0,0.42175576
63.2,81.047745,0.0,1.1420448
73.64,84.97396,0.0,0.6873905
93.0,96.15505,0.003,0.48759925
105.0,105.748764,3.88475,1.4821198
97.57,110.55599,32.03575,16.672728
84.9,95.7274,107.0025,47.60892
71.3,80.479294,145.42825,98.149376
73.04,71.90076,163.20925,144.03017
73.22,78.48486,134.94075,142.42859
80.59,86.32251,109.431,108.31209
86.03,98.96074,45.8575,69.308784
85.93,115.2389,4.28275,13.089002
113.0,114.31612,0.0,0.6584953
115.98,125.45023,0.0,0.006676005
110.64,112.93905,0.0,-0.11997466
101.35,105.47052,0.0,0.15133928
87.11,98.555984,0.0,0.12614813
85.0,87.213486,0.0,0.12614813
81.03,87.10774,0.0,0.12614813
84.59,81.04652,0.0,-0.37312207
82.26,82.12673,0.0,0.29510495
78.04,81.909775,0.0,0.42175576
77.72,76.398155,0.0,0.29510495
79.0,82.02783,0.0,0.4293798
81.37,92.88182,0.0,0.5664188
89.18,96.34151,0.0,0.7589133
99.46,105.11551,0.0,0.62187415
115.5,105.15095,7.21875,6.522828
105.35,109.831276,45.05,37.361683
90.6,93.724655,90.97425,92.01698
85.21,80.8207,104.4365,128.4934
85.76,77.43607,95.5065,126.03652
86.92,85.4441,66.6785,100.21985
93.36,93.9141,44.003249999999994,75.484276
116.32,104.27811,21.17975,26.182043
135.23,130.53859,1.7845,4.2436004
144.9,148.30354,0.0,0.17098899
142.02,143.76317,0.0,-0.46319607
131.08,125.68336,0.0,-0.46319607
105.85,115.29249,0.0,-0.46319607
93.8,97.50491,0.0,-0.46319607
97.38,91.00156,0.0,-0.46319607
89.96,90.11531,0.0,-0.46319607
86.45,84.28599,0.0,-0.6174144
85.83,84.8103,0.0,0.15825893
82.52,83.63919,0.0,0.29510495
79.79,80.44975,0.0,0.15825893
81.08,82.27445,0.0,0.15825893
84.51,92.49726,0.0,0.15825893
94.67,96.10563,0.0,0.35075328
122.07,111.23707,0.0,0.48759925
134.06,122.32408,0.58525,8.061822
113.06,127.10108,6.057,27.362804
96.69,105.30787,16.887999999999998,25.621212
89.34,91.68251,22.6835,27.09907
86.91,87.59838,31.45475,29.777752
89.48,92.16111,23.7845,34.301502
98.37,98.50011,14.46725,23.017235
109.96,111.025665,5.64225,13.434827
108.65,125.27244,0.426,1.1723943
119.58,124.678444,0.0,-0.704644
118.08,127.367645,0.0,-0.6174144
118.24,118.222336,0.0,-0.46319607
104.6,107.005844,0.0,-0.6174144
97.54,95.75165,0.0,-0.46319607
98.02,90.735085,0.0,-0.46319607
91.88,91.17924,0.0,-0.46319607
89.6,87.92881,0.0,-0.46319607
86.24,89.63506,0.0,0.5194539
85.23,87.12575,0.0,1.1420448
84.8,86.675644,0.0,1.1672359
85.22,90.94383,0.0,1.1420448
89.06,100.25377,0.0,0.29510495
100.1,105.39799,0.0,0.48759925
138.73,122.178955,0.0,0.7589133
150.27,138.5256,16.83125,5.0829687
148.85,136.05717,64.1705,28.380869
136.2,125.162575,120.9115,74.3365
124.36,116.49552,126.2425,104.90752
121.35,111.42486,147.5875,118.59056
121.0,115.49614,108.05625,125.0385
129.46,123.11847,62.06375,59.99691
143.03,133.06609,29.9705,26.360008
165.86,151.67497,2.45825,3.458407
171.03,167.39255,0.0,-0.40790424
162.23,165.17274,0.0,-0.06328075
155.37,142.76955,0.0,-0.19188222
135.45,132.99237,0.0,-0.19188222
118.26,119.738266,0.0,-0.14516577
107.4,110.182045,0.0,-0.12619622
93.64,102.44381,0.0,0.20803325
98.59,93.378044,0.0,0.12614813
93.24,99.95039,0.0,0.5664188
89.56,94.74501,0.0,0.6519087
88.88,92.9903,0.0,0.95407677
91.28,98.578804,0.0,1.1420448
98.8,109.29122,0.0,1.1420448
126.86,118.183334,0.0,1.3597305
174.32,144.63148,0.006,1.0884168
203.95,173.16818,10.505499999999998,13.028673
180.33,181.46782,65.5405,40.151093
144.63,157.18155,125.184,107.639496
131.26,124.590225,144.73075,144.32654
122.62,118.599495,140.28025,172.18217
125.2,116.896904,118.5455,135.50227
145.83,134.71982,97.425,90.51063
183.18,151.81146,34.064,48.298336
231.43,186.77736,2.854,6.916914
241.46,226.2113,0.0,0.82376945
201.22,224.90234,0.0,0.12614813
170.22,179.4908,0.0,0.006676005
140.93,151.85953,0.0,0.15133928
115.58,126.04571,0.0,-0.14516577
102.39,107.659256,0.0,0.15133928
93.34,98.528984,0.0,0.15133928
100.42,90.67644,0.0,-0.37312207
94.43,100.52718,0.0,0.5664188
88.44,94.11908,0.0,0.40482208
85.28,89.073784,0.0,0.29510495
81.42,86.32456,0.0,0.40482208
78.38,86.09861,0.0,0.4293798
79.47,91.80981,0.0,0.59731644
87.96,94.368935,0.01825,0.48759925
100.0,112.98793,12.18425,8.222915
89.42,109.024055,49.942,28.076435
82.38,87.21858,86.07175,73.12838
78.86,78.09445,106.90525,99.814705
76.52,71.82615,102.86675,110.62739
76.22,77.83322,93.08975,100.40121
81.48,91.324646,69.99075,74.98249
87.79,108.382065,29.738999999999997,36.157635
98.1,129.82251,4.5752500000000005,4.997962
109.3,146.15948,0.0,0.2107119
104.34,130.18784,0.0,-0.10847615
92.2,108.31045,0.0,-0.38230756
88.39,93.93767,0.0,-0.6427902
85.44,86.63542,0.0,-0.10847615
89.77,83.82956,0.0,-0.6427902
78.84,85.4802,0.0,-0.6427902
81.53,77.36726,0.0,-0.6427902
74.35,79.86147,0.0,0.29510495
70.44,72.07657,0.0,0.42693242
63.23,69.95845,0.0,0.15825893
60.88,65.65318,0.0,0.15825893
63.74,66.11196,0.0,0.15825893
60.18,68.91311,0.0,0.35075328
65.76,66.18563,0.0,0.34507468
68.02,72.77612,1.9815,5.8668404
66.55,69.69738,17.241,19.64043
66.7,63.55034,43.32825,38.04342
67.38,60.050873,74.3865,63.78904
68.38,58.345585,88.4075,82.14419
65.9,64.94296,53.90675,71.88484
71.18,77.298965,25.39075,43.36249
79.84,82.4724,7.00475,18.643297
83.0,90.46776,0.139,-0.22956954
91.4,97.8767,0.0,-0.6427902
89.9,101.239685,0.0,-0.6427902
86.51,87.72874,0.0,-0.6427902
81.7,82.26763,0.0,-0.6427902
75.84,77.00047,0.0,-0.6427902
73.42,73.084366,0.0,-0.6174144
69.31,70.14848,0.0,-0.6174144
71.76,69.62973,0.0,-0.6427902
69.03,71.83932,0.0,0.29510495
70.2,69.866905,0.0,0.29510495
69.68,70.72578,0.0,0.15825893
68.82,75.20515,0.0,0.15825893
76.42,84.45998,0.0,0.15825893
89.37,93.36308,0.0,0.48759925
89.06,101.93664,0.0,0.48759925
94.55,93.39405,5.002,1.6189656
101.14,98.597275,29.947,19.895784
112.74,98.25775,60.70175,62.3653
123.16,101.64277,106.4315,95.058
123.8,113.68093,124.338,118.7187
139.17,119.76687,91.85675,98.89102
145.41,138.78806,44.70375,63.191196
175.05,147.75992,14.1175,24.1588
202.77,178.36421,0.7065,-0.026416745
237.5,200.65918,0.0,-0.18625964
209.99,217.65991,0.0,-0.4329436
174.61,176.72063,0.0,-0.4329436
141.98,148.61963,0.0,-0.37312207
127.78,122.38626,0.0,-0.19188222
116.52,113.75286,0.0,-0.19188222
100.4,106.99727,0.0,-0.06579829
94.68,98.22429,0.0,-0.19188222
91.4,93.86114,0.0,0.5664188
88.85,92.31288,0.0,0.5664188
86.09,90.23027,0.0,0.5664188
87.56,94.16799,0.0,0.5664188
86.26,102.496895,0.0,1.1420448
90.11,104.928474,0.0,0.7589133
194.99,107.86383,0.0,0.7589133
227.16,177.55812,2.588,3.5193439
216.65,195.86722,24.688,25.72112
182.38,181.066,32.7635,47.65909
109.55,158.73877,34.83225,58.023613
102.93,105.97734,41.2055,50.311413
105.7,110.30337,32.207,51.940132
121.91,118.580246,24.22425,34.9905
190.0,140.46,11.72475,20.17985
257.54,202.49419,0.8575,1.5410984
282.46,267.21387,0.0,-0.107564405
247.48,272.37094,0.0,0.063370004
201.4,211.89542,0.0,0.15133928
154.33,173.31732,0.0,-0.46319607
124.4,139.62917,0.0,0.20803325
107.28,115.108604,0.0,-0.3365455
90.64,101.56764,0.0,-0.33711222
85.68,88.9777,0.0,-0.33711222
87.23,88.05,0.0,0.42175576
84.91,88.96247,0.0,0.29510495
85.83,89.820595,0.0,0.5664188
86.11,94.35257,0.0,0.29510495
93.02,101.13046,0.0,0.29510495
112.29,110.24747,0.0,0.7589133
178.08,143.2866,0.0,0.7589133
220.16,194.10335,3.42375,1.4046731
198.56,213.627,29.26275,14.781236
182.67,185.3187,79.80375000000001,50.014385
160.21,152.92859,114.13825,77.35267
153.21,133.06206,114.49325,104.26779
154.86,137.81538,100.06775,92.75102
170.99,150.8591,69.429,65.01869
205.27,181.81291,27.113,28.976082
267.58,230.0172,1.5645,4.8924923
272.83,284.08112,0.0,0.1637496
221.74,274.33716,0.0,0.15133928
181.3,200.33113,0.0,0.12614813
138.62,159.59888,0.0,-0.3616701
112.61,123.66119,0.0,-0.2821035
98.04,107.53691,0.0,-0.2821035
88.81,94.071754,0.0,-0.3616701
89.81,88.318146,0.0,-0.33711222
83.96,89.67317,0.0,0.29510495
79.18,86.299835,0.0,0.29510495
73.68,81.201515,0.0,0.29510495
65.17,80.3265,0.0,0.29510495
73.29,82.17459,0.0,0.15825893
70.78,93.94182,0.0,0.35075328
90.52,100.27482,0.0,0.35075328
99.98,121.62575,1.1055,9.570845
95.0,123.0449,10.12775,24.308907
88.36,111.6734,15.65125,24.347277
85.44,101.351715,19.69825,20.968655
86.82,95.701164,20.48,21.182024
86.57,98.93412,18.9925,24.866764
90.64,109.58784,12.8185,23.820595
91.98,124.18217,5.7305,15.51932
92.4,142.49033,0.1095,-0.22956954
98.0,143.80472,0.0,-0.6427902
93.61,135.48499,0.0,-0.6427902
87.0,111.354935,0.0,-0.6427902
79.91,94.45263,0.0,-0.6427902
78.78,82.666466,0.0,-0.6427902
66.7,76.52523,0.0,-0.6427902
55.82,66.53561,0.0,-0.6427902
59.1,59.49302,0.0,-0.6427902
54.81,62.08038,0.0,0.15825893
51.98,57.307743,0.0,0.15825893
45.8,53.019703,0.0,0.15825893
53.28,53.60614,0.0,0.15825893
58.11,72.98725,0.0,0.15825893
78.69,83.88144,0.0,0.35075328
81.62,101.323494,0.0,0.35075328
97.45,102.61307,1.069,5.873149
103.8,108.13154,8.91875,16.881102
96.91,109.61471,18.803,20.962353
94.75,101.77926,27.909,32.423073
96.29,96.97489,28.5105,36.57213
96.3,102.101616,31.46625,31.677145
78.0,110.1903,29.911,21.603697
100.44,97.30313,15.29625,12.825667
94.13,128.51941,0.602,-0.6064712
94.9,121.865005,0.0,-0.648185
91.53,112.021164,0.0,-0.648185
91.96,98.17479,0.0,-0.648185
85.97,90.44576,0.0,-0.648185
83.34,79.516304,0.0,-0.62280923
83.98,78.37603,0.0,-0.4068655
76.68,77.51079,0.0,-0.62280923
80.42,69.79504,0.0,-0.648185
79.86,76.66095,0.0,0.67492104
81.0,75.34701,0.0,0.15286411
81.58,75.41333,0.0,0.28971002
83.31,78.81956,0.0,0.29510495
87.12,85.56526,0.0,0.29510495
88.85,90.499176,0.0,0.48220432
85.25,92.609764,0.0,0.48759925
88.76,88.86358,0.7825,6.0099945
98.14,91.0478,10.796,15.623604
96.61,91.1578,25.411,29.619267
89.91,91.66019,46.06575,43.608078
81.78,82.23561,48.3855,50.927216
82.47,78.48305,51.982,37.80563
85.85,87.436295,51.72675,35.961903
96.58,97.766785,14.655,20.798395
97.48,107.61707,0.32325,-0.4884992
103.38,104.85701,0.0,-0.6539649
98.22,105.03623,0.0,-0.6539649
89.36,89.26377,0.0,-0.6285891
82.42,79.53251,0.0,-0.6539649
79.87,74.24604,0.0,-0.6539649
85.0,71.960526,0.0,-0.6539649
78.94,76.89575,0.0,-0.6539649
74.76,73.897575,0.0,-0.4685909
68.15,70.456894,0.0,0.15286411
66.2,68.71541,0.0,0.6827634
64.07,66.83367,0.0,0.4293798
65.78,64.17424,0.0,0.15825893
71.86,71.13772,0.0,0.40482208
72.79,73.32074,0.0,0.5948691
74.62,75.28412,0.0,0.35075328
78.67,73.73616,0.33375,0.53544676
81.06,77.23841,12.42275,13.855074
82.72,74.17848,46.94025,37.738506
79.22,68.60758,100.54125,66.75637
80.0,67.40785,95.1415,107.881065
80.72,73.21406,78.706,87.833916
84.84,84.965294,50.172,58.26204
90.0,98.58993,16.802500000000002,23.565746
91.21,103.35508,0.6825,0.21003498
102.94,102.42517,0.0,-0.46319607
105.63,104.684814,0.0,-0.33711222
104.04,96.58336,0.0,-0.3616701
97.91,96.37298,0.0,-0.46319607
92.76,89.21703,0.0,-0.11997466
91.33,88.077225,0.0,0.026793461
86.4,84.49981,0.0,-0.25124887
86.22,81.82644,0.0,-0.33711222
83.54,85.83232,0.0,0.8959225
78.4,83.27469,0.0,0.9973814
67.44,77.49102,0.0,0.29510495
62.61,73.06169,0.0,0.40482208
60.0,78.32615,0.0,0.87073135
67.58,77.31781,0.0,0.5948691
89.59,81.5014,0.0,0.5948691
99.48,91.55446,3.29225,1.1050322
102.67,101.13816,30.90225,15.368413
85.8,98.422165,44.28625,55.340546
79.87,74.83579,51.18825,60.498425
76.99,72.97316,53.36975,65.09267
86.15,78.56407,47.40075,52.7535
93.5,98.02515,35.42375,29.450935
90.65,111.62115,8.27575,15.171703
93.3,112.0328,0.46525,-0.42957625
99.64,106.067215,0.0,-0.6427902
91.62,116.657906,0.0,-0.6427902
86.77,92.546684,0.0,-0.6427902
85.39,79.05035,0.0,-0.80860794
77.0,82.14528,0.0,-0.6427902
76.4,71.22,0.0,-0.6427902
70.78,72.30846,0.0,-0.6427902
64.1,69.0528,0.0,-0.6427902
59.14,63.53264,0.0,0.15825893
54.08,57.08146,0.0,0.1713473
50.88,54.88045,0.0,0.1713473
48.8,55.58183,0.0,0.15825893
62.16,59.62242,0.0,0.15825893
78.0,76.49107,0.0,0.35075328
80.01,99.34893,0.0,0.35075328
90.2,95.95454,0.09075,1.4540963
83.0,107.90826,8.52525,20.792694
87.9,87.40494,22.8315,27.971647
86.54,83.49494,28.12825,31.150135
87.17,85.023865,30.15875,31.224522
89.9,89.185936,36.358,28.412495
90.11,99.21065,27.455,22.68853
96.58,106.29949,9.4415,8.311193
120.72,123.966415,0.189,-0.24998248
140.49,143.68169,0.0,-0.46319607
119.53,149.94402,0.0,-0.46319607
109.0,119.31649,0.0,-0.37312207
95.0,107.489494,0.0,-0.46319607
88.69,91.09511,0.0,-0.46319607
87.58,84.97364,0.0,-0.46319607
94.32,82.02676,0.0,-0.3365455
83.12,88.17614,0.0,-0.46319607
84.97,81.10835,0.0,0.29510495
84.56,84.58021,0.0,0.42175576
82.16,83.19765,0.0,0.5664188
81.99,86.755486,0.0,0.29510495
85.84,94.57249,0.0,0.29510495
83.96,101.99526,0.0,0.57767355
107.79,105.35438,0.0,0.57767355
154.84,123.36539,0.3155,0.9528564
142.38,149.83551,6.78425,11.422816
129.51,135.8779,18.74425,24.75733
129.98,126.94379,34.0325,36.847565
128.81,129.48788,32.094,39.829254
130.0,131.51343,29.23475,28.358538
170.1,138.08284,26.93875,24.981833
210.52,171.50392,9.83275,13.732575
258.22,208.05025,0.9145,1.1782119
242.88,255.86601,0.0,-0.34925973
195.2,225.50906,0.0,-0.46319607
166.37,168.14912,0.0,-0.46319607
140.0,143.03868,0.0,-0.06328075
109.2,118.85572,0.0,-0.46319607
89.91,99.220726,0.0,-0.33711222
84.9,86.53941,0.0,-0.16117461
89.42,83.48126,0.0,-0.06579829
88.88,89.660194,0.0,1.1420448
85.28,90.33637,0.0,0.3253576
83.61,87.55601,0.0,1.1672359
78.53,89.24203,0.0,0.29510495
80.0,92.08341,0.0,0.87073135
76.0,93.44614,0.0,0.57767355
110.0,93.72963,0.0,1.0632257
126.69,119.07427,0.42975,0.7589133
82.58,127.418365,8.318,5.9104176
92.47,87.92823,36.55125,32.889503
92.0,92.02948,53.24575,50.545147
89.06,90.59179,48.3045,60.84057
90.73,96.277466,42.38675,39.650524
98.0,109.190674,20.3445,24.69918
97.17,130.5383,9.55475,4.38742
132.52,144.94893,0.601,0.7316443
128.56,173.35239,0.0,-0.49178138
121.11,143.82059,0.0,-0.10847615
117.0,119.52386,0.0,-0.6427902
110.3,112.54348,0.0,-0.46319607
96.19,101.89515,0.0,-0.6174144
91.18,86.38488,0.0,-0.33711222
85.0,84.05486,0.0,-0.3616701
75.0,80.878334,0.0,-0.46319607
80.54,75.0882,0.0,0.5664188
80.24,79.02001,0.0,0.29510495
80.83,79.95388,0.0,0.5664188
80.04,83.53591,0.0,0.5664188
90.05,90.77697,0.0,0.29510495
114.0,104.966225,0.0,0.48759925
126.13,125.10594,0.0,0.7589133
174.22,126.97937,1.00925,0.7589133
176.46,155.80888,10.522,6.855612
160.7,153.80779,27.65,24.24494
153.58,134.69322,43.70775,42.00333
148.26,131.07434,64.048,42.764507
140.6,130.94295,48.7755,48.58362
137.75,132.93214,17.78025,26.023788
138.1,134.07631,5.4675,8.554681
139.09,145.31929,0.0375,-0.24998248
140.0,142.57693,0.0,-0.46319607
109.9,133.32605,0.0,-0.46319607
91.0,104.44722,0.0,-0.46319607
87.22,87.89892,0.0,-0.46319607
86.04,82.17662,0.0,-0.46319607
82.29,80.18385,0.0,-0.6427902
79.01,75.58428,0.0,-0.6427902
75.22,75.57447,0.0,-0.6427902
69.37,71.95553,0.0,0.15825893
66.36,67.352974,0.0,0.15825893
62.32,65.80674,0.0,0.15825893
59.19,61.692425,0.0,0.15825893
57.03,63.47517,0.0,0.15825893
56.6,68.29119,0.0,0.35075328
60.99,70.91175,0.0,0.35075328
70.97,71.86719,0.108,0.35075328
76.14,80.13955,4.70225,11.040548
76.34,82.53556,12.1435,25.128727
77.41,76.19958,15.7175,25.605549
76.11,75.77852,20.204,28.284088
77.03,82.65201,17.73375,23.3309
77.98,88.30443,14.54575,16.885649
82.54,91.92838,5.3847499999999995,4.4598117
87.33,99.19792,0.0495,-0.41537526
88.41,100.30752,0.0,-0.6539649
84.57,93.48865,0.0,-0.6539649
83.16,74.333916,0.0,-0.6539649
76.16,71.50583,0.0,-0.6539649
73.25,66.589874,0.0,-0.6539649
71.3,64.7465,0.0,-0.6539649
67.45,62.663845,0.0,-0.6539649
63.9,60.787342,0.0,-0.6539649
58.26,58.917892,0.0,0.14708419
53.95,54.07076,0.0,0.14708419
51.72,50.986225,0.0,0.15286411
60.44,47.622257,0.0,0.15286411
62.0,59.17827,0.0,0.15286411
63.72,64.4913,0.0,0.48220432
77.01,65.32689,0.0,0.34535846
80.09,76.134254,0.5125,0.34535846
85.56,77.50167,10.07975,6.664885
82.72,78.81288,23.421,22.416939
88.4,76.52541,28.87,38.23923
87.1,82.78537,31.447000000000003,33.2453
87.93,85.26853,36.74675,28.631107
92.43,87.65694,24.73225,20.401642
92.72,96.96153,2.9445,10.02645
97.04,100.300804,0.013,-0.09588294
104.87,97.63861,0.0,-0.6285891
88.7,101.28219,0.0,-0.6539649
80.8,80.616905,0.0,-0.6539649
74.89,69.38555,0.0,-0.8704841
65.78,65.32905,0.0,-0.8975266
59.26,56.40199,0.0,-1.3914194
37.53,48.447422,0.0,-1.2534807
16.0,32.05279,0.0,-1.1331449
9.02,20.88856,0.0,0.83562684
10.33,15.400049,0.0,0.83562684
5.57,20.118462,0.0,0.8571092
10.81,19.257961,0.0,0.8571092
25.0,34.985577,0.0,0.8571092
60.0,44.070118,0.0,1.0520511
77.68,74.93701,0.0,0.47642446
90.94,80.1058,2.25275,0.7776369
91.38,94.73015,21.820500000000003,18.094357
85.02,89.16353,45.8315,41.86301
76.55,82.10349,54.7625,50.60182
72.6,72.64689,47.8695,46.16719
76.74,74.34859,20.2195,30.37354
80.32,85.859566,13.158,20.836706
90.75,89.44482,3.89725,1.2835457
89.16,103.04562,0.07825,-0.18844081
102.58,98.594666,0.0,-0.569547
97.69,107.30292,0.0,-0.569547
95.0,89.5845,0.0,-0.7237651
85.49,82.51672,0.0,-0.6754472
79.05,74.30351,0.0,-0.6754472
77.53,68.52497,0.0,-0.70248973
70.38,65.034225,0.0,-0.65007144
68.31,60.03035,0.0,-0.6754472
68.0,63.63388,0.0,0.26244774
68.54,63.63388,0.0,0.26244774
68.19,64.4265,0.0,0.26244774
65.84,69.66295,0.0,0.26244774
71.58,75.080765,0.0,0.1256018
87.6,82.86539,0.0,0.31809625
96.52,96.41115,0.0,0.45494208
117.12,96.60419,0.031,1.1007023
104.67,111.059166,2.0115,12.556426
94.05,97.35896,11.13825,24.5354
91.4,88.23527,54.31325,24.7188
86.5,84.74419,43.831,44.266247
89.06,83.80136,34.1055,26.805239
88.01,92.78274,15.64875,17.500534
96.93,93.68509,6.0344999999999995,1.6763437
93.73,109.67433,0.08,-0.5643428
97.67,110.43622,0.0,-0.65007144
89.1,103.93878,0.0,-0.65007144
81.0,82.28745,0.0,-0.6754472
78.32,72.145874,0.0,-0.65007144
69.27,67.20599,0.0,-0.6754472
64.54,61.964012,0.0,-0.74914086
48.21,57.658443,0.0,-0.6754472
40.39,39.05217,0.0,-0.6754472
32.89,43.03705,0.0,0.7619332
27.26,32.704662,0.0,0.7619332
30.3,27.760181,0.0,0.7619332
42.59,40.360123,0.0,0.8085844
61.24,61.17274,0.0,0.83562684
73.76,76.00838,0.0,1.028121
86.33,86.70692,0.0,1.0305686
93.47,100.769516,0.97625,1.0305686
93.02,102.87111,11.95725,5.242533
85.68,94.13896,36.6735,26.510529
80.47,87.8233,55.695,50.312336
79.33,80.94073,52.502,51.94807
79.4,84.279526,56.7365,39.46263
86.0,93.74976,28.8435,29.556925
88.9,107.26403,11.342,9.226552
95.0,114.06442,0.40375,0.895023
103.76,118.33422,0.0,-0.31024793
103.44,113.84391,0.0,-0.22301826
95.56,102.75611,0.0,-0.22301826
86.81,89.20735,0.0,-0.22301826
84.3,77.18491,0.0,-0.17616014
81.15,73.64878,0.0,-0.15634054
75.47,70.55723,0.0,-0.15634054
71.73,68.50606,0.0,-0.12536947
71.14,66.592026,0.0,0.8823003
69.88,67.008736,0.0,0.86533666
71.65,67.81975,0.0,0.87073135
72.53,73.70658,0.0,0.868284
76.94,84.6071,0.0,0.86533666
84.06,88.715385,0.0,1.057831
96.4,96.638336,0.0,1.0496035
107.9,104.21755,0.826,1.0632257
103.78,104.43475,21.746,12.569945
90.57,96.34514,30.8105,43.073727
88.42,85.885735,53.9145,51.562855
86.47,80.31384,52.71875,59.904488
87.12,83.231926,51.54625,48.352844
93.84,94.67058,42.5805,38.344692
105.99,103.49356,16.45475,18.785063
109.74,118.51374,0.65975,1.1212528
112.26,122.01437,0.0,-0.20786707
110.76,115.30868,0.0,-0.14516577
105.96,105.61256,0.0,-0.14516577
100.52,96.84984,0.0,-0.14516577
90.44,95.28912,0.0,0.12614813
91.4,85.41333,0.0,0.12614813
87.74,87.740654,0.0,0.12614813
81.92,82.78073,0.0,0.12614813
84.12,82.23882,0.0,0.42175576
84.7,83.04693,0.0,0.5664188
85.2,84.85115,0.0,0.29510495
82.83,92.51571,0.0,0.42175576
83.44,95.898346,0.0,0.5664188
87.5,100.51617,0.0,0.48759925
116.01,106.272575,0.0,0.48759925
127.58,126.13351,0.7010000000000001,0.48759925
124.2,128.85768,15.01175,15.352185
117.86,124.57178,39.88925,28.051373
113.38,115.21034,58.17375,50.451523
108.99,112.82305,42.79825,53.06174
112.18,112.195564,30.24775,33.348156
119.03,119.73639,11.46675,22.985846
124.9,126.62479,4.014,5.942711
137.44,138.31126,0.0425,-0.26115718
144.36,143.93425,0.0,-0.47437087
128.87,140.30058,0.0,-0.47437087
109.19,112.148186,0.0,-0.47437087
101.5,95.929955,0.0,-0.3842968
94.0,91.95137,0.0,-0.20305696
89.53,86.613785,0.0,-0.47437087
89.91,82.71479,0.0,-0.47437087
85.96,81.952675,0.0,-0.47437087
88.74,82.67331,0.0,0.2839301
85.1,85.888565,0.0,0.28971002
82.33,83.59895,0.0,0.28971002
79.8,80.44564,0.0,0.2839301
81.46,81.24336,0.0,0.28971002
77.15,82.63535,0.0,0.5722786
79.38,85.039246,0.0,0.74773836
93.99,89.787346,1.8605,0.74773836
103.04,98.80202,21.15425,8.762444
98.34,101.75144,43.41375,34.339317
93.7,93.02451,69.55175,56.167305
90.26,89.05833,84.643,76.95275
88.7,91.403275,95.79325,55.43391
91.02,99.25918,63.981,51.880825
108.0,106.37881,21.80325,19.627522
113.86,123.86584,0.8182499999999999,3.4064884
114.53,126.52726,0.0,0.088889025
108.62,120.90532,0.0,-0.09035615
101.36,102.593025,0.0,-0.23501943
89.71,94.642685,0.0,-0.06328075
87.75,84.77712,0.0,-0.25124887
87.32,81.22552,0.0,-0.3616701
80.0,81.707184,0.0,-0.3616701
89.42,74.43275,0.0,-0.14516577
88.08,85.83333,0.0,0.5664188
79.79,83.922325,0.0,0.38517925
77.66,76.91245,0.0,0.38517925
73.9,73.86919,0.0,0.29510495
74.82,75.096,0.0,0.29510495
73.39,74.7811,0.0,0.48759925
74.2,73.75088,0.0,0.48759925
79.18,74.71652,0.10675,1.1333597
81.21,80.73621,7.84675,13.73736
77.81,74.69853,22.39175,26.469414
81.47,72.58486,41.39775,38.4267
83.82,73.24838,62.393,45.96927
83.22,79.70691,41.9895,54.306976
84.72,87.62828,18.095,34.89689
88.3,94.183365,5.881,7.7763777
92.1,103.009705,0.054,-0.25537723
99.66,99.36148,0.0,-0.4685909
100.94,102.21326,0.0,-0.4685909
91.03,95.41821,0.0,-0.4685909
88.35,81.87845,0.0,-0.62280923
82.37,79.49933,0.0,-0.35693172
80.75,72.425705,0.0,-0.6427902
74.41,69.55668,0.0,-0.6427902
69.97,65.51028,0.0,-0.6427902
69.42,70.86886,0.0,0.29510495
67.89,67.61872,0.0,0.15825893
65.0,66.547935,0.0,0.15825893
67.07,70.180466,0.0,0.15825893
72.0,79.87129,0.0,0.15825893
84.54,83.08927,0.0,0.6194268
86.9,97.147,0.0,1.0607784
100.52,88.407425,0.8412499999999999,1.575953
96.3,103.529625,15.333750000000002,16.62957
87.42,92.6795,42.3615,44.539673
78.66,78.99245,58.62375,64.261375
77.18,73.10899,51.44,66.06482
85.31,75.288956,67.02375,52.25786
91.78,92.05052,46.91225,39.264103
101.06,101.00564,14.92475,15.356706
107.56,114.60118,0.621,0.71305466
102.86,119.504486,0.0,-0.250086
97.48,109.967995,0.0,-0.13979426
89.83,92.67883,0.0,-0.38230756
83.1,82.47525,0.0,-0.6174144
83.3,78.20462,0.0,-0.46319607
84.06,80.09892,0.0,-0.46319607
80.08,77.58882,0.0,-0.06328075
77.5,74.65092,0.0,-0.3616701
77.79,74.997246,0.0,0.6827634
76.34,75.07396,0.0,0.29510495
77.17,74.53625,0.0,0.29510495
78.8,79.82728,0.0,0.29510495
80.4,89.251884,0.0,0.29510495
86.98,95.10924,0.0,0.48759925
89.72,99.904686,0.0,0.48759925
99.82,96.66777,1.039,0.87525785
97.17,99.85596,15.539750000000002,11.724211
92.34,91.88056,38.48325,35.32076
90.6,85.30658,48.92475,46.32743
91.16,80.75615,54.3455,65.1125
98.18,90.90729,50.82575,49.49274
120.17,103.40692,36.72825,33.873974
136.5,124.271675,13.11225,12.890133
152.54,139.57745,0.4885,1.025255
160.07,151.14977,0.0,-0.44889966
139.97,145.66614,0.0,-0.25664368
137.12,118.478615,0.0,-0.4685909
126.2,113.26889,0.0,-0.3616701
116.66,104.56036,0.0,-0.3419403
112.27,103.01905,0.0,-0.37312207
101.03,97.383736,0.0,-0.09035615
87.35,90.8416,0.0,0.20263843
87.78,84.83886,0.0,0.5664188
85.0,84.78919,0.0,1.1672359
82.5,84.71083,0.0,0.87073135
83.7,86.03471,0.0,0.5664188
87.6,97.35736,0.0,0.5664188
91.2,101.76841,0.0,0.57767355
106.39,105.19553,0.0,0.61425006
131.49,108.43355,0.126,0.48759925
123.94,123.263824,3.67175,12.652339
120.5,114.49346,13.2195,29.436228
114.02,109.72445,18.517,26.696383
108.21,107.16238,22.95675,28.806562
116.93,104.94828,18.669,25.072548
122.96,119.021065,9.1325,18.637321
121.28,131.74309,3.369,6.0245676
123.43,137.39674,0.17325,-0.09588294
116.46,139.77563,0.0,-0.4685909
102.06,125.25072,0.0,-0.36706498
89.17,105.098,0.0,-0.46319607
84.9,88.79783,0.0,-0.6174144
88.85,82.579704,0.0,-0.6427902
80.74,85.92515,0.0,-0.35693172
76.6,75.83877,0.0,-0.3616701
71.7,70.89019,0.0,-0.6174144
64.86,69.2253,0.0,0.15825893
54.58,63.76871,0.0,0.42693242
42.54,56.830338,0.0,0.4023747
36.84,52.580395,0.0,0.15825893
44.47,50.841343,0.0,0.15825893
57.99,62.848644,0.0,0.35075328
79.35,75.51678,0.0,0.35075328
88.37,88.87745,0.07475,0.35075328
91.62,93.322044,6.2,9.509141
94.0,93.47136,17.712,16.252493
94.94,96.806175,33.43925,28.262896
86.28,95.99389,37.5845,32.849342
87.62,86.88809,46.31275,25.958218
93.18,94.97139,36.7715,21.276922
98.44,103.96754,14.8715,11.312087
94.53,111.28208,0.5935,-0.77982914
91.32,104.660385,0.0,-0.6754472
82.05,95.58757,0.0,-0.6754472
81.5,74.86591,0.0,-0.6539649
72.32,72.10535,0.0,-0.6754472
53.3,64.17155,0.0,-0.6754472
49.07,51.271248,0.0,-0.6754472
17.84,39.426678,0.0,-0.6754472
7.58,22.24924,0.0,-0.6754472
4.41,13.848207,0.0,0.1256018
4.32,11.870975,0.0,0.1256018
2.56,11.599229,0.0,0.14708419
2.86,17.99054,0.0,0.14708419
9.18,26.751564,0.0,0.14708419
38.79,31.34053,0.0,0.45494208
75.27,57.597942,0.0,0.33957854
89.43,84.410805,0.002,0.33957854
89.38,96.19759,5.01075,8.034003
89.41,94.21048,15.35225,22.987427
87.49,86.24185,34.20075,27.569267
84.19,87.97503,48.8075,34.008705
86.07,83.79682,47.52,34.217686
90.84,98.20482,37.7265,25.21664
94.56,103.16612,13.729,9.236116
96.22,113.96989,0.68875,-0.45500138
104.07,114.17136,0.0,-0.4685909
105.21,115.219376,0.0,-0.46319607
102.97,98.81516,0.0,-0.3616701
99.87,94.27819,0.0,-0.06328075
95.0,91.576324,0.0,-0.46319607
93.72,86.61606,0.0,-0.33711222
90.04,85.249695,0.0,-0.2821035
83.85,82.572975,0.0,-0.3616701
83.16,77.68002,0.0,0.40482208
83.82,76.89397,0.0,0.960805
84.52,78.41396,0.0,0.5664188
84.49,80.61746,0.0,0.5664188
85.91,83.93954,0.0,0.5664188
91.26,85.92463,0.0,0.7589133
99.09,96.679054,0.0,0.5178519
104.36,99.263794,0.1385,1.0984237
109.53,102.33204,10.5575,10.552361
106.9,101.91182,28.9955,26.471281
104.0,97.36428,44.09825,43.756454
103.1,93.06266,41.751,48.742077
105.16,96.625916,33.57725,41.293743
108.98,105.81332,20.58,28.52348
110.63,112.609726,6.502750000000001,18.699566
112.08,119.882385,0.151,0.14508301
115.27,113.164024,0.0,-0.46319607
111.02,112.4215,0.0,-0.46319607
98.52,103.45421,0.0,-0.46319607
92.1,93.24513,0.0,-0.46319607
88.77,84.85421,0.0,-0.46319607
89.09,85.45286,0.0,-0.46319607
86.7,83.339165,0.0,-0.46319607
88.57,83.276215,0.0,-0.46319607
84.56,87.12763,0.0,0.29510495
80.73,82.248665,0.0,0.5664188
79.13,79.09213,0.0,0.5664188
79.13,79.76335,0.0,0.5664188
79.88,83.44213,0.0,0.38517925
81.91,83.82298,0.0,0.7589133
86.79,87.10539,0.0,0.7589133
96.41,91.01861,0.0,0.7589133
100.71,99.90483,11.5,7.882449
96.69,97.791214,44.41675,28.191256
95.44,88.4403,80.9805,57.0129
93.47,88.96518,95.26475,79.33001
89.65,92.31513,85.44800000000001,67.89549
92.84,99.410164,47.3805,41.43816
94.81,106.47291,15.5305,14.347787
92.5,110.29412,0.767,0.4963318
92.96,105.765114,0.0,-0.4629684
89.57,100.216896,0.0,-0.33711222
85.0,82.83565,0.0,-0.6174144
81.66,78.95107,0.0,-0.10847615
77.83,75.24471,0.0,-0.33711222
75.99,72.75077,0.0,-0.46319607
70.9,71.74717,0.0,-0.3616701
70.23,65.890465,0.0,-0.4068655
68.82,69.7516,0.0,0.15825893
67.78,72.444786,0.0,0.29510495
66.27,68.146614,0.0,0.29510495
65.48,75.75691,0.0,0.29510495
68.4,82.32236,0.0,0.29510495
74.88,88.97435,0.0,0.48759925
89.02,88.67034,0.0,0.48759925
92.17,94.473854,0.262,0.62187415
91.03,100.31391,8.9435,15.78051
88.95,92.77205,22.83175,32.30611
84.91,88.39487,32.6025,41.60803
86.89,85.701294,33.1185,48.913727
88.95,90.633064,28.0905,37.66877
92.09,98.435196,16.504,23.747044
98.01,104.28006,5.35375,9.828315
100.01,114.70449,0.267,-0.03615675
106.51,115.44923,0.0,-0.55042595
101.77,115.48606,0.0,-0.46319607
95.28,98.92928,0.0,-0.46319607
89.26,90.25471,0.0,-0.46319607
84.9,84.2357,0.0,-0.46319607
84.8,82.32362,0.0,-0.46319607
78.29,79.43399,0.0,-0.46319607
79.63,74.07906,0.0,-0.46319607
74.21,77.98905,0.0,0.29510495
63.91,72.20648,0.0,0.29510495
59.65,63.402737,0.0,0.29510495
58.24,65.31272,0.0,0.15825893
58.6,72.895615,0.0,0.15825893
68.36,74.56432,0.0,0.48759925
80.35,83.22948,0.0,0.48759925
88.0,83.50249,0.0,0.35075328
92.37,89.12776,2.736,9.763862
89.9,90.26849,9.267,23.462488
82.5,85.141266,15.18925,32.8622
81.49,78.80104,16.147750000000002,27.238697
79.81,82.93675,14.26575,21.596987
79.85,90.45254,9.20725,14.349265
82.49,92.674416,2.38275,3.531656
89.0,101.69287,0.02375,-0.6205778
89.9,109.67791,0.0,-0.27106842
83.96,101.405464,0.0,-0.6427902
82.52,85.65208,0.0,-0.6427902
78.0,81.415924,0.0,-0.6427902
69.93,74.21693,0.0,-0.10847615
71.41,69.20162,0.0,-0.6427902
63.9,67.5354,0.0,-0.6427902
58.67,61.64756,0.0,-0.6427902
53.12,58.86317,0.0,0.15825893
52.1,53.19952,0.0,0.1713473
50.15,50.02133,0.0,0.6803159
49.32,55.77226,0.0,0.4023747
49.48,59.83279,0.0,0.15825893
53.0,61.507053,0.0,1.0859694
66.5,73.94859,0.0,1.0607784
81.0,78.23068,0.497,0.6194268
82.47,84.279465,17.92,1.6803858
74.43,81.375854,61.31825,23.41346
62.85,65.46522,108.56525,61.82132
61.24,57.91328,129.147,91.807785
60.64,62.407013,111.0515,96.896255
65.82,70.572266,69.00975,62.46506
75.81,82.00566,26.8205,24.054617
86.16,92.8998,1.41325,4.2805047
89.12,99.417915,0.0,-0.15275978
78.91,94.35173,0.0,-0.16517006
71.77,76.976845,0.0,-0.11997466
68.16,65.453255,0.0,-0.16517006
65.1,65.354385,0.0,-0.16517006
67.2,61.459766,0.0,-0.16517006
62.07,61.712738,0.0,-0.16517006
58.19,56.510128,0.0,-0.16517006
52.49,50.562027,0.0,0.8783091
52.42,52.11297,0.0,0.8934751
49.5,53.403877,0.0,0.8934751
48.05,48.859085,0.0,0.8934751
46.89,56.12128,0.0,0.8934751
45.0,57.73617,0.0,1.0859694
50.85,60.017223,0.0,1.0859694
60.65,56.629116,0.62,1.0859694
63.74,64.48843,20.80025,15.54177
50.58,60.858776,68.84225,50.80595
44.54,35.960453,114.8265,104.79938
44.97,33.03947,137.91649999999998,127.04489
44.19,38.651524,121.89475,125.31982
61.65,54.599285,78.757,95.63133
83.0,73.57493,27.44425,42.018604
88.84,95.94389,1.37875,4.3597918
93.74,99.481575,0.0,-0.12738398
94.26,96.77773,0.0,-0.16517006
92.14,88.329056,0.0,-0.16517006
91.19,81.626114,0.0,-0.16517006
91.95,80.7312,0.0,-0.13979426
95.05,80.77925,0.0,-0.16517006
90.98,84.036766,0.0,-0.11997466
97.1,81.84632,0.0,-0.13979426
91.05,90.21564,0.0,0.8934751
85.7,86.43366,0.0,0.8959225
82.66,81.57021,0.0,0.8959225
81.0,83.207504,0.0,0.8959225
81.51,88.94425,0.0,0.8959225
84.72,88.74646,0.0,1.0884168
92.79,92.8692,0.0,1.0884168
98.12,90.97927,0.522,1.0884168
96.29,96.447975,19.99525,14.608653
89.25,86.17785,68.138,46.923428
84.99,68.68788,113.99575,99.846466
82.31,70.7434,133.03549999999998,130.20618
82.75,73.869934,118.51025,127.82589
90.65,87.244774,77.21125,94.36504
105.28,99.3088,28.66,39.967186
112.35,114.83897,1.49575,4.451515
116.59,122.90554,0.0,-0.107564405
114.42,120.43817,0.0,0.15133928
113.76,106.843925,0.0,-0.11997466
110.7,103.4841,0.0,-0.25124887
108.66,101.81094,0.0,-0.06328075
106.26,96.842545,0.0,-0.3616701
98.14,97.4475,0.0,-0.46319607
95.98,93.440346,0.0,-0.3616701
91.16,91.06658,0.0,0.40482208
84.03,88.209854,0.0,0.868284
80.87,82.488785,0.0,0.40482208
81.62,81.21382,0.0,0.40482208
80.97,86.62512,0.0,0.29510495
85.04,84.97741,0.0,0.48759925
95.26,90.91455,0.0,0.48759925
99.87,96.4483,0.078,0.5948691
92.95,100.50094,5.77075,15.080552
79.63,88.07704,17.24125,27.192188
74.69,72.27798,25.01125,35.910767
74.17,67.756744,30.271,38.106037
81.31,70.201904,39.44775,38.197395
86.56,88.44094,26.22275,36.67339
90.91,99.64472,8.38275,13.180421
99.9,107.59511,0.32375,0.19899419
103.69,112.51983,0.0,-0.27911186
106.52,110.12288,0.0,-0.19188222
104.05,104.159615,0.0,-0.06579829
100.91,97.98087,0.0,-0.46319607
92.8,97.535194,0.0,-0.37312207
94.11,89.00363,0.0,-0.06579829
89.9,90.42168,0.0,-0.06579829
84.52,86.04464,0.0,-0.19188222
83.48,81.815506,0.0,0.5664188
79.66,81.95241,0.0,0.38517925
77.82,79.66824,0.0,0.29510495
78.56,79.5401,0.0,0.5664188
81.49,83.462105,0.0,0.92322266
84.48,86.13931,0.0,1.3345392
89.28,88.78505,0.0,0.7589133
95.0,95.464554,0.378,1.3345392
94.42,98.420975,14.01225,7.233257
88.8,90.51175,38.30825,28.367033
88.37,79.31572,62.54075,58.221016
80.02,78.64695,65.16725,71.79811
80.03,76.75921,57.27325,64.31991
85.66,86.70865,38.6045,47.560566
98.34,95.73371,14.87575,17.2909
108.22,110.92109,0.97975,-0.4530205
111.61,114.8911,0.0,-0.3776516
115.0,112.59333,0.0,0.20803325
113.81,107.07072,0.0,-0.19188222
105.01,104.25193,0.0,-0.19188222
99.03,98.13567,0.0,-0.19188222
98.28,93.17722,0.0,-0.19188222
98.07,90.35537,0.0,-0.19188222
92.53,90.954575,0.0,-0.19188222
94.15,93.90528,0.0,0.29510495
86.22,94.51934,0.0,0.29510495
82.19,88.11877,0.0,0.3253576
83.64,89.4923,0.0,0.5664188
90.79,99.9446,0.0,0.5664188
96.33,108.50219,0.0,0.7589133
104.69,113.1048,0.0,0.7589133
113.88,109.97166,0.0225,0.7589133
111.0,119.609215,4.0,11.020914
104.0,113.37582,14.236,26.595108
97.36,104.81925,26.59825,30.072628
96.77,98.49113,35.972,33.306007
95.59,99.841095,41.6135,32.73124
96.14,104.68149,30.649,28.950281
102.44,108.46092,12.55725,13.046144
107.0,120.46578,1.324,1.021456
106.87,125.043655,0.0,-0.1365902
104.18,118.75558,0.0,-0.46319607
96.5,104.87943,0.0,-0.19188222
91.32,92.52389,0.0,-0.46319607
84.19,88.90244,0.0,-0.19188222
88.2,81.78795,0.0,-0.3616701
83.39,85.9294,0.0,-0.14516577
77.98,83.5732,0.0,-0.14516577
73.4,79.99584,0.0,0.87073135
72.18,73.841125,0.0,0.87073135
69.56,71.75276,0.0,0.8959225
68.84,76.458015,0.0,0.87073135
72.3,83.23702,0.0,0.8959225
80.19,85.11274,0.0,1.0632257
88.07,93.967255,0.0,1.0884168
94.88,92.8698,0.468,1.0632257
94.39,101.93453,17.747500000000002,4.6333137
85.82,94.94329,55.38675,34.523956
79.38,78.320274,88.56700000000001,66.825775
76.16,71.97617,103.40925,83.146736
76.21,74.41752,89.76675,87.49962
86.53,82.54516,60.32025,53.490837
98.36,96.39848,22.3355,23.558962
105.9,111.68487,1.85925,3.4935184
109.08,115.97053,0.0,0.28625444
108.5,111.83622,0.0,-0.11997466
105.64,100.97698,0.0,-0.3616701
100.65,96.886375,0.0,-0.11997466
93.0,94.131645,0.0,0.20803325
92.06,86.82698,0.0,0.20803325
85.81,87.542435,0.0,0.026793461
88.1,80.61423,0.0,-0.19188222
