actual_price,predicted_price,actual_P,predicted_P
20.0,17.820902,632.0,527.2059
21.03,17.87132,632.0,663.1423
26.01,23.09724,583.0,650.74664
33.44,30.53736,501.0,448.59558
36.26,37.669468,1377.0,1112.1146
33.0,32.941486,7836.0,4809.198
18.0,16.16335,15828.0,12322.117
0.03,5.202879,19119.0,19007.598
-0.01,-5.160744,19798.0,20250.744
-0.01,-1.0089676,20524.0,20125.521
-0.01,-0.44139016,20100.0,20285.805
-0.01,-0.44139016,19422.0,19728.59
-0.01,-0.48853675,18815.0,19033.111
-0.01,-0.0069524148,18439.0,18146.623
-0.01,4.059037,18828.0,17570.107
0.0,6.8222337,18293.0,17089.285
32.5,10.903247,15272.0,15247.906
49.56,48.30018,8051.0,8585.875
111.16,63.441395,1943.0,2079.475
100.0,102.4444,905.0,658.5022
75.31,85.70559,859.0,615.5463
35.01,65.43317,844.0,619.40967
30.5,31.542953,749.0,603.3511
33.27,22.837866,694.0,687.3742
32.02,28.42409,654.0,700.67474
32.0,26.792444,641.0,654.6222
31.08,29.435987,577.0,603.9247
35.01,33.36205,556.0,543.5153
54.88,44.211533,1415.0,1317.2198
35.01,44.53004,7307.0,7000.0435
17.2,26.29906,15523.0,13300.983
0.85,4.2244444,19136.0,18830.559
-0.01,-6.037003,19035.0,20518.28
-0.01,-1.9874008,19312.0,19579.54
-0.01,-1.4198238,19551.0,19621.547
-0.5,-1.4198238,18473.0,19422.16
-0.6,-1.4669703,17227.0,18475.861
-0.62,-0.68601125,16863.0,17308.246
-0.01,3.3799822,17948.0,16695.705
1.72,7.141071,18763.0,16252.08
23.0,14.916231,15625.0,15385.841
55.18,42.933456,8247.0,9434.39
96.0,75.52879,1789.0,2456.506
100.86,94.106895,694.0,738.0885
54.88,88.76004,649.0,755.5142
49.63,48.410797,618.0,755.5142
39.0,40.679413,618.0,645.7058
43.81,33.939667,617.0,649.61426
39.22,37.204144,608.0,637.4349
38.24,35.42729,604.0,604.6268
40.01,38.07084,530.0,556.6235
37.95,44.629574,466.0,531.56146
45.0,43.441383,1383.0,1349.6641
38.24,36.094868,7449.0,6413.601
16.06,26.218567,15035.0,13439.471
3.52,4.285281,19513.0,18965.188
0.65,-5.1278834,20148.0,20484.18
-0.01,-1.8625079,20159.0,20279.547
-0.48,-1.4198238,19362.0,19903.406
-0.9,-1.4198238,18181.0,19382.793
-0.12,-1.4669703,18472.0,18091.957
-0.01,-0.68601125,19003.0,17770.951
0.07,2.528221,18842.0,17769.252
17.77,7.594031,17612.0,17172.08
36.13,33.09246,12587.0,14718.1045
71.63,57.030796,6588.0,7794.2217
134.99,86.23916,1649.0,1850.5719
119.02,124.19795,803.0,631.03265
70.9,101.23708,773.0,589.5052
55.0,59.310986,781.0,599.48773
53.1,47.68897,764.0,602.18195
47.7,46.658657,478.0,678.43994
45.78,43.5143,364.0,546.4507
45.54,41.103394,326.0,415.99197
46.08,43.455906,221.0,263.2534
49.55,49.5702,230.0,222.98526
68.38,48.626064,1028.0,835.607
53.01,57.116756,6311.0,5270.538
29.13,36.538536,13632.0,12218.799
1.83,13.144451,17103.0,16681.158
0.0,-6.037003,18880.0,18643.225
-0.01,-1.9874008,19812.0,19327.645
-0.01,-1.4198238,20126.0,19776.832
-0.07,-1.4198238,19813.0,19684.984
-0.07,-1.4669703,19180.0,19389.549
-0.01,-0.68601125,18514.0,18731.984
5.0,3.3799822,18019.0,17707.896
45.36,20.062103,15770.0,16966.59
55.28,57.779785,11555.0,12691.869
100.29,73.49695,5862.0,6602.9043
120.59,115.29715,1512.0,1543.7122
130.19,115.47106,664.0,684.28784
103.35,114.456604,648.0,693.80347
107.0,90.692986,645.0,691.10925
89.74,93.6471,584.0,690.0535
70.55,78.12068,501.0,524.47516
72.0,60.783493,430.0,434.69403
83.61,63.777637,350.0,317.599
80.0,76.244576,303.0,248.22688
83.61,75.20115,240.0,211.66544
64.31,81.755165,1068.0,1164.729
33.55,48.73783,6518.0,5293.864
1.0,18.136822,13165.0,12265.939
-0.02,-7.523156,16808.0,16496.195
-1.0,-6.9227347,17195.0,18332.447
-3.07,-2.74824,16600.0,18287.8
-5.0,-2.1806624,16044.0,17344.006
-5.48,-2.1806624,15837.0,16398.957
-3.0,-2.2278092,16224.0,15956.475
-0.05,-2.099664,18068.0,16102.3125
0.0,2.6196682,18107.0,17595.135
1.93,10.875104,16485.0,15965.048
31.78,17.149445,12056.0,11848.774
62.0,59.630234,5517.0,6495.732
64.31,82.28204,1399.0,1682.7762
74.44,75.66154,675.0,649.55725
63.5,70.840576,664.0,625.8401
60.0,64.68401,654.0,628.79816
36.07,58.696903,588.0,575.4411
35.01,39.674885,563.0,529.0849
34.95,39.739994,554.0,443.5082
34.43,37.19387,424.0,443.30505
35.0,35.301903,298.0,231.34042
35.01,41.22849,241.0,141.61783
32.22,39.078445,906.0,1098.7249
2.4,16.491629,5261.0,4703.028
-0.01,-7.831339,10012.0,10356.974
-0.6,-7.7842274,13441.0,13418.483
-2.11,-7.086025,15201.0,14955.255
-5.48,-2.6870332,15321.0,15798.31
-6.0,-3.0479057,14946.0,15335.424
-6.0,-2.7727973,14721.0,14624.475
-6.01,-3.0950525,13846.0,14259.477
-6.0,-2.314092,12910.0,13940.723
-0.62,1.8280616,12907.0,12870.13
2.94,6.095814,12724.0,11935.59
22.82,14.11811,9322.0,10236.323
35.01,43.789333,4224.0,5054.1123
40.55,53.09986,1058.0,1296.3049
53.96,47.0641,477.0,491.7501
40.41,46.525738,359.0,420.11227
30.24,37.383892,333.0,325.93112
27.25,25.667862,308.0,274.45413
26.66,27.020214,245.0,269.65274
19.1,25.300556,166.0,263.21817
20.01,17.7758,114.0,189.0634
18.89,23.689484,77.0,136.23506
35.01,28.30635,69.0,172.9877
45.59,44.005688,589.0,881.20654
52.96,39.262085,4240.0,4275.0723
40.01,39.286354,9347.0,9515.908
17.55,29.488205,13424.0,12682.064
2.95,9.099838,15650.0,15129.791
0.85,2.9599984,16837.0,16396.781
0.46,3.0125608,17969.0,16816.5
0.0,2.426303,19007.0,17342.248
0.0,1.8003983,18263.0,18115.098
0.0,2.1525345,17878.0,17566.984
1.72,4.3161774,16852.0,16588.615
14.9,7.34411,14550.0,15303.445
40.3,34.865654,10894.0,11482.371
88.05,58.126633,5776.0,6129.1523
100.0,97.99471,1547.0,1477.844
98.21,94.95149,623.0,506.03433
66.5,84.973274,557.0,511.75983
80.0,57.186813,543.0,471.20087
69.76,67.70821,495.0,438.36337
69.76,59.2563,394.0,360.54477
69.76,60.20526,308.0,263.29657
69.76,60.76911,212.0,174.05916
80.95,63.22665,200.0,144.08145
95.94,81.492325,202.0,70.50878
107.61,93.39585,818.0,615.28046
82.0,96.3618,4229.0,3978.5908
52.0,68.05037,8989.0,7828.783
31.45,38.342903,12178.0,12247.186
5.0,17.03279,13981.0,13743.641
1.03,1.8136865,15847.0,14987.565
0.0,-0.89482856,16217.0,16280.852
0.0,-0.9361697,16584.0,16595.402
0.0,-0.9833163,17048.0,16847.463
0.0,-0.77684116,15426.0,16735.328
3.17,3.734723,14178.0,15061.091
17.71,8.913304,12193.0,13306.086
38.57,35.265068,8183.0,9818.678
53.1,62.850224,3906.0,5470.7285
108.27,70.139046,910.0,1467.33
108.78,103.089096,307.0,697.6214
96.05,93.51899,237.0,473.50668
89.6,87.100945,149.0,427.60913
80.71,79.61677,131.0,290.49088
75.14,77.0376,131.0,258.3217
75.0,72.94736,105.0,233.83347
74.52,73.57459,101.0,188.3151
82.13,75.19668,111.0,186.99092
98.22,88.86717,108.0,184.2967
105.0,103.38495,780.0,845.6674
78.1,97.71877,5118.0,4805.6226
48.37,62.220634,12434.0,11379.388
32.35,32.894287,17487.0,15865.138
4.83,16.38366,19554.0,18389.178
3.6,0.17588253,20226.0,19400.459
3.52,-0.17406055,20383.0,19641.24
1.72,-0.17406055,19635.0,20052.807
0.09,-1.3422333,18969.0,19440.424
0.0,-0.6026154,18056.0,18037.79
6.2,3.832786,17389.0,17220.88
28.04,21.052837,15871.0,14606.09
60.0,46.054535,12580.0,11100.391
108.38,77.77921,6428.0,5962.6646
127.01,116.1357,1548.0,1546.8318
123.46,121.47878,658.0,455.03815
99.38,109.84248,642.0,421.08038
110.73,91.61022,640.0,393.141
96.0,97.39682,601.0,370.63757
94.25,89.842064,605.0,366.27115
92.28,89.811165,528.0,363.98956
92.28,88.07829,440.0,330.12393
93.86,92.3265,331.0,239.39229
101.27,99.17724,265.0,204.71892
111.24,106.56917,931.0,876.93365
82.13,101.612686,6245.0,5329.813
17.01,66.6936,14195.0,12682.219
0.0,6.0152445,18587.0,17867.488
0.0,-6.0784993,19831.0,19960.68
-0.01,-1.9040049,19791.0,20280.31
-0.01,-1.3364278,19830.0,20162.236
-0.01,-1.3591429,19901.0,19996.434
-0.01,-1.4062895,19716.0,19859.73
-0.01,-0.62533027,18892.0,19698.42
0.0,3.4406633,19315.0,18174.477
3.17,10.442019,18513.0,17728.797
33.94,21.921629,16077.0,14258.435
99.77,63.900112,9194.0,8834.481
140.34,117.5257,2276.0,2296.9485
142.03,134.39375,751.0,657.53107
118.24,124.29864,697.0,654.0986
130.05,109.65339,696.0,674.25824
127.93,117.73409,696.0,610.8788
118.24,117.4824,671.0,684.9261
112.75,111.43989,644.0,615.36206
112.24,109.2094,642.0,521.3687
113.77,110.90748,630.0,349.56577
123.26,114.85894,518.0,446.08917
126.83,124.33055,1502.0,1080.561
123.26,114.007675,7605.0,5752.0625
57.03,101.962425,15102.0,13312.23
7.26,37.590042,19471.0,18683.209
1.72,-2.1243794,21645.0,20448.902
0.66,-1.8018271,21921.0,20485.541
0.0,-1.2342497,22036.0,20287.592
0.0,-1.3591429,22031.0,20559.049
0.0,-1.4062895,21809.0,20387.576
0.0,-0.6248044,21256.0,20154.219
1.2,4.317369,19934.0,19637.94
14.34,8.474334,18850.0,18508.803
44.69,35.454834,15762.0,15693.955
105.0,70.07362,8732.0,10183.074
135.01,122.843834,2196.0,2588.5632
140.34,135.75185,710.0,666.2786
121.35,125.079285,668.0,658.61115
112.84,116.9946,663.0,658.61115
103.77,110.69177,660.0,658.61115
101.57,100.59191,659.0,667.4241
100.59,99.13455,656.0,647.50214
100.59,99.86271,656.0,647.50214
101.57,100.813576,628.0,647.50214
104.0,105.98043,494.0,576.38556
93.8,107.12445,1528.0,1285.6848
22.2,89.77325,7850.0,6531.407
0.7,12.994163,14905.0,13549.0625
0.0,-7.5233116,17878.0,18511.117
-0.01,-6.8620543,18538.0,19174.85
-0.5,-2.6875591,17403.0,19224.732
-0.5,-2.1199815,17264.0,17795.143
-0.6,-2.1199815,17304.0,17501.223
-1.21,-2.1671283,16198.0,17353.428
-1.21,-1.3856423,15195.0,16466.658
-0.6,2.6803493,15520.0,15589.088
0.0,6.881018,17017.0,15016.27
3.52,16.142227,15736.0,14162.241
45.0,36.875443,9089.0,9844.123
110.2,72.54603,2291.0,2518.266
104.0,113.11436,779.0,633.367
90.0,99.42487,742.0,634.2176
79.47,85.93852,738.0,636.87714
78.49,75.98403,734.0,642.32367
79.0,76.356125,716.0,736.18823
65.0,77.25893,692.0,736.18823
65.0,65.01732,597.0,706.95374
65.0,65.27937,509.0,617.674
64.36,69.9335,468.0,490.5401
22.02,63.83664,1461.0,1269.7811
0.83,9.95341,6676.0,6541.0703
-0.5,-8.151388,11245.0,12613.063
-2.0,-7.587368,13608.0,15545.786
-2.5,-6.8620543,14163.0,15731.417
-2.5,-2.6875591,14750.0,15313.868
-2.5,-2.1199815,15437.0,15426.613
-2.1,-2.1199815,15624.0,15625.753
-3.0,-2.1671283,15026.0,15042.078
-2.8,-1.3861681,14228.0,14414.257
-2.1,2.6798239,14435.0,13776.927
0.0,6.9481034,15917.0,13466.351
4.9,12.358454,14729.0,13416.948
86.78,26.765987,7720.0,8895.075
108.78,101.165886,1815.0,2280.9302
109.29,105.34932,690.0,650.33014
98.8,95.62637,633.0,472.43674
90.6,90.381615,621.0,626.9359
77.94,82.17235,607.0,609.0789
77.94,74.92977,566.0,602.4528
80.0,72.136444,471.0,574.7837
82.86,76.22159,420.0,476.4963
87.35,82.24567,424.0,355.75433
102.25,90.8431,373.0,356.90155
107.06,100.010635,1171.0,1053.5072
85.01,94.83192,6093.0,5345.3535
20.1,69.89785,12645.0,11133.479
7.19,13.157572,16545.0,16020.27
3.17,2.2498283,17836.0,17672.338
1.72,3.0203097,18808.0,17900.842
1.72,3.0791202,18931.0,18608.047
2.95,3.0791202,19062.0,18198.625
3.17,3.4741812,18789.0,17934.646
5.57,4.4322906,18640.0,17386.318
12.39,15.005312,17061.0,16844.938
50.0,26.702213,13822.0,14435.378
90.0,62.203323,10807.0,10965.547
113.76,105.70249,5283.0,7113.3613
135.0,124.586845,1307.0,1648.5659
124.1,128.06586,330.0,633.3577
114.27,109.38617,260.0,431.83157
118.97,104.49407,230.0,400.97177
114.99,105.90813,175.0,381.13388
114.4,106.67452,115.0,323.543
113.01,107.40799,39.0,288.96738
113.03,108.45292,36.0,219.35437
113.2,112.861694,33.0,251.6685
114.4,118.06425,35.0,136.38391
117.0,119.00529,909.0,694.057
114.99,109.99459,4825.0,3921.0452
111.72,93.27863,9668.0,9752.929
105.0,89.676895,12980.0,13316.536
87.47,84.60903,15594.0,15001.134
56.6,70.90868,17474.0,16525.678
56.0,45.335007,17748.0,17657.596
55.4,45.335007,17463.0,17517.885
54.88,44.12106,16657.0,17076.723
55.01,46.798695,15560.0,16396.98
93.35,52.911316,12741.0,14804.105
105.0,93.964485,10157.0,11439.74
110.7,114.2199,7288.0,6987.4175
119.58,121.76587,3943.0,3571.556
124.35,129.6272,910.0,1230.6145
121.18,121.81982,61.0,439.0271
114.4,110.12142,47.0,144.98651
111.89,107.632965,44.0,37.694794
108.56,105.55928,44.0,31.071342
106.07,104.60561,44.0,15.444933
106.02,104.33819,41.0,-0.37079614
104.0,105.37219,40.0,1.1717054
106.02,107.67427,40.0,1.1717054
107.49,112.86807,47.0,1.1717054
110.63,113.52376,522.0,444.35272
109.58,105.63833,2774.0,3542.2114
101.27,98.067024,6463.0,7428.717
82.28,91.591225,10450.0,10808.879
49.99,73.713875,14493.0,12924.05
14.28,42.617027,16243.0,15518.59
5.0,14.551329,16953.0,16746.438
3.52,7.137183,17304.0,17082.51
1.1,4.461716,16993.0,17247.273
2.5,3.782724,16803.0,16719.766
3.0,18.4663,16159.0,15557.575
15.0,27.855667,15110.0,14207.096
74.0,48.015564,13223.0,10867.541
105.01,96.512436,7151.0,6879.6133
115.5,119.92027,1793.0,1544.1067
114.81,115.951355,600.0,330.3469
109.58,106.56307,576.0,353.5324
104.59,103.743034,544.0,248.29335
99.97,101.07105,456.0,246.50517
95.11,98.444595,376.0,169.70311
93.94,95.395454,291.0,126.48412
93.94,96.027176,186.0,168.64296
98.27,98.90994,166.0,159.77318
102.98,105.69601,93.0,117.37173
103.8,110.81732,1098.0,482.6706
90.0,101.64886,7079.0,4188.143
15.27,79.95113,14929.0,10585.2705
0.01,12.545878,18654.0,17113.057
0.0,-2.6748853,19986.0,19742.617
-0.01,-1.9040049,20139.0,19932.594
0.0,-1.3591429,20766.0,19843.654
0.0,-1.3591429,20887.0,20330.375
-0.01,-1.4062895,20329.0,20123.324
0.01,-0.62533027,20475.0,19901.102
1.0,3.4406633,21057.0,19354.791
15.27,7.3990846,19484.0,18698.428
89.6,42.204254,15624.0,16477.951
104.01,107.46005,8596.0,8935.962
131.71,119.36365,2255.0,2555.4478
140.64,129.47037,802.0,612.5321
117.96,128.21071,769.0,554.31146
126.84,112.72056,713.0,576.2226
119.08,118.30991,680.0,567.26245
113.98,114.11107,659.0,576.12036
112.33,110.13594,647.0,473.3464
111.35,109.803505,607.0,417.02673
111.35,112.089836,515.0,400.81744
113.89,118.39283,285.0,346.1927
113.86,120.17314,1126.0,1216.3878
112.47,109.28712,7156.0,6311.4805
50.0,91.28131,15304.0,13268.693
14.5,33.348118,19910.0,19147.787
0.85,4.2988706,21492.0,20891.523
0.0,-1.8018271,21461.0,20496.477
0.0,-1.3591429,21122.0,20351.418
-0.01,-1.3591429,20184.0,20268.373
-0.01,-1.4062895,19742.0,19667.533
0.65,-0.62533027,19223.0,19489.549
3.52,3.9349635,17796.0,18731.723
17.43,16.296078,15881.0,16762.268
90.4,45.210323,13319.0,13890.965
105.47,108.162476,7941.0,8724.122
120.58,123.088455,2259.0,2608.309
120.98,124.24183,690.0,732.68274
113.98,112.78987,654.0,715.75464
110.02,110.51249,640.0,658.61115
109.7,104.56155,564.0,645.63824
109.8,105.36793,544.0,633.73254
108.98,106.528984,542.0,617.67395
109.0,106.3317,506.0,584.4627
109.7,106.920586,380.0,521.32684
109.73,111.081665,288.0,338.77594
104.9,109.216286,913.0,1238.2269
51.21,95.922195,6190.0,6018.3066
4.17,36.25333,13606.0,12626.341
0.46,-6.614192,17925.0,16843.135
-0.01,-6.737161,18522.0,19185.01
-0.58,-2.6875591,18805.0,19140.936
-0.62,-2.1199815,19213.0,18912.984
-1.0,-2.1199815,19024.0,19289.488
-1.5,-2.1671283,18335.0,18558.42
-0.37,-1.3861681,18015.0,18041.373
0.65,2.6798239,17672.0,17569.312
5.0,9.239812,16029.0,16170.547
36.27,33.566986,12883.0,13461.972
86.0,68.389366,6672.0,8415.71
101.96,102.549545,1805.0,2171.8933
105.88,104.028305,686.0,549.11664
100.98,99.83092,658.0,612.23175
87.47,97.94691,590.0,586.1906
62.0,84.25866,538.0,562.145
38.7,63.99488,528.0,553.33966
34.7,46.146408,514.0,538.77747
24.35,40.340393,452.0,521.32684
20.0,31.730047,382.0,401.18796
18.47,31.887917,284.0,308.44794
15.13,28.45356,1020.0,927.98724
2.0,6.4767323,5533.0,5505.002
0.0,-7.790118,10958.0,11666.034
-0.6,-7.5646524,14227.0,14314.23
-1.21,-6.8620543,15337.0,15930.572
-1.21,-2.6875591,16169.0,16211.726
-3.0,-2.1199815,16739.0,16603.885
-2.67,-2.1199815,16691.0,16730.512
-2.0,-2.1671283,16740.0,16590.979
-1.21,-1.3861681,16044.0,16412.354
-0.6,2.6798239,15541.0,15457.09
0.0,6.947578,15195.0,14294.282
2.4,16.611206,13602.0,11985.553
33.96,27.476788,7837.0,7279.3193
76.85,60.244865,2188.0,2424.168
78.43,81.587975,626.0,672.0032
53.97,74.45813,530.0,630.0557
32.74,52.466633,515.0,564.9496
19.96,31.828377,473.0,520.82874
16.58,24.013178,462.0,505.45398
13.27,20.143976,461.0,483.05762
15.0,16.48395,460.0,469.8003
24.76,23.611588,460.0,376.0086
60.0,34.06834,424.0,342.51578
71.6,66.88681,1262.0,825.34406
58.49,67.281136,6923.0,4402.191
20.0,45.397114,14559.0,11623.149
4.5,12.6864395,18819.0,17166.139
1.0,-0.6215524,20507.0,19761.77
0.65,2.5115407,21393.0,20095.879
0.85,3.0791202,21404.0,20310.924
1.72,3.0791202,21685.0,20094.195
3.52,2.7350054,20959.0,19910.54
17.73,7.0081916,20502.0,19552.107
47.69,25.228645,19831.0,18870.887
101.64,56.276745,17052.0,17877.791
117.2,109.871445,12600.0,12838.11
125.41,126.854546,6231.0,7119.006
210.0,129.88434,1802.0,1924.1237
166.91,184.92137,660.0,450.5019
125.41,144.38322,632.0,399.22885
128.64,114.094315,629.0,493.12567
124.76,115.42388,564.0,377.1708
120.0,115.54532,479.0,369.19928
119.82,110.82316,407.0,350.024
120.0,111.764084,349.0,274.6319
117.1,116.669075,253.0,244.86935
119.82,121.02842,253.0,187.42345
124.59,122.70891,1075.0,805.75806
126.91,117.86613,5895.0,4905.0117
112.96,111.347595,12652.0,10561.886
72.88,98.37582,18021.0,16023.15
26.75,61.305126,21091.0,19629.393
24.17,21.360325,22785.0,20259.395
22.57,18.7869,23454.0,20214.855
18.16,20.032358,23429.0,20184.94
12.0,15.667462,22821.0,19914.236
24.2,16.119753,21060.0,19771.445
72.88,36.828503,18809.0,19112.166
94.78,89.058846,16091.0,16916.508
115.0,111.62886,13617.0,12472.114
126.68,129.4134,7456.0,6262.4805
154.76,151.56718,2015.0,2252.0327
152.03,152.64543,648.0,584.55316
127.91,133.99298,617.0,578.8552
128.37,120.34004,538.0,577.2625
123.17,119.60981,465.0,511.35794
121.86,118.21663,413.0,440.11823
122.11,116.373055,390.0,308.01984
123.17,119.99092,338.0,311.69196
125.97,123.77289,234.0,231.46918
125.07,128.9123,174.0,194.26875
128.31,129.17586,1141.0,864.1559
121.12,119.5802,6647.0,5333.8237
114.68,108.82773,14060.0,12277.964
80.4,100.53217,19068.0,17202.621
61.0,63.723225,21478.0,19979.338
46.01,52.37465,22822.0,20253.867
41.55,39.714836,23879.0,20102.242
41.11,35.029034,23925.0,20230.697
40.01,33.423687,23053.0,20145.88
51.77,35.70529,21519.0,19840.506
82.9,58.720966,19165.0,19168.17
114.67,94.240814,15420.0,17379.307
123.17,124.54747,10872.0,12468.735
139.03,135.8805,5151.0,6324.612
194.56,150.87166,1417.0,1696.5743
166.75,181.82819,462.0,423.34332
135.01,145.5354,432.0,542.69006
139.01,125.19233,337.0,402.22836
131.68,127.1598,253.0,336.9816
128.61,125.23416,170.0,268.3357
128.31,120.919395,148.0,231.5083
128.12,123.952736,144.0,225.32137
128.96,127.10092,143.0,139.97784
135.01,130.92102,104.0,48.8815
139.01,136.23404,952.0,773.50665
128.37,127.021454,5025.0,4606.195
124.19,111.666435,9985.0,10953.49
114.26,105.49237,14531.0,14175.247
80.27,95.11284,16612.0,16671.295
75.75,67.71129,19057.0,17612.537
70.0,64.650444,20044.0,19137.646
67.86,58.62398,20396.0,19694.283
65.0,58.290695,19962.0,19757.844
76.0,60.462135,18378.0,19559.53
95.0,81.026985,16626.0,17918.824
118.18,108.27466,13421.0,15089.321
123.0,131.54265,9642.0,9127.317
133.22,138.03351,5189.0,4855.851
167.55,154.64717,1241.0,1560.7964
164.6,162.21269,355.0,431.0936
133.02,146.43758,329.0,359.888
130.78,127.96435,283.0,297.50772
127.9,126.50712,259.0,218.95068
125.25,121.40175,199.0,196.39204
125.25,122.472,133.0,171.49443
124.94,123.03314,92.0,142.9229
124.33,125.53209,92.0,145.69206
127.97,130.76138,99.0,125.10979
128.08,131.35197,1105.0,909.6055
122.57,120.849915,6944.0,5315.0054
113.94,112.54937,14248.0,11791.327
86.9,103.28342,19134.0,17286.645
84.35,75.18739,21254.0,20157.35
77.0,76.698654,22423.0,20504.346
72.0,69.89898,23071.0,20380.69
71.0,66.804184,23068.0,20280.773
70.0,61.937965,22731.0,20050.082
81.5,66.28922,21404.0,19943.387
88.0,87.14436,18960.0,19179.713
111.79,102.23956,16689.0,16749.09
128.74,126.26598,13154.0,12355.605
140.0,139.33066,6757.0,6209.8774
163.49,154.84789,1807.0,1843.3593
159.99,161.61757,717.0,416.35886
132.21,141.42432,623.0,446.22906
128.89,126.14047,550.0,444.6363
126.93,119.86897,496.0,379.3513
125.87,120.67648,468.0,359.50296
122.86,121.74933,441.0,300.66284
122.42,121.20054,389.0,218.75177
121.44,121.49196,325.0,221.44601
122.86,121.81509,262.0,163.68138
115.56,123.56357,1021.0,945.67224
103.6,104.502716,6258.0,5753.728
40.0,93.361046,13714.0,12183.996
2.5,34.04477,18931.0,17059.314
0.0,4.0073833,20329.0,20204.969
0.0,4.8052616,21029.0,20293.557
0.0,4.2456126,21653.0,20147.785
0.0,4.2456126,21358.0,20153.727
0.0,4.198466,20518.0,20042.314
0.1,5.032137,19706.0,19805.602
4.31,13.312678,18998.0,19067.258
74.27,32.369705,16562.0,16718.518
109.99,98.325645,12404.0,12931.106
126.34,124.19791,6326.0,6803.9927
134.93,144.0267,1814.0,1926.2845
138.81,137.85545,638.0,617.7559
126.07,127.05797,543.0,590.94446
124.24,119.18398,492.0,512.9537
121.96,117.10906,475.0,459.06937
122.94,116.3998,472.0,461.4659
123.92,119.88217,472.0,435.82925
122.94,118.54597,446.0,410.26135
123.58,118.99099,334.0,314.05322
122.94,123.73945,213.0,232.13902
119.0,119.931206,842.0,978.14905
60.0,103.78233,5241.0,5325.4414
0.65,45.12136,11459.0,11124.729
-0.05,-7.6820498,15161.0,14864.634
-1.21,-7.086025,16489.0,17357.473
-1.5,-2.6875591,17214.0,17125.332
-1.01,-2.7727973,17972.0,17614.336
-0.62,-2.7727973,18260.0,17692.635
-1.21,-2.8199441,17633.0,18269.787
-1.1,-2.314092,17485.0,17175.295
0.0,1.5529528,16697.0,16787.139
5.0,14.499162,15813.0,15456.548
71.14,39.25272,13203.0,12175.025
114.12,96.01467,7476.0,7016.1987
128.76,127.11806,1823.0,2306.4087
130.78,125.188934,617.0,583.2779
128.76,120.98315,594.0,538.65424
127.73,119.257355,577.0,526.4884
123.58,117.09058,532.0,515.87054
117.78,121.09523,489.0,514.27563
115.2,116.74797,434.0,471.4126
114.72,114.5079,381.0,375.49146
114.96,118.59158,224.0,339.2318
121.85,122.77929,116.0,194.58643
127.0,124.701485,1021.0,890.6373
117.05,117.68676,5778.0,4539.5503
98.86,98.519455,11447.0,9858.966
91.75,82.018974,15206.0,14544.548
75.48,74.23132,17701.0,16824.027
71.27,64.433815,19246.0,18504.42
70.75,60.36241,20425.0,19308.367
57.42,60.47417,21217.0,20161.553
70.75,47.913017,20885.0,19734.459
71.4,66.15567,19367.0,19537.807
90.0,69.28292,16555.0,18317.965
108.0,94.63973,13336.0,14939.083
124.72,116.90995,9385.0,10373.745
136.43,137.07582,4716.0,6040.522
195.77,149.63266,1094.0,1617.1329
175.14,181.8143,362.0,545.6743
135.82,156.59003,187.0,405.58392
129.82,128.11339,64.0,249.4044
126.84,126.35464,40.0,201.11473
123.94,121.2912,40.0,198.7139
124.92,120.61439,40.0,175.5253
124.92,122.84267,40.0,145.87073
125.21,124.67142,40.0,67.08008
126.1,131.77182,39.0,29.210554
126.73,133.25644,711.0,768.19946
126.9,122.010666,4171.0,4098.0464
119.04,113.22222,9565.0,7757.9565
100.47,106.95313,13466.0,13160.78
77.69,89.17006,15508.0,14876.404
76.75,72.928635,17250.0,16569.363
37.28,73.708115,18134.0,17885.492
16.23,37.54768,18800.0,18396.691
7.5,20.929419,18156.0,18603.168
7.5,16.351292,16735.0,18151.361
20.06,25.221325,15715.0,16113.504
71.95,46.91089,14331.0,13846.471
104.61,96.5377,12110.0,9947.925
125.4,125.44123,6566.0,5567.2456
146.03,150.91739,1558.0,1654.1213
154.52,147.7536,347.0,438.8418
131.81,139.3141,303.0,229.50253
129.8,125.81445,307.0,156.21555
118.37,125.44824,271.0,160.83336
116.76,115.35495,214.0,158.05742
116.46,117.291595,204.0,144.17336
116.46,119.13361,204.0,144.17336
117.14,122.60367,204.0,122.6755
119.44,126.61646,206.0,139.6274
125.21,128.21591,930.0,694.5029
114.8,123.05842,5965.0,5004.5444
85.23,104.11716,13471.0,11763.761
42.63,77.44789,18011.0,17123.805
27.98,37.353477,20200.0,19612.338
15.0,27.599201,21275.0,20169.56
5.79,15.180119,22097.0,20544.2
3.52,5.725782,22798.0,20476.12
2.44,1.773436,22466.0,20344.945
3.52,1.0338391,20985.0,19815.693
4.9,13.186518,20085.0,19215.066
35.0,28.425003,18993.0,17849.672
96.0,65.85283,16227.0,14753.055
119.26,116.10385,9453.0,8593.565
150.0,141.17746,2563.0,2339.8242
154.52,148.02272,804.0,508.68573
125.21,140.52548,697.0,464.1199
119.95,121.397316,618.0,481.62
116.43,115.38999,553.0,432.54556
112.0,114.22455,531.0,392.78192
110.0,111.34337,517.0,378.31555
109.57,110.26624,457.0,356.33923
110.55,113.85303,398.0,294.5039
116.43,118.2617,244.0,261.6425
117.05,125.47664,1184.0,916.0601
111.53,113.89397,7654.0,5593.365
85.0,102.47543,16010.0,13293.141
50.24,75.82343,19437.0,19348.867
63.0,44.13744,21081.0,20497.846
62.59,55.550888,22558.0,20728.068
45.64,55.12461,22872.0,20662.594
37.39,38.97036,23267.0,20641.605
36.2,34.805958,23363.0,20474.475
37.39,39.625328,23176.0,20249.592
59.13,47.01061,22405.0,19722.328
80.09,70.49436,20772.0,18677.629
97.81,101.54514,16984.0,17113.922
118.33,116.56782,9613.0,10565.31
159.62,137.06915,2592.0,2695.0195
157.0,155.68568,744.0,742.80865
119.77,141.57191,668.0,646.6278
115.98,115.4141,659.0,601.7307
111.91,113.69071,622.0,551.0332
111.38,109.54309,612.0,562.7716
111.57,111.00457,612.0,531.5558
111.01,112.834526,611.0,499.72964
111.91,116.42131,602.0,469.45755
113.21,120.306,519.0,412.02417
115.11,120.65164,1383.0,1243.9272
111.25,111.1247,7550.0,7065.4414
92.91,100.6795,15955.0,13659.292
78.73,80.70095,19204.0,19691.803
67.45,69.24901,21082.0,20534.98
54.6,63.727615,21866.0,20727.543
36.95,50.170265,22644.0,20608.396
36.95,37.864765,22754.0,20598.0
35.0,38.204483,22215.0,20477.96
37.2,38.065323,22028.0,20239.074
71.87,51.100147,21032.0,19836.676
88.27,87.09427,19361.0,19078.342
109.29,106.83796,15749.0,16675.973
116.83,123.49439,9001.0,10251.723
141.05,138.56401,2410.0,2661.869
138.56,141.94298,711.0,646.24274
115.31,125.82239,681.0,613.01184
112.96,112.37214,677.0,611.4191
112.92,111.024506,672.0,599.7338
108.5,110.57411,672.0,671.71704
108.25,106.70794,669.0,673.395
107.04,108.16082,643.0,674.7874
108.0,108.82816,520.0,562.93994
108.0,111.88663,419.0,478.6062
108.0,108.33808,1290.0,1106.3375
91.0,98.759094,7264.0,6384.502
22.22,80.59429,14756.0,13010.987
6.0,17.196247,18686.0,18191.852
0.83,3.4448736,21052.0,20144.822
0.65,1.8088702,21769.0,20457.61
0.65,2.1716983,22036.0,20304.127
0.7,2.1716983,21820.0,20352.428
0.65,-0.24430403,21614.0,20028.27
2.12,2.9055138,21159.0,19781.178
10.26,15.757057,20662.0,19445.146
46.0,35.73417,19141.0,18647.467
96.26,75.127815,15682.0,15177.895
111.38,115.80634,8398.0,10006.8545
131.33,129.40648,2126.0,2567.205
132.65,131.75777,732.0,615.0964
115.0,123.80802,704.0,570.9949
111.38,111.25484,672.0,604.55493
108.02,109.133484,632.0,605.65643
107.0,105.08456,632.0,628.2909
106.06,105.795746,598.0,628.2909
107.0,106.31586,451.0,594.21564
108.02,108.60296,366.0,440.37228
109.98,111.50083,232.0,313.63263
107.04,110.353226,1124.0,968.08813
81.0,94.48475,6688.0,5827.6865
20.0,60.23785,14513.0,12405.38
3.5,6.055045,18548.0,17680.027
0.85,-5.8280416,19864.0,19582.068
0.85,-2.5626657,21162.0,20029.887
3.5,-1.9950882,22160.0,20256.422
4.31,-0.8740605,22282.0,20181.88
4.31,-0.78892726,21753.0,19874.53
5.0,0.15564926,20491.0,19427.74
20.0,11.336271,18453.0,19399.988
66.27,35.17302,15711.0,17173.066
102.14,86.629974,12339.0,12710.044
111.98,117.7673,6671.0,7500.2725
129.45,127.83452,1686.0,2068.0757
154.52,130.2346,659.0,574.73615
133.61,138.98619,664.0,592.07385
125.5,126.796715,655.0,607.90625
116.18,120.265,648.0,589.35175
113.18,112.9692,615.0,626.1203
111.74,111.48211,502.0,583.5401
114.89,111.13757,335.0,492.2995
115.0,117.27947,260.0,297.09146
115.0,124.07576,227.0,167.38373
121.0,123.383766,1041.0,968.6439
115.0,116.19611,6216.0,5666.3374
109.63,104.0218,13613.0,12586.953
85.0,97.225044,18244.0,16902.8
78.27,76.00063,20413.0,19779.979
77.75,70.87194,21401.0,20452.256
78.01,72.54813,21674.0,20253.14
78.4,71.28733,21463.0,20359.252
88.18,74.81167,20597.0,20289.527
99.32,86.039246,19052.0,19767.305
104.1,103.32412,16511.0,17434.361
110.1,113.5201,13416.0,13910.817
111.38,125.04144,10091.0,9607.028
135.0,128.67677,5348.0,5518.649
175.01,148.59485,1503.0,1281.9841
157.0,168.00449,615.0,644.32294
127.86,143.58531,596.0,485.16476
129.98,123.01437,565.0,588.20514
118.32,124.242935,489.0,539.8631
116.7,114.38289,416.0,508.2112
115.98,115.87493,250.0,358.2916
114.8,117.94781,200.0,225.58891
115.98,118.7238,186.0,178.83842
116.22,125.39697,142.0,100.67838
121.4,125.0216,908.0,770.4108
114.74,117.11073,6291.0,4910.644
105.0,106.71675,14044.0,12063.318
96.91,96.270195,19177.0,17279.773
80.7,86.732925,20234.0,20285.11
80.0,78.31739,20853.0,20202.943
80.0,77.57082,20974.0,20471.482
80.19,77.57082,21036.0,20423.184
80.4,78.64365,20465.0,20280.543
92.0,82.276085,18618.0,19875.547
102.65,99.11254,16722.0,17552.89
109.91,111.89155,14604.0,14515.517
115.5,121.82181,11202.0,10148.546
125.0,133.37932,5981.0,5541.8745
167.0,146.52066,1827.0,1559.7523
159.66,161.3181,659.0,581.4848
129.78,141.65286,643.0,561.47705
130.14,125.429474,631.0,527.21783
120.0,123.19854,625.0,501.21414
112.13,114.47423,625.0,468.7087
111.63,110.00415,596.0,411.2753
112.13,110.856705,575.0,347.52927
112.92,114.514626,544.0,345.50137
111.0,120.961075,478.0,319.07675
113.55,119.70605,937.0,863.5524
110.45,108.9304,5796.0,5475.112
104.1,98.32173,13186.0,12399.484
81.79,93.81323,18100.0,17323.791
76.39,73.36837,18976.0,20035.414
70.64,71.610504,19301.0,19695.793
70.64,65.71658,19605.0,19717.408
70.64,64.06712,19496.0,20010.414
71.57,64.25919,18838.0,19290.857
79.73,72.29248,18107.0,18683.4
80.0,87.36383,16866.0,17512.156
87.68,97.19428,14069.0,14984.15
107.04,107.32288,11121.0,10987.212
112.92,124.545456,6275.0,6340.727
126.16,135.51065,1885.0,2079.7712
125.1,131.99376,707.0,582.8276
110.25,119.64693,661.0,546.3782
111.96,110.44271,646.0,594.25903
110.0,107.35674,637.0,592.6663
109.12,106.28705,635.0,602.49414
101.9,105.71422,578.0,563.39575
91.21,102.837776,517.0,496.14825
100.18,96.71535,432.0,505.42633
109.81,109.22004,307.0,369.97546
111.51,114.884,909.0,921.40924
104.9,106.87672,5949.0,5751.6016
70.58,95.27327,13866.0,12768.406
67.42,59.882786,17598.0,17715.146
55.58,58.76476,19167.0,19381.07
42.16,52.23696,20118.0,19919.84
37.2,43.341198,20913.0,20207.713
39.63,40.17824,20558.0,20379.668
56.67,40.63579,20037.0,20396.838
64.71,56.531742,18425.0,19736.777
81.0,69.799446,16750.0,17817.53
96.34,91.99422,14194.0,15422.825
109.0,110.13103,11975.0,12208.213
118.8,120.17684,6764.0,6789.427
142.59,132.99266,1812.0,2306.4436
140.34,138.87192,663.0,622.49756
119.35,128.74445,669.0,607.6581
110.62,113.40261,667.0,595.36053
107.9,105.06232,660.0,624.1331
107.26,104.45176,658.0,637.1221
106.76,104.22146,656.0,586.42456
107.02,103.57555,649.0,587.46875
107.83,108.048,595.0,547.66864
111.04,114.36326,467.0,475.20273
113.37,117.202805,993.0,1094.8229
110.0,107.807365,6239.0,5817.5146
91.15,95.10819,14331.0,13236.875
76.14,79.86171,18236.0,17982.094
72.0,65.62414,19229.0,20067.803
75.0,65.27272,20016.0,19960.86
75.58,66.84046,20675.0,20221.566
75.88,67.005486,20699.0,20545.16
75.88,67.55337,20403.0,20390.072
76.14,72.36954,19370.0,20167.85
78.98,79.52961,18137.0,18579.44
90.19,90.00986,16501.0,16875.254
108.5,106.59697,13656.0,13861.597
113.85,121.37265,8289.0,7907.301
139.26,130.80545,2264.0,2389.2168
138.03,136.65988,727.0,624.637
122.72,123.86074,680.0,619.1348
131.56,116.84114,670.0,611.4191
118.8,123.704475,664.0,612.8868
110.0,113.023315,664.0,630.7737
107.02,105.61332,656.0,655.3844
107.0,105.23003,652.0,639.3258
106.69,106.170296,620.0,617.3339
109.42,108.63801,482.0,573.1313
110.62,108.66009,807.0,1230.6941
100.0,99.81113,5685.0,5736.784
36.8,88.755,13245.0,12543.94
5.76,32.551956,17765.0,17407.6
3.52,4.766692,19957.0,19310.951
4.31,6.4591026,20541.0,20301.865
5.0,6.985339,21345.0,20525.701
5.0,9.151702,21414.0,20524.816
5.0,9.168778,20756.0,20270.969
5.0,12.065026,18716.0,20045.89
25.44,23.095856,17644.0,18148.816
41.25,48.090614,15345.0,15974.062
100.0,70.06542,12154.0,12657.395
112.8,115.36158,6830.0,7821.4854
131.33,128.45177,2041.0,2160.2595
134.0,131.75777,663.0,679.06903
120.0,121.7759,629.0,608.10455
112.17,116.26368,621.0,614.92596
106.01,107.875145,616.0,616.40454
103.6,103.259895,614.0,633.4332
100.58,101.94971,610.0,616.6837
100.1,100.04937,612.0,616.69824
100.82,100.89166,600.0,604.41705
101.3,104.36601,474.0,537.57806
96.98,104.381424,1061.0,918.7473
52.0,87.75705,6359.0,5797.094
7.4,39.790718,12872.0,13055.786
2.0,-3.5496936,16130.0,17078.932
1.0,-6.228394,17872.0,18070.598
0.85,-2.5626657,19324.0,18541.838
3.52,-2.292056,20081.0,19494.22
2.99,0.6831116,20355.0,19885.361
0.65,-0.13322136,19501.0,20179.69
0.65,-0.15633139,18459.0,19048.918
0.65,6.5481315,17334.0,17746.994
4.31,15.538989,16776.0,15829.481
31.53,34.025898,14982.0,13244.778
90.0,64.39008,8682.0,7961.437
108.21,111.47484,2275.0,2314.1855
110.62,114.67581,673.0,622.71484
108.68,105.65747,637.0,604.37665
106.65,105.86861,633.0,613.99713
96.18,101.93363,625.0,620.81854
92.25,96.95973,558.0,639.7816
89.01,93.00706,556.0,591.30585
85.01,90.47545,554.0,591.30585
95.0,91.296364,526.0,550.71857
103.5,105.054085,384.0,486.68378
106.65,112.85501,959.0,1057.8656
94.0,103.89204,6491.0,5927.702
57.5,84.780754,14540.0,12689.6045
37.5,48.01012,19787.0,17866.35
18.01,35.790867,21914.0,20869.916
15.01,18.943695,22695.0,20777.055
6.0,20.165462,23229.0,20639.098
5.79,12.039344,23292.0,20407.127
5.0,11.78483,22027.0,20254.188
3.6,14.381702,21257.0,20039.94
4.31,16.220009,20897.0,19087.916
5.0,21.927076,19776.0,18331.457
37.39,32.301445,16756.0,15968.015
80.0,68.87206,9629.0,10302.581
105.75,104.59163,2499.0,2593.663
104.48,109.7154,717.0,599.99164
95.1,103.0018,641.0,552.9357
80.1,96.48563,620.0,614.2894
62.4,77.128716,588.0,614.6088
50.0,63.462074,544.0,548.2134
35.1,50.90159,541.0,523.8426
35.1,45.11584,540.0,523.8426
30.1,48.01423,512.0,524.8868
60.73,44.797295,441.0,410.8839
74.99,75.057724,954.0,907.3439
60.0,72.94547,5460.0,5763.266
18.01,54.106026,11768.0,12459.883
4.31,14.928169,15970.0,16524.035
1.72,2.635642,18031.0,18040.584
1.72,3.9100215,19644.0,19391.88
2.99,4.6215625,20893.0,20210.12
3.52,4.6319923,21369.0,20323.422
3.52,4.16304,21881.0,20180.781
5.0,5.2159333,21517.0,19950.783
17.1,17.541073,20911.0,19527.064
45.0,31.816528,19615.0,18726.307
60.39,63.397675,15603.0,16954.05
104.5,81.80129,8834.0,10017.226
110.69,121.12063,2252.0,2672.692
110.62,110.98158,681.0,644.4487
106.06,101.4477,652.0,603.343
110.62,97.45537,649.0,624.1331
104.01,100.726234,645.0,562.2224
101.42,100.09291,629.0,589.0841
103.32,97.35154,640.0,589.0841
108.6,99.59748,557.0,589.0841
110.37,103.54487,411.0,519.3833
107.27,112.021416,246.0,387.13647
111.82,110.11395,677.0,909.75464
108.75,103.936745,4882.0,5301.2515
99.5,91.29138,11685.0,11582.23
56.91,82.78061,16657.0,15422.436
40.0,44.40895,18054.0,18549.332
35.1,34.16502,18188.0,19228.486
36.2,32.969913,18394.0,18814.23
36.2,32.969913,18345.0,18715.646
37.55,32.722237,18188.0,18595.607
50.0,38.40168,17914.0,18268.846
73.55,53.483013,16716.0,17184.572
75.4,82.74605,15470.0,15727.674
110.41,89.54081,13200.0,13310.882
115.04,120.662575,8178.0,8611.2705
155.75,125.67052,2353.0,2523.967
145.01,148.80801,780.0,622.7047
120.0,129.32529,739.0,638.52576
123.51,113.40261,728.0,624.1331
115.5,115.68257,702.0,624.1331
113.02,108.635345,694.0,703.0853
112.38,109.18711,651.0,689.6975
112.38,110.44103,622.0,583.62366
113.53,114.545166,560.0,509.8651
117.89,118.74424,470.0,413.27982
123.51,122.05357,939.0,667.56445
110.66,117.39406,6043.0,5237.593
108.1,96.3441,13500.0,12049.791
106.5,92.69374,17802.0,17543.412
90.01,90.79333,19027.0,19434.441
76.98,78.56589,20090.0,19772.072
75.57,68.07504,20776.0,20144.264
75.44,67.1327,20619.0,20357.066
75.0,68.01798,20518.0,20379.137
74.0,72.37719,20525.0,19917.201
76.73,78.37676,20475.0,19346.145
88.08,86.22555,20153.0,18438.648
103.99,104.99808,17273.0,16540.746
118.65,118.25197,10596.0,10433.792
153.75,136.3958,2765.0,3034.474
170.0,149.87032,839.0,735.3152
132.0,151.27951,760.0,657.87085
121.74,124.35257,694.0,640.3321
115.46,113.67641,698.0,658.61115
113.85,111.32154,685.0,737.56335
112.73,111.14181,595.0,719.3929
112.73,112.42827,578.0,636.729
113.33,115.57688,550.0,569.8482
118.47,119.3085,441.0,534.43524
125.0,123.31668,838.0,975.31696
111.07,117.75594,5708.0,5529.474
105.34,100.80248,12901.0,12576.447
63.1,96.720894,17025.0,17204.742
76.75,54.934563,18970.0,18815.719
80.0,72.85766,19919.0,19635.186
74.01,75.787315,20526.0,20127.22
62.19,70.109634,20357.0,20426.227
59.9,60.61594,19780.0,20263.723
55.4,61.7553,19085.0,19669.58
61.98,62.914967,18026.0,18676.889
67.0,75.344734,16563.0,17088.002
100.0,89.36458,14167.0,14115.207
114.23,114.44013,8791.0,9602.342
125.67,130.61978,2303.0,3000.8574
138.16,132.58322,668.0,709.1573
130.0,128.54718,636.0,635.5159
119.78,125.00271,619.0,640.2405
116.62,114.81795,553.0,646.57214
112.18,112.28344,492.0,622.61285
107.53,109.53136,425.0,514.568
105.42,106.16633,362.0,418.64667
103.79,106.283714,328.0,399.85757
109.85,107.01149,242.0,345.10825
118.99,111.63515,584.0,659.01776
105.42,108.90462,3927.0,4763.708
72.95,94.47904,9051.0,10316.289
42.1,59.255085,12305.0,13271.876
19.0,34.359734,14255.0,15054.736
15.0,18.138542,15529.0,15760.298
5.76,18.24727,17240.0,16247.395
4.31,6.8068466,17971.0,17468.57
0.85,5.1673937,17146.0,17607.795
13.68,3.7159476,16269.0,17043.7
35.0,23.426903,15758.0,16184.179
50.08,51.66572,14534.0,14831.483
75.4,72.4198,12829.0,11814.587
107.75,98.98436,8448.0,8557.426
125.67,122.32195,2337.0,2664.3345
133.0,127.15146,709.0,651.1791
121.74,126.402374,550.0,602.4479
119.36,113.82559,485.0,612.6179
117.06,113.416565,378.0,519.0573
114.11,113.000755,352.0,421.75885
113.99,110.60073,307.0,383.07037
108.67,111.480644,257.0,316.85452
104.64,106.764,212.0,293.82343
104.64,108.74868,151.0,247.8822
90.0,107.88018,789.0,487.98703
55.0,81.97493,6623.0,4670.8955
22.5,45.493496,13501.0,11504.039
4.28,11.963213,18306.0,16347.889
0.05,-4.090944,18307.0,19184.982
0.0,-2.664844,18481.0,18729.672
0.0,-2.416949,18240.0,18665.012
0.0,-2.1199815,17225.0,18413.584
0.0,-2.1671283,17585.0,17309.896
1.0,-1.3861681,18260.0,17284.844
5.79,4.972058,17977.0,17551.416
30.39,24.463778,18528.0,16233.546
70.1,51.798103,16050.0,15276.247
107.69,92.22608,9583.0,10110.187
124.5,120.65428,2522.0,2818.1912
134.62,124.17296,803.0,694.2438
121.74,122.59076,746.0,567.4615
118.1,113.95615,736.0,543.78827
112.45,111.19628,711.0,472.666
109.86,109.596436,699.0,590.7119
109.23,107.61038,676.0,569.896
108.9,107.27195,679.0,482.81635
110.1,110.83218,668.0,494.13055
118.06,117.59203,541.0,476.07037
122.72,122.721054,896.0,891.1059
116.0,119.81378,6140.0,5754.471
75.19,102.66842,14566.0,13016.883
65.0,61.898563,19508.0,18282.256
33.72,52.524254,21485.0,20666.768
34.06,29.372112,22061.0,20772.809
38.8,29.68047,22042.0,20639.098
31.49,37.005142,21750.0,20286.42
18.21,27.46108,21819.0,20166.38
27.09,19.09295,21113.0,20178.941
47.5,33.797867,20902.0,19591.174
60.0,58.457554,19707.0,19233.63
77.76,80.28118,16787.0,17423.848
117.06,99.328606,9676.0,10847.051
126.64,129.72652,2472.0,2830.1023
124.68,123.9823,831.0,718.7838
118.26,115.33203,779.0,663.5298
113.16,111.27609,758.0,658.61115
109.48,107.31612,700.0,658.61115
107.41,104.29157,683.0,743.0833
107.22,105.019455,679.0,695.0171
105.43,105.69943,668.0,695.0171
107.38,107.61644,586.0,692.569
113.16,112.44826,502.0,555.0348
118.81,119.339195,886.0,916.38763
107.4,111.82606,6354.0,5424.7124
72.97,92.333694,14832.0,13000.861
30.5,60.58899,19625.0,18359.746
39.87,16.638996,21632.0,21077.066
46.2,32.951027,22474.0,20745.035
45.0,41.29295,23131.0,20646.836
35.0,37.17035,23026.0,20576.307
29.95,28.44763,23118.0,20439.604
29.95,26.006899,22934.0,20176.361
49.0,36.63385,22523.0,19817.172
50.08,60.44881,21324.0,19204.355
72.84,67.452736,18141.0,17656.684
112.92,96.3964,10185.0,11695.179
135.87,125.24033,2532.0,2993.1516
135.05,128.6201,830.0,744.27673
120.05,122.058235,773.0,678.5697
113.31,112.98364,762.0,660.87024
107.85,108.54512,703.0,655.9516
106.83,103.94904,639.0,734.9038
106.83,104.011955,637.0,653.18066
107.22,105.112404,626.0,653.18066
110.68,109.132225,590.0,577.10077
117.61,115.81054,488.0,514.59607
125.67,121.58932,898.0,776.3543
109.5,117.2449,6476.0,5388.971
89.0,95.97101,15318.0,12852.352
75.0,71.721375,19965.0,19077.777
70.1,61.215393,22005.0,21062.184
70.1,59.74068,23445.0,20732.383
70.1,60.10941,23972.0,20618.459
70.0,58.854218,23999.0,20548.707
69.84,59.226727,23973.0,20381.443
69.95,61.28614,23028.0,19983.672
70.1,73.6932,22133.0,19586.705
79.1,80.37188,20830.0,18927.043
109.62,95.02761,17505.0,17627.914
125.0,122.47606,9836.0,10988.806
175.49,140.0848,2498.0,2928.6106
169.2,164.12823,856.0,783.7916
129.36,152.17528,682.0,664.0374
119.78,124.03003,682.0,665.1225
115.13,112.65232,672.0,652.94025
113.84,109.57266,643.0,679.01276
108.62,110.486626,655.0,639.7816
108.62,106.3518,656.0,639.7816
113.46,110.36845,646.0,609.6134
118.36,119.60297,508.0,556.087
125.0,125.39426,821.0,913.925
115.45,117.736015,6279.0,5586.516
104.27,103.17795,15392.0,12964.074
85.0,93.06163,20077.0,19123.238
77.07,76.866936,21346.0,21059.523
76.8,72.55473,21407.0,20732.586
76.68,72.92038,21596.0,20602.414
75.2,72.07253,21599.0,20550.09
73.0,71.545425,21503.0,20425.121
76.81,71.51741,21139.0,20189.615
84.36,80.5888,20390.0,19810.805
91.52,93.13721,18945.0,19202.795
108.66,107.098045,16419.0,16621.467
121.41,121.99589,9171.0,10795.853
128.67,142.04353,2204.0,2965.307
129.85,136.01196,705.0,798.9855
120.76,123.07763,665.0,626.5128
114.0,115.043335,652.0,589.60077
107.61,108.87129,644.0,638.92456
107.22,104.447784,644.0,612.4767
105.9,105.90926,642.0,655.8402
105.0,106.10105,646.0,661.28674
107.17,109.249664,626.0,661.4545
111.55,114.907814,489.0,577.45044
115.14,121.64963,736.0,817.84894
109.39,108.557655,6121.0,5373.6104
90.64,97.70996,15195.0,12943.603
80.0,79.62599,19751.0,19123.238
81.58,72.148605,20399.0,21069.646
80.0,77.70068,21014.0,20732.586
73.02,75.80265,21272.0,20591.28
71.2,67.34436,21122.0,20316.365
72.68,65.05619,20364.0,20400.902
72.81,70.90664,19128.0,20178.68
72.8,78.10785,18113.0,18873.775
71.08,84.30172,17303.0,17426.031
72.8,91.71028,15187.0,14854.077
110.0,95.06406,9033.0,10049.299
119.39,122.30137,2309.0,2726.612
119.19,120.29245,738.0,656.4431
111.65,112.238785,692.0,597.8093
101.72,107.91517,681.0,609.5652
98.25,98.30982,674.0,598.9531
90.0,95.98156,653.0,674.43054
84.99,89.70804,593.0,636.46643
82.5,86.3921,576.0,620.11707
83.74,85.35788,566.0,610.7661
90.0,89.801506,499.0,519.8326
79.3,95.83304,737.0,665.6599
56.62,74.08359,5694.0,4892.9043
9.83,47.047935,13191.0,11651.246
3.52,7.8651004,17501.0,15782.36
0.65,3.8635337,17784.0,18586.46
0.0,5.813297,16805.0,18187.914
0.0,5.297957,16651.0,17275.959
0.0,5.6319675,16524.0,17013.684
0.0,4.36247,17360.0,16787.268
0.0,6.4027824,17614.0,17200.176
0.65,12.0765,17429.0,17125.283
3.52,16.748684,16883.0,16043.747
42.32,27.582628,14803.0,14423.134
72.92,72.11338,7982.0,9579.766
100.28,95.87355,1888.0,2656.4482
106.8,104.96699,702.0,632.94495
96.25,102.19071,684.0,629.38403
57.73,94.62909,643.0,583.4111
45.0,55.572575,569.0,593.12213
43.94,44.261642,543.0,576.2548
43.81,45.454754,542.0,547.885
43.81,44.607918,544.0,514.9333
43.81,46.032673,535.0,491.82294
43.94,48.113895,403.0,469.02014
38.3,46.76314,649.0,602.0059
3.6,32.77678,5341.0,5301.2026
0.65,-5.361461,11388.0,12178.533
0.0,-6.4183655,13965.0,15902.505
0.0,-6.839339,14795.0,16021.345
-0.01,-2.664844,15009.0,15895.624
-0.01,-2.7500823,16014.0,15612.782
-0.01,-3.0479057,16513.0,16061.594
-0.66,-3.0950525,15501.0,16513.484
-1.01,-2.314092,15234.0,15585.172
-0.62,2.704244,14537.0,15215.711
0.0,7.168015,15238.0,14022.723
3.6,17.192493,14526.0,13334.637
43.81,28.565363,8965.0,8983.423
75.3,68.61916,2173.0,2616.5322
92.0,82.91967,639.0,644.04083
76.26,87.60389,578.0,614.22125
64.99,70.114006,496.0,563.42883
51.48,58.07542,451.0,524.3057
45.0,53.07483,440.0,453.8258
40.0,46.681072,434.0,424.20178
17.88,44.155552,430.0,449.17725
50.0,26.800383,430.0,447.56192
75.54,60.09585,352.0,365.7851
107.88,85.44029,608.0,570.19727
80.0,100.66173,6145.0,5073.5454
40.0,69.42541,15002.0,11951.0
5.11,33.811657,19946.0,17952.557
6.0,3.2264037,21604.0,20526.066
15.23,7.4008927,22442.0,20208.371
22.63,15.655363,22979.0,20174.219
17.22,21.134119,22801.0,20113.238
16.01,16.559002,22610.0,20005.385
8.93,19.155878,21343.0,19809.898
30.17,19.431261,20719.0,19398.066
43.81,41.230934,20090.0,18818.637
75.11,60.05275,17546.0,17444.547
115.15,94.12897,10124.0,11142.097
169.2,121.766945,2421.0,3068.6277
165.43,157.32204,771.0,701.93774
119.78,143.58528,707.0,603.40106
116.69,109.391045,693.0,582.38727
112.66,108.66983,688.0,549.7624
100.0,105.883804,688.0,569.8693
100.62,96.78122,682.0,605.77484
99.96,95.631775,683.0,605.77484
107.4,101.09312,674.0,605.77484
114.56,110.329285,555.0,566.79663
120.76,120.65839,725.0,702.55914
105.46,111.84365,5642.0,5298.6553
69.57,92.441284,13975.0,12449.755
38.5,51.18186,18921.0,17951.543
35.01,28.967724,20192.0,20408.686
35.1,31.1473,20407.0,20450.115
35.1,35.090176,20984.0,20624.963
34.75,35.090176,21382.0,20518.623
31.25,28.806665,21202.0,20398.584
31.11,27.215963,20878.0,20170.156
35.01,36.560173,21062.0,19810.967
51.83,49.990383,20257.0,19204.156
86.66,69.19048,17307.0,17777.477
113.92,106.07078,9807.0,11111.178
138.83,134.3771,2268.0,2838.0427
135.05,140.65405,802.0,776.69525
115.39,123.96934,750.0,691.23615
112.91,109.878845,741.0,695.0995
106.53,108.50886,730.0,658.61115
100.62,101.513405,684.0,737.56335
100.5,98.60836,671.0,706.06555
101.15,99.76764,672.0,720.3122
101.0,104.24367,670.0,723.2562
105.46,109.127335,575.0,647.17633
113.91,115.53258,540.0,718.63727
96.5,108.26793,4055.0,5080.957
83.31,84.181435,11335.0,11684.584
76.4,73.528244,16533.0,16076.946
68.64,65.43537,17439.0,18210.482
61.97,62.309406,17730.0,18185.152
51.89,58.113453,17354.0,18113.17
44.88,46.755577,17010.0,17448.441
46.0,38.29103,16012.0,17060.299
47.0,44.90641,14822.0,16061.87
51.76,53.36007,13058.0,14398.827
52.13,65.667816,11012.0,11856.252
75.92,73.83366,8034.0,8783.34
105.46,101.05792,4767.0,5887.674
112.0,123.196144,1498.0,1858.9443
109.96,118.46486,529.0,614.9606
100.39,103.85521,422.0,478.87863
95.0,99.60748,317.0,368.9167
85.0,93.2508,270.0,325.34177
81.88,84.02495,257.0,329.89014
71.79,82.6441,256.0,313.13095
63.27,74.183716,256.0,298.59943
80.9,68.64027,244.0,410.50787
85.62,92.08035,244.0,348.43256
90.44,98.53453,530.0,388.75198
60.51,88.65089,4282.0,4189.7793
35.5,53.435543,9752.0,8708.788
5.11,32.67574,13691.0,13409.139
3.52,7.4389734,15509.0,15791.908
2.0,7.1398487,16491.0,16442.229
3.52,7.8717217,16807.0,17219.232
3.52,7.6510944,16896.0,16811.445
1.72,7.4721265,16529.0,16859.191
1.72,6.5704765,15977.0,16169.854
1.72,13.948907,16310.0,15369.356
3.52,18.80079,15910.0,14989.391
29.97,30.102129,13874.0,12227.027
50.0,62.903812,7931.0,6503.6323
90.92,74.28426,2005.0,2135.208
90.68,92.10814,791.0,465.6124
71.05,82.58263,772.0,408.60364
73.63,64.40733,725.0,360.8272
65.95,66.92682,719.0,344.18567
62.0,62.691902,678.0,437.90738
58.99,59.15386,617.0,395.2754
51.97,55.64006,580.0,346.52856
63.43,54.357136,511.0,371.59662
65.95,71.040535,410.0,354.537
76.0,74.46392,633.0,420.31924
58.99,72.12249,5044.0,4112.79
12.75,49.61518,11893.0,10370.787
2.51,5.601802,15608.0,15212.743
0.65,-0.84462744,16513.0,16858.062
0.75,1.8846836,17268.0,17197.701
0.85,3.0118086,18150.0,17773.342
1.1,2.1906986,18674.0,18427.273
0.65,2.9646618,17840.0,18434.088
0.65,3.74562,18012.0,17285.158
0.65,8.742874,18145.0,17646.207
4.31,11.427909,17520.0,17082.152
30.85,24.214367,15498.0,14662.413
85.0,51.437244,8740.0,9557.468
104.72,99.99199,2077.0,2597.2803
101.94,103.572655,898.0,689.6632
79.99,93.96161,830.0,699.29004
96.27,73.312706,821.0,639.487
77.16,89.00535,601.0,639.487
66.28,71.13429,572.0,639.8304
56.84,64.445175,560.0,618.82275
46.4,54.097244,532.0,565.7093
50.74,45.469875,528.0,540.64355
57.33,53.205833,519.0,462.33148
55.01,56.913857,707.0,601.4212
41.05,45.165813,5389.0,4829.1113
3.6,24.965525,12480.0,11600.428
0.65,-6.614192,16391.0,16634.914
0.09,-6.797998,17580.0,18008.969
0.15,-2.6040068,18208.0,18239.428
0.09,-2.0364292,18622.0,18822.25
0.01,-2.0364292,19256.0,18678.459
0.0,-2.1671283,18982.0,18891.324
0.0,-1.3861681,18062.0,18507.465
0.0,2.6798239,17807.0,17876.344
0.65,6.6506095,17806.0,16489.465
23.99,14.784426,16246.0,15029.601
65.29,50.53912,9080.0,10179.948
92.57,87.49633,1854.0,2506.733
100.0,93.661316,633.0,761.9152
90.66,91.48277,590.0,770.32214
72.74,83.72398,585.0,704.46405
62.67,66.72044,580.0,582.6743
63.0,58.437565,578.0,557.0271
62.94,57.6246,575.0,545.0166
56.4,56.677467,574.0,545.8639
56.16,49.971718,563.0,560.90137
56.16,53.913265,507.0,553.37775
50.0,53.878117,610.0,650.72076
32.34,36.644848,5081.0,4790.1074
3.52,14.08071,13015.0,11705.024
0.0,-6.614192,15802.0,16473.281
-0.01,-6.8620543,16301.0,17335.719
-0.01,-2.6875591,17168.0,17397.803
-0.01,-2.1194556,17657.0,17693.982
-0.01,-2.1865408,17831.0,17721.916
-0.5,-2.6709492,16710.0,17564.27
-0.6,-2.038983,15703.0,16606.11
-0.5,1.5529528,15457.0,15373.5205
0.0,5.6330547,15848.0,14687.895
4.9,12.504471,15656.0,13602.108
40.0,29.126842,8772.0,10191.344
62.67,61.13955,1888.0,2448.6743
88.64,68.55256,749.0,597.3108
66.95,81.26029,706.0,569.9562
62.29,62.297665,688.0,558.1377
55.75,57.249386,683.0,558.1377
50.0,53.324463,665.0,625.81287
45.03,47.53363,660.0,579.7603
42.49,43.725395,660.0,579.7603
45.07,46.222973,652.0,579.7603
50.0,54.248165,610.0,556.087
56.23,58.867043,701.0,631.0308
63.71,55.647522,4670.0,4794.1304
30.0,50.928146,12498.0,12228.293
5.79,19.075666,16821.0,16747.783
3.52,2.8161132,18438.0,18366.662
1.21,5.4489627,19040.0,19261.328
0.85,4.677012,19497.0,19189.834
0.85,4.4936104,19478.0,19314.367
0.65,4.4464636,19316.0,19128.773
0.65,3.8706641,18931.0,18765.76
0.9,6.790532,18906.0,17991.615
3.52,9.297761,18284.0,17450.451
16.0,23.516764,16160.0,16076.599
60.0,43.317486,8428.0,10253.297
74.98,81.07237,1872.0,2374.3567
88.54,80.761314,868.0,648.5994
63.25,80.45944,651.0,656.9452
50.68,58.999226,596.0,647.57544
37.97,50.125885,593.0,628.988
34.78,38.476696,614.0,588.7323
32.0,33.052876,615.0,596.7083
30.28,32.087234,614.0,596.7083
34.78,31.446442,603.0,596.7083
45.0,43.505512,525.0,592.4056
50.0,54.34148,552.0,623.7182
49.45,47.619076,4241.0,4432.6113
13.0,38.37406,11460.0,10499.128
3.52,3.5595734,14925.0,15627.095
0.09,-2.060464,16173.0,17224.088
0.15,0.5776004,16997.0,17531.21
0.65,1.1451775,17352.0,17968.883
0.65,1.320258,17397.0,17772.615
0.65,1.2731115,17591.0,17658.166
0.65,1.7546955,17615.0,17777.662
1.11,6.1900935,17989.0,17391.436
8.0,8.95329,18020.0,16835.68
35.17,32.33682,15919.0,15743.794
57.58,62.206566,8060.0,10001.932
98.0,71.96133,1634.0,2395.1946
103.27,98.98099,626.0,762.6171
84.13,93.947334,602.0,614.24615
66.7,77.756584,604.0,574.84076
50.92,62.398266,601.0,574.84076
43.75,48.78509,593.0,621.76495
38.48,41.67554,601.0,595.93195
32.55,40.20794,588.0,606.3706
38.48,33.3627,580.0,601.12085
45.51,47.718956,430.0,578.9762
72.96,53.305103,484.0,443.5866
57.38,68.18304,4447.0,3817.597
35.17,41.93334,11377.0,10739.142
9.07,29.222408,15976.0,15695.45
3.52,3.605194,18218.0,17617.215
4.31,3.4031563,19198.0,19109.908
5.11,2.0473607,19711.0,19441.021
5.79,3.92785,20009.0,19672.95
4.31,3.944925,20168.0,19429.59
5.0,3.5976093,20228.0,19246.557
6.0,14.125411,19707.0,18748.938
30.5,20.353155,19047.0,18307.107
39.6,49.64106,15512.0,14909.381
77.99,62.89172,7560.0,8129.6743
101.49,93.01481,1554.0,1949.5702
104.36,100.74359,711.0,527.2541
92.18,95.82903,697.0,560.08466
90.0,85.115685,677.0,602.1388
77.37,81.11971,646.0,540.02246
71.07,72.87864,624.0,570.7464
58.38,66.57196,590.0,567.43146
57.75,53.614822,564.0,526.8807
59.01,59.530956,554.0,508.7673
81.96,62.30387,467.0,463.44812
100.46,87.89082,587.0,470.7139
91.55,92.89029,4666.0,3989.6196
51.31,74.290115,12572.0,10315.041
30.5,36.78569,17334.0,16061.547
23.92,13.930445,18941.0,18897.521
29.01,14.01295,19336.0,19426.158
23.5,18.884426,19829.0,19549.898
25.26,14.792438,20199.0,19793.621
28.5,18.337442,21100.0,19602.105
30.0,21.972742,21487.0,19683.873
39.1,29.608664,21337.0,19244.816
54.92,48.68939,19351.0,18197.865
86.71,69.059975,14970.0,15394.14
107.99,99.513695,7028.0,8378.726
114.45,114.71726,1560.0,1874.8264
110.27,111.08091,797.0,613.48114
98.32,97.515015,709.0,654.0875
102.22,92.30352,562.0,608.7249
93.47,92.44696,560.0,579.7795
81.0,86.88799,563.0,573.3247
72.55,77.15806,555.0,543.1565
63.98,67.455,551.0,522.6272
73.6,64.35376,536.0,521.5715
83.14,77.85405,387.0,490.3786
100.62,90.52428,491.0,397.45978
100.0,95.47128,3727.0,3906.7205
65.06,82.56721,11570.0,9639.48
45.81,46.471992,16719.0,15720.174
35.08,30.44981,18110.0,18502.79
31.87,31.119213,18879.0,19166.232
25.06,23.241743,18789.0,19259.062
20.01,19.660429,19179.0,18881.256
13.43,14.530527,19317.0,19147.445
17.42,11.157265,19879.0,19072.67
27.47,24.693796,19261.0,19172.328
44.8,42.85121,17541.0,17669.951
70.12,67.56622,13806.0,14118.737
87.34,91.489395,6873.0,7734.9067
103.02,102.770676,1575.0,1818.5249
102.52,104.109406,785.0,715.55237
95.41,93.55599,776.0,721.36395
97.8,91.82082,730.0,586.93646
77.08,92.59429,694.0,554.31146
65.27,72.396576,647.0,633.4137
49.56,64.44217,626.0,587.36115
43.33,45.588387,624.0,574.75555
44.29,43.8116,606.0,573.1817
51.08,47.16142,496.0,475.9361
49.81,56.75632,564.0,522.6118
37.33,44.29686,4445.0,4019.4756
3.52,29.799677,12144.0,10923.361
1.06,-3.9805794,16533.0,16454.533
0.0,-2.3773782,17944.0,18563.17
0.0,-0.84428245,18558.0,18664.059
0.0,-0.2767054,18321.0,18994.191
0.0,-0.2767054,17817.0,18542.498
0.0,-2.1217835,17864.0,17744.406
0.0,0.4576349,17880.0,17554.879
0.65,4.5231013,18268.0,17126.002
3.52,11.314354,18519.0,16988.96
15.2,29.916138,15580.0,15017.836
74.53,44.09704,7446.0,8380.727
99.64,91.82198,1510.0,2036.327
99.64,100.91209,739.0,661.99
80.5,92.86404,722.0,709.8709
80.4,76.241066,707.0,648.47516
69.26,73.29286,689.0,655.2966
42.96,62.702972,664.0,682.7188
37.38,41.591404,662.0,639.3258
30.02,37.39281,660.0,639.3258
30.2,26.542717,655.0,641.78845
32.03,29.488823,564.0,558.41815
26.28,31.04705,596.0,537.32996
6.16,18.357971,4136.0,4137.1636
0.0,-4.664054,10725.0,10485.077
-1.01,-7.5420227,14498.0,15158.497
-2.1,-6.816709,16032.0,16224.201
-3.0,-2.6422143,16009.0,17136.592
-5.0,-2.0746367,15843.0,16883.197
-4.0,-2.0746367,17147.0,16196.296
-4.98,-2.1217835,16046.0,17058.568
-1.49,-1.3408233,16549.0,15849.224
-0.01,2.7251687,18548.0,16236.6875
0.01,6.9929223,17849.0,16841.654
27.08,12.342111,14759.0,13860.558
78.2,51.52929,7165.0,7986.4585
96.13,91.62093,1526.0,1832.4338
97.4,97.0275,774.0,577.04736
85.09,87.82464,764.0,580.2358
80.99,78.01178,755.0,650.0679
80.4,73.60679,739.0,648.47516
80.0,73.204765,724.0,716.4844
80.4,74.37954,707.0,717.8768
85.27,72.5883,643.0,716.4844
85.27,80.85073,615.0,653.18066
95.67,85.38848,570.0,569.67505
106.23,96.89614,609.0,570.35406
97.81,98.4482,3995.0,3863.6716
52.57,80.22724,11782.0,10263.731
30.0,41.902752,17613.0,15980.24
13.75,18.411001,19770.0,19183.361
6.76,9.994032,21121.0,19973.73
4.05,7.370993,21475.0,20186.17
3.52,4.3673377,21438.0,20275.744
3.52,4.320191,20835.0,19984.193
5.79,5.6182075,20786.0,19765.275
26.35,14.762536,20253.0,19579.932
38.94,36.236946,18549.0,18473.258
70.77,56.265347,14089.0,15102.237
103.25,87.635605,6245.0,7958.215
168.02,112.14568,1243.0,1693.3983
138.8,149.65118,696.0,733.67975
115.04,120.61218,680.0,665.30457
140.7,102.70703,584.0,635.6372
107.94,122.68591,486.0,652.5315
95.4,99.77713,484.0,606.0755
95.4,91.37165,431.0,612.8969
94.5,93.24064,412.0,467.2668
91.25,95.73509,396.0,468.65924
101.42,96.97311,350.0,419.69388
106.22,107.55326,428.0,454.92447
80.0,100.49323,3697.0,3669.3496
30.1,66.82236,11574.0,10387.442
5.0,15.959029,17671.0,16045.046
1.72,-2.0306532,20151.0,19358.303
0.8,-0.77804846,21055.0,20307.402
0.85,-0.210471,21587.0,20484.9
1.0,-0.210471,21831.0,20390.793
1.01,-0.257092,21225.0,20291.262
1.72,-0.42885,20666.0,20020.404
0.66,5.3304257,19670.0,19554.357
3.0,11.5560255,18116.0,18746.926
46.4,24.947111,13979.0,15103.0
83.4,71.49707,6070.0,7122.9277
102.62,108.58156,1092.0,1364.6201
98.36,104.65332,510.0,605.5015
83.16,92.81123,494.0,539.4053
80.97,85.82572,483.0,499.64322
75.26,77.98701,472.0,474.3772
80.0,74.17767,436.0,480.4378
80.4,79.17543,349.0,388.9881
85.72,79.7413,344.0,322.93552
97.35,87.221725,309.0,322.93552
94.0,102.234726,224.0,290.48654
104.41,102.94768,310.0,309.82175
97.35,97.583755,3421.0,3582.6501
76.95,77.25129,11484.0,10243.089
51.0,57.424812,18357.0,15804.789
27.67,36.060017,21443.0,20142.955
28.4,18.96892,22673.0,20655.916
27.2,19.739098,23169.0,20546.15
27.2,19.000042,22904.0,20480.41
27.2,19.012026,22344.0,20360.371
28.8,21.81325,21719.0,20102.797
52.0,29.989279,20336.0,19659.795
80.32,57.709133,17929.0,19051.34
106.22,88.79938,12947.0,14391.27
114.64,115.87575,5612.0,6846.662
170.0,121.31674,1134.0,1186.9316
150.01,154.25835,650.0,493.99344
115.43,128.24112,639.0,539.9187
116.95,104.92565,604.0,549.7624
108.66,104.600075,597.0,549.7624
105.0,99.499146,571.0,514.2597
108.62,99.33359,485.0,473.41602
107.96,102.3282,426.0,419.33957
108.59,105.71308,309.0,336.8073
114.7,110.75779,282.0,229.46524
119.28,119.43353,377.0,273.91367
119.22,113.57632,3797.0,3395.2888
80.43,103.09063,12376.0,10602.412
50.0,65.070244,18867.0,16944.889
26.39,36.448677,21282.0,20587.973
26.39,21.237457,22444.0,20738.527
28.42,22.016945,22831.0,20646.303
27.2,22.756,23080.0,20583.52
26.39,22.209013,22921.0,20427.191
27.2,25.010763,22715.0,20039.871
48.97,37.035706,22196.0,19464.834
70.0,63.756237,20674.0,18622.639
101.53,90.63582,15520.0,16484.902
115.42,116.450424,6407.0,7593.6777
145.01,135.73792,1140.0,1335.287
125.16,140.77301,614.0,573.1352
110.0,114.73589,603.0,549.0724
106.54,104.65804,598.0,564.77374
103.4,101.68035,592.0,569.0647
104.4,101.92956,495.0,550.49677
103.52,104.49832,408.0,470.9476
102.39,102.04968,380.0,372.55814
104.72,105.60611,320.0,312.24088
105.68,111.83781,210.0,268.38928
110.46,113.740425,305.0,270.88782
104.72,106.91458,3261.0,3605.905
68.65,90.32525,11147.0,9815.758
41.13,53.883114,17328.0,15864.671
9.0,31.929075,20124.0,19217.479
5.0,7.272576,21625.0,20243.186
1.5,5.7711263,22461.0,20360.453
1.5,2.0906057,22557.0,20165.73
0.74,1.4372185,21898.0,19924.406
10.49,2.8244216,21313.0,19756.81
49.77,20.787912,20215.0,19307.123
68.62,63.66239,17835.0,18116.799
104.07,86.59478,12994.0,14471.308
109.9,118.827354,5493.0,7284.956
136.87,124.85163,1072.0,1089.2157
115.97,129.25027,595.0,458.77377
109.0,108.80558,561.0,555.3912
105.43,101.71642,530.0,540.9368
105.43,99.40323,525.0,540.6608
105.43,101.91662,524.0,488.73013
105.41,102.480385,468.0,445.60144
104.72,101.782814,390.0,430.09692
104.72,103.237335,327.0,333.8888
110.7,105.8731,265.0,243.14908
113.12,109.82271,318.0,270.87863
102.07,103.86516,3471.0,3338.4563
43.09,85.25714,11858.0,9991.14
0.85,29.814224,18269.0,16313.208
0.0,-6.691817,20174.0,20077.012
-0.01,-2.6422143,20832.0,20289.701
0.0,-2.0746367,20344.0,20494.465
0.0,-2.0746367,20498.0,20146.348
-0.01,-2.0999649,19706.0,19974.691
0.0,-1.3402975,20254.0,19456.578
3.52,7.494115,20692.0,19144.92
28.61,24.356323,18369.0,18591.684
69.99,58.899994,13671.0,14399.467
94.0,92.341576,5841.0,5873.4297
100.26,111.668526,1135.0,1264.1396
96.64,102.86678,718.0,496.4655
94.78,93.32797,685.0,489.7067
104.72,92.21801,647.0,538.63165
85.44,99.88454,630.0,566.8397
79.0,84.6181,620.0,580.1915
68.0,79.50994,619.0,564.95496
85.0,69.7622,606.0,512.11206
90.5,85.75805,507.0,474.54648
96.44,93.064125,352.0,393.5504
90.0,99.019485,334.0,317.6519
49.9,82.57563,3483.0,3585.3245
0.0,33.283447,11181.0,10185.6
-0.44,-7.5420227,15156.0,15847.87
-0.99,-6.816709,15606.0,17109.4
-1.0,-2.6422143,16369.0,16522.783
-0.62,-2.0746367,16949.0,17132.123
-0.6,-2.0746367,17941.0,17409.096
-0.6,-2.1217835,17898.0,17636.078
-0.5,-1.3408233,18147.0,17533.824
1.72,2.7251687,19741.0,17943.463
26.5,9.285157,19376.0,18442.938
80.5,51.466366,14813.0,15348.92
98.01,97.740326,5991.0,6989.5815
130.0,107.83502,1053.0,1319.8542
136.87,123.713196,646.0,597.9323
112.98,119.12996,633.0,601.79565
109.7,107.37139,624.0,546.92694
100.43,99.6457,626.0,543.0636
100.0,97.59378,623.0,605.29254
99.89,97.849976,618.0,637.133
99.18,99.403336,565.0,643.64496
99.89,101.62902,468.0,526.2588
99.65,108.53876,381.0,427.89328
105.43,109.14801,332.0,332.3405
100.61,104.27602,3323.0,3583.1208
63.6,84.605385,12072.0,9902.699
45.0,51.11726,19736.0,16264.713
22.51,35.61656,22500.0,20818.68
15.0,20.050686,22412.0,20297.955
15.0,15.351418,22779.0,20352.42
10.0,13.794245,23153.0,20352.238
9.0,8.853103,22622.0,19981.73
44.5,13.00715,21923.0,19959.7
57.97,48.741528,20100.0,19460.395
90.0,67.45549,17713.0,18272.588
111.24,103.0684,12693.0,13777.556
135.09,124.79337,4940.0,6455.613
144.41,148.7196,959.0,1286.4327
133.51,138.71709,652.0,535.57086
110.91,122.6193,632.0,583.00934
109.13,109.77811,620.0,586.5721
99.94,101.11268,611.0,469.98877
104.72,97.6727,571.0,486.05838
104.38,102.67358,421.0,554.412
103.0,103.53257,365.0,408.00015
104.38,104.87428,314.0,392.97656
99.18,111.620186,132.0,298.72995
109.7,107.61963,155.0,230.68806
98.69,104.70958,2775.0,3289.8386
96.13,83.71997,10674.0,9684.094
66.34,79.01597,17833.0,15718.347
40.94,51.669388,20615.0,19325.87
27.2,31.379398,22036.0,20491.533
26.28,18.516338,22427.0,20388.09
27.2,19.169153,21500.0,20156.121
35.05,19.361221,20014.0,20086.871
63.8,37.777668,17263.0,19549.45
85.82,66.37451,14863.0,17006.436
96.78,94.07749,12297.0,14111.277
121.86,111.74826,7533.0,10146.013
154.93,133.95856,2728.0,4066.696
140.81,157.99246,775.0,723.5753
126.87,128.77415,634.0,540.8645
109.7,114.28412,630.0,572.68677
109.73,103.40341,610.0,577.91547
110.7,100.97802,573.0,595.6852
109.98,106.174255,498.0,512.4971
105.55,106.35762,368.0,414.53857
104.32,103.22272,258.0,328.1945
104.32,107.78759,153.0,245.10532
105.0,110.533295,94.0,140.83067
121.17,113.71637,128.0,166.64214
118.24,114.19752,2546.0,2835.9158
94.1,104.50168,9820.0,9137.39
90.0,80.9815,16105.0,15145.535
71.0,73.76097,18221.0,18307.385
63.48,58.774338,20499.0,19275.814
60.0,54.600292,21118.0,20383.14
63.22,53.12089,20135.0,20266.254
70.9,56.979702,18520.0,19754.674
84.15,68.23857,16586.0,18032.795
93.1,90.18799,14806.0,15976.464
105.0,103.1502,13236.0,13265.568
107.23,121.00609,10133.0,8823.258
155.1,131.19254,4120.0,4070.1172
153.0,165.90913,935.0,768.47864
123.21,141.20001,669.0,529.9482
106.27,114.439865,659.0,575.1349
126.87,102.53124,645.0,573.5422
115.7,117.66212,638.0,532.36035
110.28,111.62437,604.0,521.6414
105.27,106.972916,579.0,466.06534
102.0,105.479065,538.0,388.6455
101.12,105.36853,405.0,374.7582
107.0,108.992355,269.0,219.33511
109.65,116.389114,241.0,182.50299
99.31,108.862366,2750.0,2734.7869
90.92,88.8474,10580.0,9497.468
71.67,80.06694,16833.0,15541.948
67.4,63.81468,18745.0,18893.13
54.01,61.906162,19394.0,19761.611
40.91,48.318462,19972.0,19761.773
54.9,38.962704,20258.0,19952.682
69.43,52.97253,19932.0,19737.021
71.67,69.0197,19337.0,19019.018
80.0,79.308174,18111.0,17990.809
102.0,94.405174,16126.0,16139.954
115.78,114.70752,12326.0,11997.542
137.99,137.97566,5110.0,5669.403
149.02,151.45242,1034.0,1036.3156
125.88,134.78639,742.0,587.0821
111.92,114.91782,658.0,587.0821
119.07,108.976,641.0,600.516
105.3,113.53749,641.0,602.18195
99.9,103.976685,640.0,619.05444
96.22,100.09356,620.0,579.7603
93.66,96.710594,595.0,578.14496
91.16,95.627075,538.0,478.51868
98.5,100.08206,395.0,374.81763
97.52,106.2072,363.0,276.3573
71.89,98.21276,3032.0,2824.1257
43.97,61.825832,11477.0,9216.176
6.0,37.707253,18677.0,16063.037
3.0,5.8082304,20545.0,20498.012
0.08,5.0254455,20656.0,20726.809
0.0,2.5069544,20318.0,20434.062
0.0,3.057739,20520.0,20387.943
1.72,6.4003906,21954.0,20304.807
23.53,7.965579,21443.0,19975.314
33.23,37.683823,19820.0,19495.75
61.12,57.562027,17624.0,18066.162
100.82,86.928566,12485.0,13091.766
111.39,120.120804,4737.0,5399.2036
144.75,128.6595,896.0,1207.5803
142.0,131.22261,659.0,580.36194
117.63,128.6098,650.0,569.7738
118.82,111.89235,643.0,546.3782
114.32,112.23106,640.0,591.8109
109.69,108.355316,640.0,605.4109
105.0,104.12204,637.0,630.002
104.28,102.367165,629.0,580.70966
105.35,102.93077,519.0,576.422
108.43,105.54751,382.0,435.80475
111.19,107.751305,293.0,345.83954
103.67,103.64782,2563.0,3108.9834
60.93,83.08947,9950.0,9593.609
26.28,42.46287,16667.0,15443.251
3.8,12.475895,19438.0,18820.805
0.65,-1.6082014,20574.0,19752.227
0.65,-1.9497436,21315.0,20362.908
0.66,-1.9497436,21465.0,20343.586
1.1,-1.9968902,21403.0,20045.176
3.6,0.58200216,20725.0,19758.945
21.52,9.007557,19235.0,19307.27
68.8,39.71524,16420.0,17665.826
100.0,87.7536,11217.0,12210.459
111.05,116.61441,3765.0,5227.3447
144.0,127.96027,813.0,708.0994
137.0,134.83804,677.0,536.0649
117.65,123.05176,662.0,543.0636
118.58,112.081154,652.0,543.0636
113.12,110.64904,632.0,557.5958
106.27,109.79609,505.0,609.4517
104.59,102.17307,389.0,549.53937
104.66,103.38293,290.0,456.28278
105.01,104.596825,190.0,351.32687
104.34,108.363525,122.0,261.05844
96.99,108.06083,156.0,183.3576
101.12,93.32904,1964.0,2586.811
27.2,81.623436,8071.0,8494.912
9.7,13.2411,14680.0,13579.311
0.65,-1.4889942,17745.0,16610.227
0.65,-2.5173209,19457.0,18279.598
0.65,-1.9497436,19916.0,19276.186
0.65,-1.9492176,20096.0,19700.07
0.65,-2.0634494,20220.0,19658.0
5.13,-1.8687456,19598.0,19508.61
16.72,13.179548,17217.0,19100.662
51.45,39.263206,14412.0,15746.006
94.03,74.77704,9641.0,10568.195
113.12,112.89815,3986.0,4844.686
124.65,130.29881,1079.0,832.3656
131.25,120.93857,617.0,539.9282
117.67,121.129906,588.0,559.1568
109.52,111.794136,539.0,563.01886
105.54,104.717705,466.0,531.89514
104.3,104.82838,364.0,474.30908
103.1,105.70552,301.0,330.09882
99.82,103.777,294.0,243.37561
101.12,106.71226,223.0,198.55826
105.34,111.500015,165.0,150.47693
106.54,113.4653,172.0,155.5611
106.54,109.11979,1928.0,2319.1846
104.56,93.645,7476.0,6684.5
97.52,88.47668,12298.0,12303.948
75.59,81.51286,15400.0,14991.645
69.0,66.8328,16931.0,16570.896
69.0,60.96264,17234.0,17628.584
67.9,61.009743,17435.0,17498.88
60.0,59.49285,15966.0,17334.557
69.26,59.2115,13787.0,15952.395
84.53,72.319115,11396.0,13204.824
104.07,94.75527,9135.0,9535.83
115.06,117.727455,5995.0,6369.5205
120.0,131.02971,2292.0,3022.742
120.76,131.77104,293.0,818.60504
114.32,116.24248,130.0,301.0156
106.84,106.69702,98.0,196.78555
103.06,102.416824,96.0,203.60696
101.12,99.702385,96.0,181.54892
98.1,100.36636,96.0,149.54396
92.41,97.17537,96.0,137.80363
90.37,93.35928,96.0,239.8376
91.4,94.28621,96.0,200.36548
99.0,100.18718,96.0,144.97256
102.82,107.69711,117.0,170.96779
98.1,103.63174,1798.0,2323.2375
88.57,89.59751,8588.0,7118.128
69.64,79.94507,15895.0,12219.69
43.23,60.232155,17649.0,17495.268
30.0,43.670315,19119.0,18366.08
29.14,30.821657,20119.0,19383.064
30.91,30.302078,20015.0,19814.107
40.54,26.166082,19340.0,19446.066
46.8,43.305176,18873.0,18376.277
48.7,57.063877,18525.0,16759.572
62.2,67.01562,16036.0,15136.605
88.97,87.83044,11043.0,10168.721
97.74,111.62005,3873.0,4002.8657
106.85,111.85381,794.0,595.9637
106.54,103.006584,639.0,369.91885
99.0,98.91602,631.0,380.83633
95.58,94.872604,595.0,383.49585
88.03,91.14519,525.0,391.7529
83.0,86.054146,428.0,350.75644
81.0,82.60437,359.0,249.91379
76.2,80.89919,310.0,216.00815
82.0,79.66166,309.0,175.75961
88.46,91.35761,139.0,165.15652
96.54,98.997154,114.0,135.47797
89.81,97.50181,1956.0,2015.0325
71.55,78.78027,9281.0,8210.346
49.8,63.941235,15896.0,14557.037
49.9,40.41181,17780.0,18165.486
49.02,43.5137,18403.0,18787.967
35.0,44.62133,18612.0,19089.938
31.53,31.4644,18901.0,19049.965
27.2,28.23565,18352.0,18916.643
27.99,27.807867,17213.0,18293.742
37.0,36.727978,16884.0,16817.746
49.27,54.515553,15878.0,15394.521
69.27,69.16564,11025.0,12154.237
78.73,92.977295,3867.0,4881.164
100.07,98.88249,684.0,858.5942
97.52,97.889244,536.0,621.4736
84.98,91.59678,532.0,598.4324
95.28,80.86041,532.0,546.3545
88.88,90.76562,531.0,563.6197
85.26,86.35349,479.0,520.57043
83.68,83.99559,405.0,448.0529
82.1,83.78248,376.0,344.9691
84.0,86.71173,366.0,339.2318
85.82,91.604454,265.0,250.91595
101.12,93.18679,210.0,173.64706
85.26,100.761765,2115.0,2379.4688
50.2,74.51514,9705.0,8675.189
25.67,42.546143,16944.0,15196.232
10.0,21.715559,19657.0,18967.162
7.89,11.971402,20079.0,20443.32
5.11,7.984248,20399.0,20161.707
5.11,8.146709,21237.0,20434.691
3.52,7.822202,20647.0,20256.969
5.79,6.4856677,19843.0,19691.58
6.0,20.765331,19442.0,18923.479
25.0,29.235048,18264.0,17507.334
50.0,53.297897,12795.0,13314.6
77.84,70.91056,4158.0,5047.3184
83.26,94.9116,791.0,810.25006
75.0,79.95464,607.0,569.1607
71.6,69.74772,581.0,571.82025
77.1,69.565384,548.0,563.84424
72.0,71.30046,521.0,524.16833
68.01,71.00606,500.0,494.40237
65.2,66.9582,497.0,436.20557
70.01,66.3953,485.0,438.86508
69.81,71.86463,374.0,417.97818
71.03,75.09296,226.0,282.1097
78.06,78.831375,238.0,207.1211
75.1,75.97559,2096.0,2391.0957
49.67,59.242672,9229.0,8864.558
15.57,35.14605,16425.0,14835.285
5.11,4.2988706,19338.0,18807.402
4.31,1.165403,20514.0,19993.23
5.79,0.06440176,20102.0,20395.771
5.37,1.9448897,19947.0,19944.469
5.01,1.9619652,19371.0,19824.43
5.79,6.886517,18985.0,19086.572
20.0,14.170756,19312.0,18164.969
35.2,35.712543,17766.0,17563.861
84.56,61.09922,12273.0,12983.059
104.53,101.89109,4231.0,4540.163
103.49,113.24663,759.0,907.1992
101.59,93.60475,627.0,591.3992
94.37,92.503235,609.0,551.4844
95.33,89.443855,604.0,568.3616
89.32,89.9712,602.0,566.7462
80.94,84.560524,602.0,523.56006
78.21,77.20073,596.0,523.56006
76.06,75.601524,570.0,521.8241
79.1,75.26824,481.0,452.1413
84.28,80.49475,244.0,345.10217
86.42,86.84109,213.0,210.24673
79.15,81.0692,2255.0,2084.4736
55.02,65.3809,10167.0,8303.25
15.85,39.061016,17803.0,15399.562
3.46,5.912954,20658.0,19380.275
1.82,-2.1993692,21108.0,20542.805
0.75,-2.602559,20510.0,20410.521
0.65,-2.602559,19660.0,20420.03
3.52,-2.9248142,20199.0,19831.676
11.99,1.3507788,20112.0,19611.344
38.38,18.906055,20259.0,19238.604
64.64,53.318638,18907.0,18508.434
106.96,83.10622,13028.0,13738.933
118.85,120.83617,4376.0,4709.823
130.87,127.28065,945.0,787.0511
111.16,120.85157,781.0,618.159
108.96,101.52787,760.0,620.81854
106.0,100.54956,632.0,620.81854
101.12,98.4576,630.0,590.6503
97.52,96.23256,566.0,602.29645
94.24,93.61207,527.0,578.18195
93.76,91.536194,520.0,531.0882
94.0,93.01321,452.0,499.03046
94.24,95.96429,357.0,306.62125
95.96,96.06965,252.0,257.83395
75.0,90.51202,2196.0,2280.5847
25.0,59.962433,9637.0,8800.127
0.0,12.873349,14470.0,14784.931
-0.05,-6.816709,16183.0,16660.041
-0.6,-2.6422143,16460.0,17095.465
-0.6,-2.0746367,16794.0,17078.281
-0.5,-2.7274525,17473.0,16867.81
-0.1,-2.1883428,16987.0,17261.56
0.0,-1.1174585,16676.0,16891.73
12.93,7.4711323,16738.0,16043.513
61.15,32.487812,14289.0,14993.865
98.57,85.248375,9095.0,10682.7295
114.99,116.18517,3103.0,3800.0664
114.32,127.34668,467.0,720.35614
111.92,108.86445,360.0,605.5629
105.77,105.2555,355.0,478.3481
111.92,101.39404,343.0,423.92206
107.5,104.1135,320.0,413.39212
104.99,103.87304,302.0,350.38486
101.12,103.48087,271.0,318.45645
98.35,101.68538,214.0,294.87222
104.99,102.62128,117.0,219.02847
108.73,112.91915,63.0,212.98103
114.32,114.53534,37.0,158.07033
114.32,115.11958,969.0,2086.964
108.32,103.62892,5615.0,6542.655
89.51,94.786865,9952.0,10376.743
65.01,78.01695,14406.0,13034.048
55.2,60.104057,17599.0,15298.265
35.0,53.430176,19063.0,17985.566
26.17,34.232277,19845.0,18770.07
25.2,26.980505,19985.0,19299.568
56.43,29.195324,20292.0,18927.822
70.1,63.02602,17345.0,18794.613
97.43,83.87448,14604.0,15205.493
114.78,112.58808,10001.0,10270.286
125.95,131.27328,3085.0,3420.2776
142.0,135.24095,531.0,488.68372
123.11,129.36761,385.0,423.2812
114.68,114.059616,370.0,305.9402
106.76,109.199615,337.0,312.56116
102.4,101.90354,314.0,263.0096
99.99,100.416985,248.0,239.81676
99.6,98.90468,193.0,186.19312
100.78,98.93851,184.0,169.75645
102.4,104.270935,184.0,105.47879
109.52,110.008835,175.0,84.32228
125.95,116.2002,146.0,82.81059
112.79,124.408005,1542.0,1359.4222
97.52,103.93447,7404.0,5817.468
70.0,86.51647,14258.0,11715.234
60.65,58.90286,17807.0,16037.604
41.25,56.37369,19055.0,18315.896
26.28,38.130753,19769.0,19178.812
38.05,22.99538,19244.0,19926.25
47.44,35.449055,19083.0,19336.66
60.0,48.535633,17666.0,19028.412
65.03,69.51203,16386.0,16940.693
76.1,78.92806,13151.0,14534.948
103.14,95.53357,7450.0,9267.932
117.0,119.97841,2119.0,3133.017
123.46,128.80992,380.0,539.79004
113.12,115.53856,289.0,320.59692
106.79,105.396904,283.0,271.9768
109.1,100.4469,277.0,251.16083
102.84,100.02409,246.0,251.461
101.12,99.31558,184.0,213.59647
97.54,99.67659,143.0,183.85968
93.05,96.528984,85.0,172.07692
93.05,95.76188,54.0,169.71916
102.84,101.4604,7.0,136.9451
113.12,113.04831,14.0,125.8961
113.64,114.36076,1293.0,1630.6013
101.63,100.211975,7318.0,6242.042
85.21,87.48367,14365.0,12935.789
77.75,71.90218,18525.0,16546.242
63.65,66.544525,19910.0,19363.395
49.85,53.681515,20413.0,20008.709
50.62,43.225082,20649.0,20105.006
50.62,45.450096,18851.0,20001.205
51.14,50.40834,17461.0,18144.9
51.4,57.46145,15594.0,16306.208
64.9,65.97913,13038.0,13662.064
99.0,84.37685,8717.0,8523.244
109.1,114.098755,2730.0,2705.7961
114.32,116.94943,679.0,455.2941
113.63,105.78894,595.0,377.8353
103.57,103.947266,497.0,316.37878
97.15,97.00156,451.0,239.26244
90.14,92.015816,383.0,188.71716
86.07,87.35049,325.0,168.68347
73.25,84.81224,304.0,112.55401
69.4,74.23812,290.0,160.11453
76.42,70.29683,254.0,150.65466
83.38,83.550964,179.0,125.04522
90.38,94.96776,140.0,106.52796
90.38,93.2743,1658.0,1519.5598
69.4,80.19854,9015.0,6944.7935
17.35,59.56937,15944.0,13378.855
3.52,15.228651,17330.0,18004.363
1.72,5.458779,18012.0,18297.213
1.5,2.6233892,18526.0,18890.174
0.65,2.0700655,18400.0,18547.348
0.01,0.7160255,17055.0,18561.79
0.65,2.6288,17240.0,16911.604
1.5,9.719456,17274.0,16582.338
5.11,14.663234,15697.0,15710.258
65.28,37.60271,11264.0,11241.269
90.0,90.0278,3910.0,4013.0046
97.08,101.08213,751.0,735.94305
93.77,93.506744,650.0,559.12964
88.09,88.90691,636.0,531.3915
82.7,82.60463,634.0,534.0511
79.64,75.92725,634.0,360.1109
72.2,76.1604,635.0,468.2388
60.0,69.748375,604.0,473.59253
54.43,59.993626,587.0,465.38855
54.6,55.911697,460.0,414.76096
75.01,61.204247,416.0,201.13547
80.2,80.87412,330.0,172.67456
70.09,81.10417,1884.0,1466.7015
42.47,58.95748,8068.0,6014.922
5.0,30.570591,14956.0,12461.264
0.83,-1.7820679,17147.0,16991.797
0.65,-0.7359018,17290.0,18148.209
0.01,-0.35172558,17338.0,18034.857
0.0,-1.113063,17411.0,17778.225
0.0,-1.5176655,16934.0,17361.164
0.0,-0.631728,16643.0,16911.604
0.0,3.518793,16654.0,16275.812
3.52,7.1152477,16331.0,15393.518
53.55,25.489351,11982.0,11925.118
81.8,72.79757,3644.0,4815.0527
100.01,94.52708,731.0,788.5977
95.14,93.14676,626.0,622.86597
86.17,88.210144,618.0,621.4736
91.56,80.39921,616.0,629.57965
86.64,85.417885,614.0,641.63324
87.56,81.156876,612.0,640.0764
83.48,84.01633,587.0,640.0764
80.88,81.428764,554.0,581.4029
80.64,77.8581,450.0,533.97943
85.06,80.35713,304.0,378.52094
88.29,86.232285,227.0,270.46332
77.0,82.84112,2257.0,1892.7048
32.0,61.71449,10022.0,7300.6855
9.5,16.706226,17372.0,14527.401
0.65,-1.8191465,19865.0,18864.27
0.0,-2.623503,19724.0,19927.842
-0.01,-2.0746367,20024.0,19753.762
-0.01,-2.0746367,20256.0,19733.639
0.0,-2.418751,18694.0,19441.084
0.0,-0.01297004,18312.0,18095.244
0.0,4.0730042,18658.0,17429.236
8.16,11.097537,17427.0,17064.129
57.97,36.891037,12274.0,12455.037
89.93,78.83966,3794.0,4475.731
107.12,101.97941,762.0,732.5293
101.12,97.38413,643.0,609.674
95.0,93.27595,629.0,628.79816
81.06,91.01141,626.0,620.81854
75.4,75.749245,621.0,618.159
70.5,72.440674,620.0,644.77234
67.0,67.54729,614.0,596.8046
70.12,66.26209,608.0,580.0551
70.12,68.48542,535.0,556.3818
70.12,71.196014,372.0,464.18375
75.4,71.61866,244.0,277.1972
45.0,71.48501,2116.0,2219.0552
3.6,29.875805,9729.0,8665.227
0.0,-6.833767,14688.0,15130.238
-0.01,-6.839339,15769.0,16631.03
-0.08,-2.664318,15665.0,16662.303
-0.95,-2.7274525,14070.0,16489.71
-0.6,-3.0025609,14316.0,14867.064
-0.62,-3.0497077,13814.0,14464.225
-0.98,-2.268747,13420.0,13738.771
-0.27,3.4883382,12708.0,12982.4
0.0,9.475692,11399.0,11183.591
3.52,19.33232,8038.0,8127.034
59.55,31.227667,2485.0,3674.878
73.88,74.828094,600.0,467.8806
71.4,69.603546,554.0,445.57
62.0,63.86215,529.0,434.50925
35.79,57.29296,464.0,431.21097
18.07,38.76352,319.0,410.88846
22.34,22.070889,240.0,416.3439
17.64,28.277264,163.0,385.6008
15.0,23.591995,156.0,283.11844
25.21,27.574556,110.0,288.88907
33.23,41.342033,9.0,214.32434
53.18,48.1599,12.0,176.06337
64.0,60.09328,1894.0,1564.7443
35.79,55.589996,10395.0,8276.26
3.52,34.809757,17653.0,14222.5205
0.0,3.109183,19072.0,18651.29
0.0,5.2107954,19414.0,19312.68
0.0,3.7460773,18982.0,19113.156
0.0,4.324778,18611.0,18351.68
0.0,3.847924,18150.0,18232.191
0.0,4.819905,17846.0,17723.8
0.0,8.66727,17559.0,16524.377
3.52,12.843754,16974.0,15138.479
55.0,22.523499,11814.0,11328.121
80.0,76.67352,3447.0,3886.7815
100.01,91.1174,815.0,644.7474
92.8,91.53704,711.0,552.6168
80.0,83.01815,679.0,550.96674
100.86,73.2468,612.0,528.9087
95.0,91.376686,605.0,455.24957
87.2,89.0683,604.0,401.42197
81.88,82.57889,590.0,380.90793
80.3,77.65509,528.0,372.93198
80.3,80.01982,392.0,295.7425
81.55,83.99824,305.0,189.58012
95.15,90.11086,256.0,123.83071
87.2,99.837715,1686.0,1667.8916
39.0,76.86686,9456.0,6677.5938
7.96,30.094584,16590.0,14324.293
1.2,4.342245,19024.0,18610.645
1.5,0.6918439,18272.0,19618.502
0.65,1.2594208,18110.0,19053.145
0.21,1.2594208,17691.0,18697.326
1.5,1.0371938,17525.0,17959.096
3.52,4.101615,18093.0,17427.277
14.0,12.786331,19164.0,17580.15
32.89,27.656744,17075.0,17495.473
84.0,54.12087,12124.0,12154.104
109.52,102.56027,3478.0,4109.263
160.0,115.3644,775.0,784.0065
116.72,136.3533,671.0,644.3147
104.22,103.11621,626.0,633.25146
105.23,97.82467,594.0,617.1929
95.0,96.67971,583.0,609.21686
85.0,92.7105,567.0,604.4287
80.5,83.14161,561.0,545.36774
76.05,79.61017,560.0,523.2231
76.05,78.46691,522.0,448.32227
83.22,83.121315,399.0,411.36075
93.0,92.27793,314.0,276.52808
83.22,97.48561,2161.0,1451.9247
17.5,73.74932,10729.0,8103.8774
0.0,8.373393,16736.0,15822.288
-0.01,-1.4112973,19224.0,18949.69
-0.01,2.014986,19335.0,19982.295
-0.02,0.12853591,19522.0,19785.965
-0.02,0.12853591,19724.0,19346.719
-0.01,0.0813893,19629.0,19748.57
-0.01,0.86234933,19873.0,19612.896
0.0,4.7358117,19706.0,19040.584
12.85,12.890045,18342.0,17991.889
70.0,41.18659,11819.0,12860.48
103.13,95.085266,2883.0,4643.825
133.45,118.33655,764.0,745.49207
107.43,119.51492,688.0,626.319
100.86,98.645546,669.0,599.7338
91.24,95.549416,665.0,569.5656
85.0,83.71279,652.0,507.32266
79.91,81.74292,626.0,492.44034
72.27,77.26762,624.0,521.3404
70.0,69.62178,624.0,510.92145
70.7,70.48763,548.0,547.8116
81.02,76.16038,401.0,433.7588
103.55,87.81501,224.0,273.2673
93.53,104.77047,1724.0,1651.2029
50.0,76.47608,9799.0,6004.94
18.07,33.71392,18291.0,13923.413
5.79,4.7864685,20274.0,20119.383
3.2,1.0592214,20662.0,20538.064
1.72,-0.57228243,20570.0,20306.346
1.6,-1.1889049,21212.0,20357.646
1.55,-1.3026102,20442.0,20094.113
3.7,-1.107908,19324.0,19810.74
7.01,7.3355107,19153.0,18593.021
28.19,19.971474,17406.0,17633.908
66.04,51.38528,10213.0,12259.843
102.5,90.5688,2568.0,3720.827
112.99,113.86244,715.0,561.429
100.45,104.13369,712.0,588.70605
85.5,91.99711,672.0,475.501
89.25,79.125305,652.0,475.501
79.02,81.48165,648.0,475.501
65.0,74.96464,648.0,618.71674
60.0,63.148777,645.0,604.7723
53.31,60.698425,644.0,603.3799
60.0,55.445683,556.0,489.78082
76.79,67.20966,306.0,362.5887
89.99,86.37955,166.0,129.60431
88.22,91.55219,1370.0,1461.0963
79.1,71.19727,8097.0,6319.5625
35.0,60.549812,15869.0,13531.69
10.0,20.010323,18675.0,18021.818
3.52,3.4463418,19954.0,19304.416
3.52,-0.0678788,20437.0,19826.91
1.03,-0.0678788,19999.0,19970.852
0.65,-1.3026102,19413.0,19458.082
0.85,-0.45456678,18806.0,18694.29
3.52,4.0021267,17421.0,17835.564
45.23,16.08577,14038.0,15485.867
89.25,62.771717,8579.0,10116.424
103.97,106.33839,2375.0,2785.3713
107.1,112.206184,768.0,682.6309
95.0,97.00332,732.0,636.66
88.38,86.927155,725.0,618.24054
74.64,81.66805,687.0,640.1917
58.78,68.87946,618.0,624.1331
48.71,53.00331,456.0,641.78845
39.9,46.410915,398.0,533.8622
34.8,40.647697,347.0,499.41882
33.46,35.108253,191.0,386.66757
35.0,36.982307,128.0,276.50284
42.0,40.717365,138.0,167.8524
34.9,46.61657,1265.0,1502.0576
15.23,27.398045,8175.0,5979.1987
1.72,5.573015,14656.0,12024.4
0.0,-6.9157877,15685.0,16684.828
-0.02,-2.6416883,15195.0,16862.668
-0.86,-2.7274525,14395.0,16226.227
-0.99,-3.0025609,14192.0,15088.88
-0.16,-3.0497077,15206.0,14866.911
-0.02,-2.268747,15569.0,15606.72
0.0,1.4106472,14977.0,15320.722
0.0,10.651705,13090.0,13841.471
24.37,22.65569,7423.0,9073.741
42.0,54.96623,1830.0,2631.6455
58.54,63.621292,609.0,749.19366
55.44,53.77736,650.0,626.828
39.5,52.41262,642.0,611.52704
23.0,40.222683,580.0,629.38403
14.0,25.301413,542.0,588.2318
25.15,13.85542,526.0,511.93048
21.0,26.957222,496.0,441.10342
18.32,21.521646,366.0,438.4092
26.28,17.089436,312.0,275.2008
14.0,27.781708,215.0,179.14981
19.99,19.10743,148.0,163.85281
26.5,18.504864,1062.0,1430.082
25.3,12.148049,5142.0,5748.6846
4.96,10.71336,9438.0,11152.423
0.66,-4.9834204,12245.0,12378.726
0.0,-2.5173209,13908.0,13118.617
0.01,-2.0741107,14597.0,13813.509
0.16,-2.7274525,14819.0,14222.467
0.0,-2.542052,13961.0,14353.087
0.65,-1.4073825,12586.0,13245.349
6.08,3.6289098,11026.0,10967.753
47.5,18.52546,7088.0,8731.318
79.02,58.71114,3319.0,4572.15
98.21,92.49259,824.0,1488.4436
111.56,101.692116,189.0,495.35916
104.9,96.889435,142.0,282.25577
97.0,91.9947,136.0,299.52057
104.5,82.56144,136.0,214.73344
94.5,86.15645,136.0,300.8731
91.54,85.18195,136.0,301.765
85.52,82.95581,136.0,272.57812
80.94,78.30615,136.0,216.8813
81.97,77.286964,136.0,181.5989
92.02,81.165596,136.0,142.39087
104.45,92.97482,146.0,116.90029
108.36,106.71629,960.0,1393.4512
98.21,91.07944,6721.0,5315.103
85.83,79.56088,13568.0,11199.935
63.0,69.05026,18019.0,15186.097
52.01,53.775345,20396.0,18851.29
38.56,46.3567,20373.0,19774.357
27.2,35.61568,19655.0,19698.555
27.08,22.165184,18474.0,19027.203
27.2,24.632607,17229.0,16948.973
48.64,31.428574,15451.0,15100.594
73.08,58.523464,12058.0,11604.832
91.15,90.52851,6763.0,6482.351
98.21,107.63103,1669.0,2003.3057
95.26,107.948784,495.0,391.39352
90.51,88.649864,454.0,313.11087
73.08,81.38931,381.0,263.0657
63.33,70.71149,280.0,143.61403
63.33,59.76608,217.0,102.22375
61.51,61.44521,200.0,183.00827
61.51,62.692387,177.0,175.87929
61.51,62.202755,138.0,156.6001
69.45,64.27437,100.0,137.65738
83.09,75.99669,100.0,67.001625
96.1,92.98991,107.0,60.385845
96.44,103.95621,1132.0,940.8344
80.71,85.39869,7339.0,5857.6704
54.93,72.16517,14483.0,13088.93
30.22,44.328644,17875.0,17140.447
26.0,24.367502,19934.0,18649.377
19.25,22.751345,20178.0,20095.436
17.19,12.087969,19617.0,19851.824
8.91,11.922581,19077.0,19835.693
16.57,8.49277,18601.0,18878.508
30.0,26.256544,17732.0,17826.88
56.0,46.18564,15706.0,15306.708
90.0,73.884674,9755.0,9657.054
111.37,104.61629,2038.0,2952.0898
120.0,119.04597,580.0,609.1085
110.0,105.597496,481.0,556.62695
98.07,95.234505,453.0,422.14703
89.94,90.471596,400.0,384.09082
83.09,79.99811,400.0,273.0763
83.09,78.374756,400.0,272.61423
81.1,79.806114,398.0,271.68564
72.99,77.84336,381.0,255.94717
66.0,74.362724,364.0,232.31734
77.5,72.905464,280.0,228.9773
84.26,83.83803,220.0,179.46802
75.99,89.41441,1238.0,1455.1312
45.1,65.21232,8144.0,6859.7876
8.0,32.123756,14511.0,12677.405
0.0,0.67181325,16273.0,16721.54
0.0,-0.6226013,17115.0,17652.504
-0.01,-0.3917795,16902.0,17748.268
-0.01,-0.4664196,16196.0,17411.426
-0.01,-2.3938453,15425.0,16580.303
-0.01,0.18504761,14236.0,15713.74
4.9,4.2338495,14840.0,14054.72
23.09,23.903017,13820.0,13004.29
62.17,47.617344,8418.0,9445.858
96.0,87.34831,1867.0,2815.9883
105.01,106.38771,594.0,547.6166
96.26,98.28646,536.0,500.71103
83.09,88.51261,511.0,489.22638
85.0,75.822296,477.0,438.09473
78.35,77.41477,459.0,416.0606
67.3,77.34733,364.0,378.4567
67.3,66.944595,237.0,336.63736
70.0,66.27428,213.0,277.02377
74.0,68.59637,182.0,277.02377
78.84,79.853836,65.0,228.69336
98.3,86.163345,56.0,155.90155
88.07,100.060776,1461.0,1262.3701
45.1,70.24222,9584.0,6899.5557
0.03,29.853086,16488.0,14023.327
-0.01,-5.3312645,19371.0,18416.367
-0.01,-2.200972,20495.0,19693.266
-0.01,-1.3364278,20252.0,20256.607
-0.01,-1.3137981,19561.0,19596.7
-0.01,-1.3609446,19186.0,18942.389
-0.01,0.525486,19046.0,18522.441
0.0,4.3627133,18004.0,17794.648
7.05,9.540575,16735.0,15894.047
88.12,32.244812,10274.0,10604.124
106.3,106.30569,2203.0,2891.0227
140.0,113.02301,703.0,560.16626
111.82,122.556114,623.0,570.5531
100.44,98.45975,605.0,547.10284
105.0,93.41143,604.0,547.10284
95.03,95.08689,604.0,567.26245
93.8,89.32597,604.0,513.31854
93.02,89.59443,600.0,455.88507
93.02,88.5323,597.0,440.6522
95.03,91.075485,542.0,431.36926
105.98,99.48654,432.0,343.65298
143.15,109.78703,306.0,206.70563
115.35,141.0602,1479.0,1349.8092
93.84,99.7924,9682.0,7781.328
60.97,73.96184,18005.0,14708.579
19.57,45.786552,21011.0,19918.424
4.5,9.291111,22037.0,20761.275
2.5,0.06440176,22486.0,20566.639
1.5,-0.6801394,21890.0,20539.793
0.75,-1.2360514,20948.0,20347.758
3.52,-0.45456678,20328.0,20003.94
19.68,8.038804,19475.0,19272.559
46.8,28.956388,16601.0,17359.395
93.26,69.18667,9205.0,11073.508
123.45,111.40218,1922.0,2564.4263
143.03,131.8341,699.0,653.4215
105.01,128.36296,654.0,621.4736
97.35,95.958755,641.0,624.1331
102.3,94.44714,640.0,624.1331
99.54,93.74472,640.0,604.6446
97.96,95.72884,640.0,621.16656
97.84,93.29725,636.0,617.3339
96.68,93.56263,630.0,617.3339
92.0,92.7666,567.0,578.0009
94.98,94.17915,455.0,454.85754
100.02,102.84361,345.0,322.5916
99.78,100.81927,1229.0,1339.5009
69.04,88.389595,7923.0,7567.627
9.62,51.61569,14076.0,13178.766
2.37,-0.021211753,17687.0,16551.889
0.0,-2.0085537,18084.0,18142.102
-0.01,-2.0746367,18972.0,18409.123
-0.01,-2.0741107,18877.0,18404.557
0.0,-2.7745993,17982.0,18275.197
0.0,-1.9936384,18190.0,17177.934
0.65,3.67134,18899.0,17477.05
14.0,11.429708,15801.0,16414.525
82.86,41.88419,8689.0,10283.62
100.13,106.824615,1694.0,2486.945
106.11,113.79672,652.0,599.65796
99.3,97.281334,612.0,593.1076
95.1,90.00859,594.0,593.5136
75.0,90.642395,589.0,588.00024
66.23,71.00134,591.0,594.47186
65.29,65.58632,592.0,596.44104
65.3,65.71301,588.0,596.44104
65.81,66.04666,514.0,596.44104
71.54,65.977715,407.0,518.84375
71.54,73.40589,348.0,376.41577
77.57,75.165146,206.0,281.68103
66.23,77.25736,1181.0,1067.3097
23.58,56.92014,9011.0,6844.88
5.01,9.496743,16396.0,13323.042
0.0,-4.1000805,18431.0,17850.566
0.0,-2.6422143,19319.0,18979.244
0.0,-2.0746367,19096.0,19306.842
-0.01,-2.0746367,19656.0,19250.312
0.0,-2.1217835,18924.0,19216.768
0.0,-1.3408233,19022.0,18170.164
1.1,3.6963723,19298.0,17861.64
15.65,9.063298,16926.0,16512.262
67.3,43.55554,9702.0,9811.732
103.81,89.89177,1803.0,2238.6045
126.13,111.10705,718.0,598.4438
106.01,113.193535,677.0,593.1853
99.84,95.31449,664.0,563.0171
97.03,92.64429,660.0,568.4636
94.95,89.89497,660.0,575.8197
90.0,90.77846,646.0,581.86017
89.0,85.6856,637.0,561.3309
87.82,85.47762,627.0,537.6574
94.17,90.41821,555.0,484.81464
97.33,101.91079,407.0,445.66275
120.83,105.291664,266.0,261.3455
124.0,125.39567,1082.0,1033.566
84.2,113.30552,8791.0,7434.784
35.1,75.04171,18166.0,13768.657
7.63,34.153824,22188.0,20633.057
8.0,8.619806,23343.0,20780.045
4.5,10.689339,23611.0,20593.115
2.5,6.5279183,23401.0,20505.81
3.52,5.579305,23124.0,20365.188
4.96,7.6465087,22395.0,19927.516
16.0,15.71969,21710.0,19432.629
43.99,34.369812,18112.0,17863.766
94.17,67.12051,9038.0,11768.474
110.0,113.788376,1668.0,2212.6216
110.96,118.38646,736.0,635.7523
98.5,102.45141,685.0,630.8679
85.97,90.52921,659.0,628.2084
80.01,77.997345,606.0,617.7893
77.99,73.09031,577.0,617.7893
72.03,73.761116,574.0,576.95605
73.35,70.74292,581.0,582.4026
80.0,73.277534,549.0,587.30286
84.2,82.32873,429.0,522.1789
99.9,91.17703,411.0,327.4076
111.87,109.53191,318.0,272.5264
111.84,119.81902,1079.0,1114.4797
93.89,99.49006,8647.0,7285.187
38.1,81.287544,17734.0,14396.612
15.2,28.061468,21705.0,19860.293
9.14,11.586286,22850.0,20752.271
9.14,7.2325625,23004.0,20577.217
5.76,7.2325625,22820.0,20533.115
3.52,4.497576,22416.0,20382.1
9.14,4.1897335,22052.0,20019.924
38.14,19.45536,21027.0,19472.96
69.29,52.764553,17064.0,18338.209
109.03,87.310234,8358.0,11071.075
134.29,122.60201,1597.0,2033.2625
198.95,137.61388,737.0,608.16473
111.84,170.60808,704.0,642.46594
104.5,98.71314,698.0,630.8679
107.12,94.90114,697.0,612.1498
104.78,94.63919,696.0,561.4523
102.9,99.02262,693.0,640.4045
99.91,98.15247,688.0,623.1533
98.5,97.27184,661.0,640.65344
102.0,97.069336,571.0,549.1314
104.78,107.43572,495.0,465.20865
118.56,111.71687,436.0,400.39444
112.08,120.35951,1050.0,1279.5692
95.05,99.2021,8339.0,7493.1724
57.9,77.84939,17078.0,13958.692
37.6,39.634872,20815.0,19218.613
19.68,29.442741,22485.0,20625.584
19.57,10.0706,22891.0,20444.28
15.1,10.0706,22950.0,20282.123
16.4,9.551095,22791.0,20120.188
20.33,13.158914,22339.0,19703.482
50.0,28.720892,21430.0,19411.002
83.12,63.868053,17398.0,17929.07
111.76,103.10094,8041.0,10762.389
150.0,130.0096,1382.0,2118.921
215.0,161.65573,672.0,593.63245
117.11,184.95245,654.0,650.0695
104.99,105.88871,649.0,649.28735
109.18,98.72108,633.0,646.6278
105.26,100.23344,622.0,646.6278
104.54,100.79463,612.0,662.2763
104.78,101.33546,522.0,631.4205
104.78,100.79993,467.0,574.4533
105.26,106.72371,431.0,484.83496
107.28,111.704735,352.0,358.49005
126.55,113.78627,273.0,320.56555
111.4,127.0591,980.0,1189.9741
104.26,98.47517,8169.0,6947.7583
56.4,86.054726,17229.0,13707.265
60.0,42.144558,20332.0,19737.305
50.08,49.88058,21037.0,20550.654
50.0,39.934204,21588.0,20343.816
44.02,38.13627,21279.0,20256.879
44.0,35.10826,21110.0,19947.568
55.0,38.467678,20052.0,19476.094
66.3,56.73889,18112.0,18402.145
96.86,81.940125,13591.0,15838.707
124.7,112.46352,5691.0,8588.191
160.0,142.868,831.0,1403.0643
200.0,174.87848,425.0,562.44037
130.0,173.95876,426.0,472.38214
107.65,118.675606,424.0,400.04306
113.07,102.22651,421.0,451.3801
110.91,106.20531,398.0,451.3801
108.34,107.30951,334.0,453.57748
108.26,104.705086,192.0,379.02197
107.21,105.89824,83.0,323.62686
108.26,109.10023,53.0,269.17242
110.78,113.723885,26.0,234.5774
120.42,122.40684,17.0,182.15898
113.54,124.445496,621.0,1025.9369
106.68,102.20574,5084.0,6684.691
66.04,90.97326,12265.0,12289.4375
52.14,55.86504,16927.0,14963.698
49.0,44.7994,18798.0,18019.182
45.1,40.43294,19631.0,19109.582
31.25,37.12738,19003.0,19721.441
32.61,24.585508,17270.0,18536.85
55.0,29.69449,15178.0,16785.713
65.87,62.060497,12593.0,14457.38
76.0,82.42843,7707.0,10491.261
108.14,100.07799,2840.0,5009.033
125.2,128.96649,341.0,898.31976
125.0,143.89935,140.0,213.83176
105.78,117.60536,128.0,160.71808
104.68,97.46568,128.0,158.36035
104.99,101.21685,128.0,126.04635
99.89,101.382225,128.0,171.99637
97.0,99.04828,99.0,168.69598
93.8,96.456535,64.0,90.60541
95.29,94.886986,64.0,36.6849
95.15,96.13436,64.0,95.99958
99.89,99.66709,64.0,27.548834
101.0,105.30631,67.0,94.48048
99.89,104.86794,585.0,651.70197
65.6,90.548805,5632.0,4128.847
30.0,53.388138,14192.0,9454.99
3.94,18.351952,18554.0,16187.295
1.72,2.0966368,19397.0,19175.656
0.65,0.41202274,19279.0,19288.922
0.65,-0.21837184,18643.0,19102.904
0.65,-0.85177416,18065.0,18411.355
4.31,2.3970504,17873.0,17719.584
15.43,13.902126,15747.0,15663.649
55.08,37.66411,10644.0,12171.118
93.56,79.042854,3793.0,4615.137
110.36,110.86471,759.0,457.8519
110.91,117.00331,537.0,345.00354
104.6,103.57662,498.0,332.72284
101.0,97.84404,413.0,319.23688
85.8,96.23065,255.0,221.69112
82.85,78.42371,174.0,148.21397
75.94,80.57616,136.0,128.082
79.0,73.657425,83.0,116.2129
78.97,76.96625,28.0,112.55422
75.35,76.45169,16.0,111.32906
75.94,78.43974,16.0,115.19237
85.0,79.779305,19.0,117.097046
69.38,87.21787,435.0,535.1716
26.2,54.1494,4944.0,5286.8906
10.0,13.956514,12100.0,10370.711
0.65,-1.8191465,14202.0,15062.6045
0.0,-2.623503,15103.0,15582.989
0.0,-2.7500823,14999.0,16093.023
-0.01,-3.1075375,15151.0,15599.161
-0.5,-3.1546843,14195.0,15715.61
-0.62,-2.3737237,12705.0,14619.982
-0.01,1.6750786,12129.0,13131.008
3.52,13.483236,11179.0,11275.095
43.16,29.62432,6628.0,6700.12
69.96,71.10904,1183.0,1519.5248
61.4,86.7924,570.0,552.48956
54.8,60.269005,470.0,522.4213
38.09,53.404873,448.0,440.1265
30.9,41.217777,421.0,313.01654
30.9,32.194862,366.0,293.94278
26.2,30.457634,344.0,281.55386
26.2,31.183363,315.0,233.2098
34.9,31.38276,309.0,192.16241
30.14,42.465313,284.0,188.42471
30.9,40.63565,240.0,169.0862
60.6,44.965843,206.0,146.30986
62.03,73.2581,932.0,476.76645
29.35,55.178013,9039.0,5646.3403
2.0,20.340755,16374.0,13056.439
0.0,-1.1865054,17768.0,18132.494
0.0,2.7690194,17880.0,18213.186
-0.01,3.9481483,19527.0,17869.03
-0.01,2.9769418,19303.0,18977.006
-0.01,2.6328275,19030.0,18853.582
-0.01,4.382584,18716.0,18036.873
0.0,7.7733617,18165.0,17146.45
15.6,10.8815,15565.0,15590.055
67.99,41.964054,7353.0,8801.538
108.95,88.72736,1144.0,2052.5815
109.38,110.06811,603.0,576.4071
82.8,95.193855,579.0,564.6029
80.0,74.59282,567.0,529.4055
79.11,70.50475,553.0,474.14636
61.0,69.09835,549.0,462.64398
85.28,56.738834,523.0,473.95114
76.95,80.60607,469.0,442.99835
79.11,73.06654,435.0,420.10605
83.7,77.525696,325.0,340.4412
85.28,88.62773,233.0,259.131
86.56,92.841515,155.0,230.76337
85.8,91.35982,773.0,899.40295
39.9,73.72152,8003.0,7254.0127
3.82,27.739573,15699.0,13240.397
0.65,-3.4961846,18160.0,17988.893
0.01,-0.9301989,18367.0,19134.246
0.0,-0.5993498,18007.0,19105.043
0.0,0.08900716,17488.0,18104.75
0.0,-0.70158243,17490.0,17679.719
0.0,1.0476485,18190.0,17481.139
2.2,5.9541755,18232.0,18065.498
26.47,12.78349,15447.0,16657.725
86.32,52.31023,7534.0,9382.822
105.01,109.52512,1186.0,2046.5726
98.5,117.85123,678.0,596.9364
76.02,89.363815,657.0,589.6686
75.84,68.824,672.0,590.92224
53.51,69.45181,641.0,581.1537
39.8,49.181675,615.0,581.1537
48.6,41.922623,553.0,593.14984
42.0,48.75773,545.0,497.62125
41.5,45.001114,525.0,383.03183
48.6,49.4527,448.0,408.60815
48.8,56.743027,295.0,187.45317
66.96,59.042816,241.0,124.85836
69.01,75.57738,885.0,688.4477
57.91,57.686985,7113.0,4575.357
9.52,41.903145,14425.0,11291.717
1.07,0.9699985,17696.0,16869.955
0.65,-0.28659174,19255.0,18721.508
1.55,0.2809867,19327.0,19298.033
0.65,0.2809867,18674.0,19102.66
0.01,0.2338401,18100.0,18666.738
0.65,0.8397195,18029.0,18427.734
20.1,5.4501977,17419.0,17902.127
72.72,35.9675,13935.0,15605.24
95.0,92.12694,6170.0,8890.479
116.12,116.71816,861.0,1554.2269
105.77,122.2319,438.0,626.6986
90.0,92.77241,396.0,511.32175
83.08,78.31464,374.0,511.32175
83.46,75.264694,348.0,491.9739
75.94,75.40622,344.0,464.29138
75.94,72.77546,318.0,419.21994
76.46,73.43883,316.0,398.944
79.7,74.29782,316.0,376.82385
77.0,80.68351,150.0,348.7316
85.85,82.45644,55.0,222.67497
112.7,91.75063,46.0,172.41022
116.89,116.50797,661.0,738.1671
88.57,103.8885,7565.0,5702.38
55.12,69.579575,16448.0,13061.644
30.2,43.280724,19321.0,18882.31
29.99,20.072401,19928.0,19911.479
25.93,20.851889,20904.0,20086.81
20.1,20.112833,21102.0,20151.646
22.74,14.654718,20786.0,20017.977
25.93,22.081402,20775.0,19863.541
53.13,34.668976,20043.0,18923.871
76.01,67.853165,15478.0,16476.785
114.11,97.35449,6713.0,7836.3
174.1,131.72887,1048.0,1310.1484
175.01,166.88655,663.0,499.64813
128.8,153.43242,636.0,466.08313
101.9,112.1635,584.0,476.06567
106.48,95.39154,542.0,468.08972
104.52,95.51664,504.0,447.70547
100.0,99.26235,492.0,414.52344
98.71,96.93778,417.0,374.593
99.0,97.17752,364.0,287.3942
104.52,100.49495,281.0,214.19472
107.96,109.750656,201.0,120.24218
123.37,116.455124,125.0,115.276634
123.28,127.54029,768.0,405.61136
108.8,110.0013,8017.0,5302.728
88.59,92.04757,17556.0,12922.304
34.99,70.443474,21005.0,19690.19
25.76,27.33898,22044.0,20556.762
29.2,21.910765,22165.0,20402.678
21.56,22.64982,21148.0,20252.12
47.06,18.69451,20733.0,20017.393
53.0,45.82932,20493.0,19628.611
59.28,60.14725,20463.0,19020.357
94.08,71.784004,16460.0,17145.357
123.6,112.07408,6502.0,7849.1934
150.0,149.33833,937.0,1403.0857
160.0,152.75922,597.0,607.5283
122.01,138.21428,587.0,609.3025
113.92,111.15892,593.0,524.2586
115.87,107.24861,577.0,553.28864
108.83,109.85613,543.0,471.39157
105.5,101.259514,514.0,505.3663
109.0,101.15689,493.0,410.04205
105.47,103.528465,482.0,386.4609
98.0,104.72073,394.0,373.24625
95.0,101.07922,277.0,243.75644
103.5,102.33064,155.0,147.7349
106.67,108.573204,721.0,551.60815
82.66,95.19274,6929.0,5852.7095
38.8,72.516785,15027.0,12536.026
20.25,27.859934,17968.0,17212.426
16.79,12.691954,18520.0,18402.518
12.91,11.002037,17759.0,18789.873
6.51,7.3088417,17347.0,17654.076
6.0,5.217706,16221.0,17271.684
12.27,10.363156,15004.0,15941.603
29.2,23.598944,12275.0,14394.115
67.0,50.259987,7353.0,10175.401
92.56,92.29605,2309.0,4402.8403
103.11,113.256294,396.0,696.31995
100.04,111.08005,251.0,312.92538
95.07,95.69698,185.0,235.72733
91.84,91.58465,163.0,228.20407
63.51,87.88256,82.0,188.91127
60.86,63.835526,30.0,274.30203
59.83,62.61265,28.0,257.27533
58.3,64.1051,28.0,257.25867
58.04,59.86369,28.0,251.53882
58.04,57.65443,28.0,191.69821
57.91,60.289646,28.0,116.63181
58.87,63.121113,35.0,124.97192
58.87,62.97239,305.0,436.37497
57.91,49.33501,3366.0,4268.705
35.0,42.442043,8016.0,7774.165
29.16,19.89302,10339.0,11011.672
17.11,17.763668,11600.0,11971.044
8.53,8.287861,12636.0,12330.088
15.0,2.3288426,11835.0,12791.115
16.79,7.6541157,11327.0,11539.254
22.97,12.16682,9650.0,10175.652
37.34,26.797052,7314.0,7918.935
61.11,52.419926,4617.0,4844.1245
70.98,78.23015,1676.0,2468.3103
74.14,86.52209,175.0,353.34692
61.0,77.055016,95.0,76.161476
69.62,57.052055,92.0,55.440025
60.16,62.041306,92.0,54.92653
51.6,54.840866,92.0,22.059801
47.7,45.74282,82.0,20.436674
45.0,45.241695,28.0,34.66564
32.0,42.515316,28.0,32.17341
30.0,31.200817,28.0,36.099407
32.5,32.19623,28.0,20.98284
50.0,39.855835,28.0,24.235807
74.4,57.623085,36.0,26.78794
77.8,81.248314,213.0,304.4015
73.08,70.280205,3221.0,3125.702
59.33,58.131615,8225.0,6737.459
40.14,47.282856,11156.0,10295.516
35.0,37.16872,13222.0,12000.155
28.3,30.844084,14010.0,12830.42
21.99,24.249321,14270.0,12974.264
27.94,22.033092,14273.0,13417.299
35.0,28.234123,13711.0,13130.565
52.0,43.194824,11395.0,11857.357
85.0,65.46379,8577.0,8040.446
101.13,100.468124,3286.0,3410.7505
133.26,113.14134,378.0,450.34177
105.68,129.31812,198.0,211.80736
90.04,92.445114,125.0,136.50742
88.6,79.55231,97.0,105.2416
95.46,79.83034,40.0,110.595894
88.25,85.46517,32.0,118.086235
80.0,82.259544,31.0,99.761284
76.43,74.933235,28.0,99.761284
78.0,71.8516,28.0,96.42124
80.0,74.83714,28.0,96.42124
97.11,84.8886,28.0,77.61761
105.68,101.64421,34.0,90.15229
120.0,108.16855,249.0,220.94945
93.97,107.28559,4579.0,3789.5469
60.1,79.332016,11987.0,9251.624
31.0,48.65837,16732.0,13356.44
24.47,23.266695,18927.0,17295.133
21.9,17.507978,19348.0,18552.918
22.0,17.507978,18859.0,18610.62
29.08,17.700047,17933.0,18098.922
35.0,24.321083,16898.0,16920.12
54.94,42.783737,15196.0,15142.7295
84.0,70.86418,11078.0,12087.309
117.0,101.921234,4031.0,5351.1675
199.34,131.5956,570.0,764.4883
172.11,181.31532,394.0,407.4817
119.9,144.86092,394.0,232.54755
101.5,104.319115,382.0,227.00027
103.4,92.11472,347.0,236.47618
105.63,93.113556,315.0,207.54002
101.55,98.56609,271.0,163.46048
97.62,95.40668,250.0,150.10858
101.44,93.297295,228.0,137.44858
101.59,99.516914,183.0,134.10854
103.48,105.622116,122.0,87.29879
113.42,109.08722,57.0,76.608696
123.29,117.84768,444.0,276.72183
95.69,109.63941,6796.0,4255.897
67.26,78.99745,17240.0,11730.166
41.03,49.839054,20534.0,19184.506
23.92,31.862125,20856.0,20715.088
16.28,16.529541,21015.0,20317.734
14.02,11.887599,20864.0,19992.008
19.24,8.222122,20756.0,19540.354
36.97,15.192293,20427.0,19143.22
53.19,48.141148,19280.0,18486.363
86.57,69.92701,14544.0,14405.884
125.06,106.52498,5034.0,6328.887
217.9,153.38087,790.0,943.2743
129.41,200.46371,592.0,456.9686
108.47,115.9716,572.0,461.2144
103.35,94.77028,551.0,449.2039
104.34,95.77055,488.0,470.8439
99.99,98.855225,413.0,403.86636
95.0,98.04617,375.0,296.2534
97.07,94.38869,302.0,276.1315
100.32,96.539406,282.0,210.10443
105.02,102.334145,251.0,164.85738
105.49,110.27344,131.0,126.05886
121.42,113.87724,33.0,76.44221
131.15,126.80871,390.0,285.8617
93.62,115.91405,6691.0,5046.2705
59.11,77.9001,16514.0,13341.999
34.28,45.78931,20759.0,19031.18
22.1,26.565765,21595.0,20838.693
17.67,18.557844,21981.0,20410.295
16.41,11.992726,21528.0,20342.215
16.59,13.982727,20243.0,20203.852
31.9,19.13002,20264.0,19591.525
45.64,40.622223,19482.0,19224.854
80.18,63.644,14312.0,16482.232
106.92,105.1189,4780.0,6262.0527
204.26,145.50916,802.0,1038.5698
156.49,190.60735,633.0,553.9997
118.79,141.99629,621.0,577.69403
104.7,107.748726,610.0,559.0841
116.68,100.66049,597.0,547.14514
112.61,108.44548,565.0,491.85388
105.5,107.75963,502.0,470.5995
104.06,102.03006,448.0,427.8071
104.04,102.754524,406.0,331.52814
106.18,108.29517,278.0,279.74448
110.61,112.73774,158.0,170.2641
124.44,119.03862,89.0,87.76237
132.44,133.38805,380.0,313.79773
115.58,118.60054,6170.0,5012.1836
69.88,101.721405,15855.0,12909.327
49.7,52.092197,19543.0,18695.744
41.79,40.736607,20102.0,20085.504
39.13,36.996502,20057.0,20153.264
39.12,34.7761,19932.0,19964.121
38.23,34.96817,19657.0,19789.209
44.1,39.35828,18345.0,19598.838
58.39,50.980877,16336.0,17818.611
94.91,72.57069,11623.0,13704.07
119.98,115.77056,4044.0,5763.602
138.76,149.30766,721.0,722.4347
134.48,143.70992,598.0,461.05023
120.81,123.93618,594.0,589.91815
116.5,109.60161,610.0,588.1822
110.94,110.81259,608.0,547.79956
102.92,106.235275,603.0,545.4607
100.52,100.40946,580.0,510.04886
95.75,99.75346,492.0,512.0554
93.01,96.179344,264.0,407.75348
99.62,93.584854,145.0,209.36569
94.38,103.90622,83.0,146.1791
100.3,101.74963,65.0,105.858376
92.35,107.77871,348.0,250.11392
40.36,85.18738,5727.0,4366.795
6.16,33.361084,14881.0,11884.194
0.11,2.8502839,18643.0,17319.25
-0.01,2.3925004,19357.0,19514.902
-0.02,3.7089748,18737.0,19373.688
-0.02,3.0299702,18490.0,18719.854
-0.01,2.5020099,18038.0,18162.479
-0.01,3.1720037,16604.0,17977.88
0.15,9.778977,16138.0,15413.515
10.8,20.41387,13513.0,12659.745
65.61,47.661766,4807.0,5002.0645
74.35,92.31001,802.0,818.5857
71.95,86.46176,627.0,537.85944
68.26,71.500145,615.0,547.80493
47.03,66.80006,608.0,577.97314
35.02,51.254078,597.0,572.7423
33.51,44.170094,519.0,542.5741
29.05,37.045315,394.0,501.1078
28.93,32.003323,321.0,371.4614
28.2,31.649664,263.0,216.49214
28.2,33.73291,125.0,159.04054
29.19,34.516434,62.0,108.36678
28.1,36.533432,45.0,89.83494
24.85,34.67391,355.0,268.8754
5.27,14.608182,6188.0,4759.4385
-0.01,-3.3486943,12903.0,11943.976
-0.64,-5.6209745,14338.0,15736.731
-1.12,-1.2225105,14701.0,15442.123
-2.22,-1.1260632,15129.0,15168.384
-2.45,-0.6549329,14649.0,15431.169
-1.21,-0.6794497,14611.0,14722.263
-0.63,0.10151071,14024.0,14294.558
-0.12,4.167502,14242.0,13275.092
13.87,11.321359,12541.0,11638.157
52.42,37.563484,4882.0,4473.757
70.34,69.080574,841.0,957.1097
83.13,70.6948,676.0,562.7553
60.49,73.51259,666.0,572.7423
41.13,54.850857,658.0,572.7423
45.08,37.12817,645.0,541.2723
42.42,36.06028,620.0,501.2706
43.05,39.34758,585.0,437.51715
45.23,40.302208,448.0,391.8116
46.8,41.62495,399.0,242.35925
55.81,47.102184,278.0,189.29686
82.06,59.50298,164.0,116.99143
112.85,89.03098,85.0,0.42491236
124.76,117.21076,335.0,199.62827
108.4,111.58484,5209.0,4138.5825
70.77,92.376564,13213.0,10211.752
46.97,56.684345,17009.0,14394.535
44.43,41.75093,17549.0,17313.33
41.44,40.407585,16829.0,17391.986
36.31,39.742016,15991.0,16263.125
40.33,36.98644,16002.0,15546.193
43.78,41.17068,15759.0,15154.645
68.62,48.077717,14329.0,13870.258
98.93,78.10197,10587.0,11405.605
137.64,112.96654,3452.0,4648.884
163.34,145.74768,623.0,754.4158
169.24,154.51726,528.0,570.338
125.74,144.7639,528.0,548.49524
103.13,111.47417,509.0,415.3351
110.34,94.11121,393.0,534.21075
108.68,99.394104,292.0,435.23755
107.24,101.2615,252.0,248.50632
103.66,101.136856,209.0,268.63766
103.35,99.49958,129.0,233.98497
102.93,102.26192,60.0,145.28574
108.5,107.84557,40.0,120.93725
121.01,115.078316,43.0,89.35563
132.32,128.65155,268.0,206.87009
118.1,120.80395,5307.0,3837.3752
75.89,102.391426,15194.0,11194.242
51.76,62.26163,19036.0,17393.84
50.88,47.115032,20067.0,19499.135
41.4,48.161366,20254.0,19817.127
37.34,40.170097,20093.0,19484.002
42.81,37.31148,19853.0,19281.57
54.95,43.388023,20018.0,19072.566
77.72,64.4385,18814.0,18220.98
109.64,91.86052,12736.0,13882.289
150.0,127.53643,3633.0,4668.73
168.35,167.99744,721.0,753.8845
156.29,167.06824,647.0,540.8103
119.76,138.95404,644.0,544.09143
114.79,107.3521,644.0,529.0993
111.56,107.036476,638.0,476.25623
104.25,105.27285,611.0,455.4402
101.14,102.9685,553.0,420.45184
99.75,100.003365,423.0,356.4313
100.0,99.88058,278.0,208.83185
97.56,103.21271,129.0,51.719273
105.24,106.28092,96.0,-3.7337162
129.14,114.263664,92.0,-1.1815835
154.27,137.49901,290.0,92.0514
109.85,135.34618,4448.0,4159.842
98.03,92.04865,12035.0,10599.632
79.74,82.47802,15826.0,15293.902
76.19,68.46447,18663.0,17221.203
68.2,66.58801,19073.0,19313.354
63.22,60.335266,18277.0,19271.195
61.94,56.567383,17672.0,18275.268
55.55,60.564766,16899.0,17137.191
76.55,64.56782,15610.0,16152.669
91.03,92.80332,10198.0,12841.715
141.78,117.7783,3148.0,4816.7876
139.05,165.10815,613.0,616.90607
113.27,140.35147,502.0,571.53265
106.37,104.52656,404.0,554.3121
96.87,98.06431,343.0,458.03314
92.36,93.766365,260.0,423.3597
80.96,88.43825,160.0,383.2552
78.94,79.5061,148.0,314.86316
69.85,78.80876,143.0,268.0013
65.58,70.22204,92.0,165.79695
68.47,71.120766,80.0,99.276924
85.78,78.317665,80.0,71.05537
101.88,99.67394,80.0,81.81544
111.28,114.98642,171.0,218.18333
91.06,102.92733,3377.0,4015.816
34.9,80.66222,10895.0,9468.341
12.55,29.825518,15363.0,14044.624
5.29,15.108945,16843.0,17001.77
9.43,12.813384,17441.0,17564.799
6.0,12.384898,17678.0,17645.365
5.98,8.18114,17147.0,17206.855
12.33,12.305225,16428.0,16455.945
39.78,28.77241,15068.0,15368.475
68.87,60.032646,10074.0,11135.736
106.0,97.23361,2760.0,4139.41
114.46,129.21106,557.0,478.22742
101.68,117.26756,473.0,390.4236
95.07,96.12691,385.0,304.3018
92.74,87.88421,287.0,238.53671
89.02,86.46138,225.0,118.23267
85.02,81.012955,158.0,176.27002
79.99,83.44512,128.0,156.26437
72.96,77.97945,128.0,144.618
69.75,71.449974,128.0,143.43517
78.87,71.83922,109.0,119.57737
94.98,86.090775,60.0,117.28272
100.54,106.668945,62.0,87.2541
107.24,111.780174,169.0,172.80225
93.84,98.81689,3813.0,3681.5046
48.54,78.68572,11014.0,9182.177
42.92,33.711945,14855.0,13550.361
43.91,32.72602,16688.0,15893.231
41.08,33.83233,17238.0,17164.139
33.22,31.505743,17310.0,17156.354
45.71,24.544096,16834.0,16776.38
52.19,39.017124,15868.0,15802.839
79.42,57.926956,13809.0,14201.285
96.12,89.04313,8977.0,10046.361
115.01,114.53435,2511.0,3345.2249
117.47,126.38174,427.0,461.77396
108.1,114.1518,324.0,330.88794
103.43,97.89408,312.0,287.2501
101.96,94.30676,295.0,254.89786
106.94,95.18889,278.0,205.56882
105.45,98.24135,256.0,189.51852
103.81,100.14771,224.0,169.36816
101.03,97.96151,204.0,163.15329
100.34,96.77235,181.0,150.01054
101.88,98.484764,129.0,108.1114
102.35,102.353966,86.0,82.09727
101.41,104.11273,64.0,85.85996
102.09,103.788216,163.0,176.87154
85.69,91.25541,4489.0,3987.3618
53.84,67.24536,13089.0,9942.623
18.25,38.502045,17337.0,15072.99
4.88,11.6629305,18342.0,17982.373
4.44,3.014265,18360.0,18552.389
3.84,-0.008131655,17994.0,18152.916
3.72,0.7631071,16662.0,17312.328
7.51,4.9572563,15777.0,15693.528
41.98,21.479403,14726.0,14010.581
83.06,62.298325,10717.0,11273.546
106.6,101.648636,3034.0,3833.8037
108.26,117.10296,657.0,477.9202
109.8,104.17252,524.0,402.0232
106.99,95.5813,512.0,372.10724
104.65,96.46463,482.0,393.56122
105.06,98.623184,426.0,351.57883
101.87,99.02673,424.0,290.57135
81.28,99.087265,355.0,286.53888
77.0,79.70373,188.0,250.91707
77.5,75.972244,141.0,181.25963
77.5,77.49057,75.0,122.44422
77.16,80.14023,67.0,95.21432
81.48,78.966545,67.0,82.15717
85.21,85.54191,279.0,172.96675
65.58,74.50368,3472.0,4164.905
24.23,50.36751,11229.0,9433.803
1.29,10.37117,15209.0,14316.346
0.65,-2.8474736,15652.0,16562.604
1.04,-2.0559254,16188.0,16448.549
1.72,-2.0559254,16445.0,16215.54
1.5,-2.1030722,15249.0,16063.33
7.24,-1.3221122,14612.0,14720.186
34.42,16.619715,12599.0,13232.377
86.32,54.44488,6835.0,9818.401
109.4,104.65816,1449.0,3262.106
115.14,115.95425,280.0,521.7324
115.12,111.84863,260.0,236.94666
113.64,102.848465,260.0,206.35387
109.72,103.23055,260.0,203.73424
101.01,101.06313,257.0,182.91997
92.19,94.57792,181.0,182.91997
83.88,89.22195,86.0,151.73439
92.17,83.21755,48.0,76.66735
95.07,89.98091,48.0,50.166348
101.93,96.51332,48.0,9.554309
105.92,108.41736,48.0,8.943976
115.2,112.901794,51.0,1.7824402
127.41,123.06922,99.0,126.53413
120.55,118.257195,2231.0,3019.7273
103.94,107.41487,8508.0,6862.348
88.36,86.65486,13045.0,12830.787
77.29,77.65228,15707.0,14866.792
70.42,68.98003,17217.0,16253.117
68.7,62.127003,17478.0,16966.17
63.72,61.334362,16965.0,16740.732
70.91,62.244953,15630.0,15915.437
79.26,76.72174,13490.0,13691.024
99.91,93.14885,8616.0,8919.0
132.08,121.77838,2441.0,2687.3171
162.09,146.40742,721.0,434.4605
160.49,159.18869,399.0,428.4242
129.25,142.65642,319.0,292.91266
115.02,117.52391,281.0,245.77179
116.29,104.434555,181.0,218.28159
109.22,107.446625,119.0,141.0625
107.06,102.55104,74.0,106.40644
106.93,104.36339,72.0,83.170006
107.22,105.13243,72.0,68.70362
108.5,109.46354,72.0,68.70362
115.58,114.17717,72.0,74.14826
126.63,123.46485,76.0,86.050865
155.86,133.65431,136.0,141.48442
122.51,142.57632,3649.0,2944.8335
105.42,110.55716,12279.0,9454.753
88.04,94.915565,17181.0,14771.251
76.85,83.6373,18525.0,18098.557
66.76,73.37957,19112.0,18803.543
63.5,65.73409,19275.0,19106.295
61.72,59.97129,19243.0,18969.885
69.35,64.18997,18760.0,18313.201
86.95,76.058464,17301.0,17127.363
112.33,100.362656,10785.0,12197.916
145.16,133.55269,2404.0,3646.4053
160.2,159.3413,485.0,615.88513
144.19,159.61897,449.0,397.76675
130.07,128.53728,448.0,310.00302
111.38,118.175064,391.0,312.69724
116.04,104.96134,247.0,279.18613
108.26,109.44819,170.0,155.7966
105.45,104.61638,111.0,125.68981
103.77,104.7034,58.0,117.73826
103.77,103.665535,20.0,100.129524
106.96,106.51199,20.0,83.49142
113.9,114.474174,16.0,80.7972
142.4,124.60458,12.0,81.95692
158.17,153.45543,86.0,65.01194
121.39,139.7177,3402.0,3051.4016
100.44,107.36437,10834.0,8182.032
84.62,91.04016,15935.0,14094.361
73.02,79.15767,18051.0,17274.1
68.6,66.71116,19100.0,19057.43
66.75,63.471478,18690.0,19346.012
66.94,62.627987,18377.0,18741.105
76.05,69.03382,17597.0,17951.781
90.87,84.14411,15511.0,16082.156
116.88,104.14102,8529.0,11739.938
156.52,139.14157,1566.0,2968.3308
163.07,167.07538,304.0,483.6893
148.72,158.13988,226.0,215.50996
120.25,130.17604,179.0,204.18375
112.67,108.282715,132.0,210.04361
117.37,105.00239,71.0,53.520184
109.67,107.85008,40.0,37.48503
106.1,105.054695,16.0,93.693275
105.0,102.36737,16.0,50.51316
104.98,103.30506,16.0,-6.2259464
106.63,105.76437,16.0,-6.2259464
114.89,112.753685,16.0,-6.2259464
128.11,125.23605,16.0,-3.673814
152.88,137.72055,80.0,17.842274
124.76,138.52313,2259.0,2647.352
107.52,107.88243,7790.0,6326.6865
85.92,94.1223,13017.0,11216.927
77.7,78.8021,15637.0,14700.78
73.21,71.82517,16710.0,16294.441
70.44,67.09445,16594.0,16917.957
71.68,62.93603,16401.0,16561.156
78.61,72.10383,15407.0,15816.818
94.63,84.9958,12866.0,14188.744
119.33,106.8437,7235.0,9376.116
147.31,141.61751,1310.0,2592.0422
153.47,159.38652,148.0,373.2503
141.78,149.51414,102.0,127.70041
129.84,125.67559,80.0,124.50416
115.22,117.90772,48.0,94.661705
123.53,107.067444,22.0,90.95202
109.99,114.25572,20.0,79.10529
106.5,104.46893,20.0,67.0805
105.16,103.3612,20.0,67.0805
105.05,103.08824,20.0,67.0805
106.83,107.35043,20.0,57.097965
116.32,112.86807,20.0,57.097965
137.28,124.68273,20.0,69.63264
159.4,145.05038,79.0,106.914024
129.76,142.32394,3396.0,2556.1658
99.38,114.79761,11567.0,8202.254
84.42,88.729866,16973.0,14191.736
76.58,78.99466,17981.0,17898.418
59.14,71.32333,18325.0,17987.889
48.39,55.71369,18447.0,18217.76
45.0,46.34122,18049.0,17926.21
57.8,47.649586,17545.0,17379.305
94.7,67.27643,15495.0,15236.438
120.74,107.89039,9335.0,10167.364
138.19,139.67874,1984.0,2637.0034
157.65,151.38583,488.0,364.76178
147.76,151.75987,460.0,281.8953
127.88,128.0979,457.0,252.08545
122.22,114.903595,370.0,243.66031
125.52,116.82101,345.0,184.69537
112.9,116.93552,220.0,158.45355
100.88,108.95904,100.0,120.85783
101.35,99.96429,85.0,103.085365
102.34,101.098,56.0,103.085365
97.44,101.92824,48.0,84.73434
103.83,101.84401,22.0,86.12676
114.9,110.17882,20.0,88.67889
118.52,123.09984,80.0,131.90263
104.94,109.59825,4127.0,3406.6187
75.37,92.94497,13220.0,10015.105
29.27,66.525696,17376.0,15929.773
6.74,26.994526,18111.0,18389.178
4.46,8.7413845,18486.0,19011.074
2.24,4.016956,19039.0,18544.541
0.91,2.589569,18335.0,18613.078
4.2,4.444436,18133.0,17615.773
47.97,22.024893,17117.0,16760.213
96.2,70.519585,9900.0,12234.888
117.97,116.496635,1846.0,3407.4412
128.65,135.3147,543.0,461.78537
120.73,128.72285,528.0,481.8797
113.17,111.90071,531.0,475.57104
109.16,106.073784,517.0,431.79886
86.54,104.320465,485.0,422.5639
71.35,82.52064,449.0,312.0874
56.26,69.55692,268.0,212.22035
34.13,56.92033,149.0,54.424923
30.47,39.681038,68.0,4.621237
29.58,32.65062,48.0,73.07769
29.75,38.61743,36.0,74.14878
30.62,39.205917,39.0,76.70092
31.35,38.54387,109.0,95.269325
24.8,31.964668,2645.0,2860.5483
5.88,17.87822,9090.0,7969.604
1.67,-2.407474,12700.0,12214.303
0.01,-2.8474736,13936.0,14282.553
0.0,-2.1638258,14516.0,14435.369
0.0,-2.675442,14914.0,14607.123
0.0,-2.7225888,13840.0,14801.215
0.16,-1.1413578,12692.0,13993.938
3.46,8.684016,10030.0,12001.884
36.2,26.375786,5390.0,7641.5996
66.64,68.75014,1235.0,1659.6935
72.14,90.51873,364.0,451.42935
70.86,81.06096,324.0,271.44315
57.38,68.91648,305.0,330.1657
47.4,55.644592,300.0,284.0369
45.84,47.585045,265.0,205.52333
28.4,43.83497,138.0,188.54399
25.16,29.727213,124.0,64.76544
26.19,28.711662,124.0,31.774214
26.45,29.482378,124.0,62.241096
27.29,33.253044,124.0,61.263214
51.1,37.693066,124.0,59.590195
75.32,62.319046,124.0,62.142326
92.84,83.53711,160.0,35.714176
84.16,89.14964,1964.0,2147.0342
38.46,75.49863,6514.0,5286.2695
14.1,36.21469,10568.0,9585.762
3.52,12.490803,11865.0,11552.098
2.79,5.7432094,13623.0,12484.332
0.8,5.5284495,14068.0,13415.534
0.28,4.929558,14180.0,13789.462
1.64,4.739675,13696.0,13486.242
11.77,9.924606,12919.0,11534.455
40.14,32.436363,7872.0,8101.1826
79.05,64.240875,1552.0,2252.3538
100.34,98.088524,191.0,276.98376
92.9,103.86303,138.0,122.32546
67.26,83.534424,82.0,103.0088
48.18,60.55933,16.0,83.49015
35.95,45.07081,16.0,46.625828
23.74,36.122604,16.0,56.196865
13.08,21.627409,19.0,94.99505
11.05,14.680398,20.0,96.164154
13.98,15.677417,19.0,96.164154
18.04,18.58747,16.0,96.164154
35.27,30.644735,16.0,107.73932
62.96,52.17137,19.0,80.52579
93.41,77.25647,55.0,125.463005
78.52,90.93117,1582.0,2083.6257
41.49,69.3182,5088.0,5095.7944
19.19,34.53786,8185.0,8259.075
5.86,14.308049,9974.0,9693.939
3.52,5.2612,11623.0,10400.632
3.26,3.3070683,12135.0,11555.076
1.84,2.871748,12137.0,11811.55
3.39,2.0286582,11324.0,11310.79
13.88,11.116137,8866.0,9818.061
48.03,30.116514,4370.0,6086.587
78.31,67.16859,688.0,1505.6362
101.18,99.603516,78.0,317.03867
82.97,101.886665,76.0,101.3173
78.82,72.460304,60.0,91.76278
52.95,67.675186,28.0,3.2092361
37.6,47.579327,28.0,47.13962
30.54,33.48698,28.0,58.89546
27.62,21.703896,28.0,12.030841
24.3,23.478954,24.0,18.46786
24.28,21.621546,28.0,60.57948
27.57,26.536499,28.0,51.493023
43.05,37.530575,26.0,51.493023
56.32,53.09396,27.0,-1.0708333
74.39,69.25531,72.0,14.6683855
45.48,71.918976,1945.0,2025.94
12.98,37.32792,6896.0,5167.3066
3.39,6.8741517,10517.0,9819.283
1.02,1.8454739,12523.0,11805.561
0.39,0.6036222,12944.0,13185.545
0.03,0.6036222,12864.0,13231.785
0.01,0.5564755,12851.0,12961.87
0.38,2.1367226,12367.0,12587.753
3.43,6.879058,11042.0,10779.388
31.2,22.920464,6643.0,6726.8438
60.14,59.655624,1266.0,1369.6176
66.61,85.484085,190.0,303.27737
43.19,72.558945,172.0,116.26569
26.26,40.8546,172.0,91.55674
20.0,27.000635,187.0,84.70278
7.22,20.78737,188.0,111.111
1.46,8.218196,130.0,111.111
0.22,5.2049537,124.0,69.62263
0.0,6.5757103,124.0,69.62263
0.0,7.5394607,124.0,59.590195
0.0,10.319938,124.0,59.590195
2.62,16.572453,124.0,59.590195
16.49,17.92844,124.0,2.7443764
23.49,32.324635,147.0,76.62649
13.83,22.516443,2066.0,1873.6279
1.45,5.1928473,7789.0,5222.3677
0.18,-4.0010977,12755.0,10302.124
0.0,0.25742382,14464.0,13363.075
0.0,1.2262695,15218.0,14532.946
-0.0,0.13123238,16240.0,14898.073
-0.01,0.35801184,15928.0,15057.597
-0.0,2.1482267,16179.0,14534.366
1.8,6.783102,14559.0,12950.13
18.97,12.557494,8256.0,8734.872
69.26,45.536922,1339.0,2081.5305
112.96,84.712715,258.0,305.7952
116.54,109.85232,212.0,149.35246
102.81,101.885956,196.0,155.00552
76.98,89.63942,196.0,164.28839
101.85,65.72066,196.0,164.28839
92.5,90.099915,194.0,127.72072
88.63,84.114136,142.0,126.10876
87.64,81.57427,62.0,17.099272
87.84,81.82958,36.0,16.112598
90.74,84.420425,36.0,77.97366
105.89,91.517715,36.0,77.97366
134.67,107.38167,40.0,29.3358
160.68,135.49733,103.0,121.991776
133.3,140.11377,2537.0,1934.9149
93.69,113.16494,9330.0,7543.7236
62.51,76.93819,13942.0,12733.895
46.22,55.15852,15397.0,15269.037
28.9,41.284733,16092.0,15859.911
16.12,20.851889,16292.0,16281.387
15.87,12.02321,16108.0,16335.067
31.94,14.917081,16243.0,15525.881
65.32,37.785618,13891.0,14605.945
102.48,77.75481,7405.0,9875.451
126.58,115.15507,1222.0,2057.218
161.92,138.01321,287.0,336.9903
149.93,154.07458,272.0,194.56953
114.69,132.15172,252.0,196.24655
103.96,101.11209,252.0,86.370384
97.58,100.81535,252.0,176.05212
93.08,92.83274,230.0,170.91812
87.71,89.656906,76.0,56.63555
84.46,86.261665,44.0,55.040123
95.4,82.850914,44.0,0.5587462
96.39,92.85087,44.0,-3.3672147
99.51,99.99426,44.0,-3.3672147
108.14,107.16526,44.0,62.508827
117.41,116.108536,94.0,84.464714
104.38,113.67148,2025.0,2397.6365
84.5,92.92692,8046.0,7803.2676
56.79,71.27853,11966.0,12496.897
35.71,46.518436,13678.0,13976.003
28.96,32.588852,14835.0,14795.287
21.27,19.860683,15169.0,15083.255
16.52,14.16283,14941.0,15203.793
18.06,15.579716,13761.0,14452.516
47.04,29.705729,11078.0,12569.818
88.58,67.5864,5638.0,7664.656
113.12,111.16165,979.0,1537.0283
126.49,132.51573,261.0,325.20352
114.04,129.15117,256.0,163.49878
106.71,105.679306,213.0,98.07726
99.78,98.480675,74.0,92.83779
97.49,93.63962,60.0,59.07972
87.5,90.252014,60.0,127.980255
63.11,82.264946,60.0,16.992895
57.35,61.044205,51.0,-6.2533116
58.54,55.349277,44.0,-1.7440865
57.58,57.245056,44.0,-1.7440865
56.24,60.04529,44.0,23.676922
52.02,61.75307,44.0,0.80804443
43.02,59.57526,77.0,9.594897
36.51,48.348473,1078.0,1817.6592
14.76,33.147827,5144.0,3872.9727
5.26,7.6127224,9377.0,7747.8726
2.26,4.0156927,11684.0,10518.2295
1.67,0.2706903,13130.0,12039.124
2.42,-0.35232502,13721.0,12433.856
4.98,0.22354364,13897.0,12526.92
8.62,4.6144123,13827.0,12339.3125
19.63,18.582819,12834.0,11157.554
48.19,40.60013,6821.0,8106.0654
82.96,72.94464,979.0,1869.0073
96.42,100.94497,153.0,355.13083
105.37,97.34986,107.0,63.09188
97.81,96.866745,88.0,50.15885
92.5,89.74977,74.0,103.57987
89.78,85.5036,60.0,78.55106
87.0,80.310974,60.0,71.9278
77.41,82.127464,60.0,74.0521
76.93,71.7503,60.0,71.6114
77.12,72.43808,60.0,71.6114
79.6,75.818,60.0,70.21897
103.5,82.86168,60.0,71.6114
110.49,108.87494,60.0,74.163536
152.68,114.70785,106.0,117.6898
124.08,142.72978,3022.0,1569.1093
85.19,105.64192,11723.0,6736.6187
51.0,72.08237,17985.0,12871.384
26.32,45.0751,19396.0,17073.387
29.77,22.805586,19625.0,18732.656
21.77,23.544641,19200.0,19228.023
20.02,20.109913,19393.0,18487.154
42.8,20.409529,19636.0,18095.639
70.76,50.567596,17121.0,17376.871
116.14,78.42635,9031.0,10735.851
138.5,128.90404,1321.0,2288.58
145.26,144.9357,304.0,334.7884
157.13,138.27481,267.0,150.28258
137.7,133.60594,194.0,139.83443
114.78,118.14258,142.0,118.427635
107.43,102.07887,143.0,81.53936
108.28,96.313034,136.0,84.16685
105.77,100.496826,136.0,90.789406
105.5,100.163445,122.0,92.18183
104.28,100.713196,72.0,88.43166
104.29,102.99026,70.0,72.659676
99.62,111.14126,68.0,75.35389
110.21,107.93752,68.0,75.2118
121.48,119.97728,111.0,83.121346
111.83,116.36196,3015.0,1825.3827
100.44,98.99372,10832.0,6555.079
75.2,84.67039,15354.0,12899.824
62.02,64.02426,16791.0,16212.222
60.0,52.47434,17145.0,17120.738
63.5,52.10315,16950.0,16903.611
70.81,53.707535,15771.0,16767.615
74.97,63.749386,13521.0,15186.142
98.86,80.86064,9715.0,11949.803
110.92,109.0783,3704.0,6283.667
128.04,124.98688,348.0,873.4677
130.13,136.96841,34.0,81.55508
142.24,134.47372,23.0,33.602547
130.04,127.21111,14.0,28.82173
111.33,115.9971,12.0,4.8129177
106.7,102.79831,12.0,7.4159036
88.77,97.97264,12.0,18.086966
84.32,87.0047,12.0,91.4526
80.02,83.87493,12.0,17.422508
76.5,80.02917,12.0,56.176544
78.57,78.76281,12.0,56.176544
82.34,85.257416,12.0,3.011052
90.26,91.74141,12.0,5.5631824
108.33,100.1017,43.0,15.764909
111.7,105.02655,867.0,1973.8098
102.52,100.85148,3117.0,3879.348
89.06,87.09579,5350.0,5503.3716
83.14,74.42218,7345.0,6947.287
82.82,72.963615,8226.0,8218.8545
85.12,73.77376,8863.0,8485.458
94.71,77.42921,8122.0,8324.997
103.02,88.384995,7081.0,6572.6616
108.51,102.31007,5912.0,5055.297
123.55,115.6974,3468.0,3504.5745
137.32,133.11137,489.0,531.4321
152.38,138.60693,29.0,122.83045
159.89,144.32318,25.0,-16.003098
147.6,138.25795,24.0,-10.987294
126.0,126.58044,24.0,-5.5460033
111.24,112.841896,24.0,70.638084
120.81,97.2119,24.0,62.38945
113.04,108.40134,24.0,58.613316
105.44,103.80967,24.0,50.405384
103.72,96.49038,24.0,82.51898
94.29,98.14116,24.0,70.9438
92.82,97.16385,24.0,70.9438
109.45,97.13077,24.0,61.165455
122.43,112.70601,55.0,74.09687
119.08,116.11295,1574.0,1135.7648
110.87,103.7399,6097.0,3928.2634
63.87,96.94123,9519.0,8244.306
39.32,57.91069,11598.0,10683.328
16.64,39.1832,13125.0,12100.818
17.51,19.555174,13569.0,13027.324
15.46,20.409779,13563.0,12732.19
25.45,25.155487,12372.0,11825.289
63.39,45.419277,9081.0,9881.207
109.06,86.86364,3734.0,5018.2935
118.41,123.17089,509.0,645.94116
121.25,132.75404,169.0,177.9006
135.72,126.41956,121.0,-8.65327
120.8,127.29362,120.0,-8.495065
109.74,111.08663,115.0,-8.495065
93.64,103.16682,100.0,-8.495065
69.26,90.05525,79.0,-4.5691247
54.36,68.71396,72.0,-2.2183635
52.27,56.76198,72.0,-4.710594
50.81,56.170258,72.0,-4.710594
50.4,56.144764,72.0,50.405384
50.81,61.094185,72.0,50.405384
67.49,67.673904,72.0,1.7675004
77.44,85.17863,107.0,-0.61265624
75.49,80.26185,1597.0,1392.8892
58.9,69.75767,5668.0,4948.6562
34.09,48.30209,9306.0,8045.941
18.12,28.215296,11414.0,10572.043
17.07,13.6018305,12258.0,11740.75
15.92,13.534745,12028.0,11628.45
15.7,11.636834,11484.0,11686.513
21.75,16.180494,10059.0,10374.081
42.3,35.28472,7817.0,7690.4614
65.82,68.7282,3548.0,4719.321
83.23,93.31963,401.0,672.1681
90.36,106.15445,96.0,93.86645
93.74,100.45663,66.0,-6.3405013
87.8,90.829735,56.0,-2.3015747
77.41,82.94414,56.0,-2.3015747
68.48,71.27592,56.0,2.822222
45.92,63.081264,56.0,-7.848813
24.42,41.893623,53.0,2.2119637
22.48,24.029766,49.0,2.2119637
30.0,24.7907,52.0,2.2119637
30.09,29.26881,52.0,2.2119637
33.86,33.210808,52.0,2.2119637
47.3,39.63923,52.0,4.7640963
52.0,52.813236,72.0,11.1102495
50.4,49.64992,1708.0,1386.9264
23.74,41.25751,7536.0,4870.0093
18.3,13.075487,11366.0,9594.86
14.9,12.026365,12228.0,11444.601
10.78,12.4435,13113.0,12248.414
15.65,6.971181,12797.0,12581.038
15.21,10.034977,12247.0,12540.832
21.01,15.59206,10930.0,11590.945
36.22,30.900434,8285.0,9542.465
56.66,56.83435,3671.0,5214.599
82.4,76.21606,496.0,558.5985
103.38,98.00092,170.0,232.1956
104.94,101.63515,132.0,-7.030142
100.43,94.843124,75.0,-4.514194
80.98,91.048195,72.0,-14.595004
72.86,74.07924,72.0,-14.595004
74.44,65.25272,69.0,-14.595004
53.89,66.748184,70.0,-1.7440865
31.27,47.269157,70.0,-1.7440865
16.7,28.74456,67.0,-1.7440865
16.79,15.745317,66.0,-1.7440865
17.79,18.68625,68.0,2.1818743
29.98,19.635439,70.0,7.3369746
37.25,30.381744,73.0,75.60055
23.84,36.338097,1475.0,1145.8168
7.69,11.111291,8119.0,4595.0986
0.16,-0.16682893,12733.0,10702.95
0.0,-3.1083891,13673.0,13331.774
0.0,-1.9714969,14429.0,13993.672
0.0,-2.6796472,14966.0,13941.79
0.0,-1.8506137,15715.0,13750.239
0.0,1.5240942,14996.0,13993.021
5.13,9.334119,13138.0,11536.821
38.62,27.300514,6230.0,7069.4277
80.49,62.37219,689.0,1106.2985
103.2,94.11783,183.0,205.93672
110.62,103.45784,184.0,92.49967
111.63,98.62102,159.0,78.107506
103.24,98.55059,151.0,86.217125
97.63,93.882706,104.0,86.217125
88.96,89.494736,96.0,81.16514
83.82,86.31014,75.0,81.89701
83.0,81.65527,66.0,80.463005
82.56,80.97689,60.0,84.303444
82.82,84.59443,60.0,84.303444
86.01,90.12787,60.0,98.68815
103.21,92.17251,60.0,99.831215
133.08,111.61859,71.0,130.2874
113.73,126.5391,2359.0,1931.6493
70.89,100.70692,11992.0,8159.354
34.14,56.62322,17996.0,14444.719
19.97,29.087305,20211.0,18603.838
16.49,18.776028,20492.0,19703.367
13.72,16.306103,20113.0,19900.893
18.62,12.765866,20485.0,19529.35
33.65,19.095041,19173.0,19576.857
63.0,42.29486,15965.0,17750.395
110.37,79.364555,6284.0,9830.397
125.03,121.92196,897.0,1449.5607
147.6,136.60881,381.0,358.7454
151.42,145.29047,380.0,222.18153
130.49,135.04285,383.0,228.71269
102.28,117.542915,376.0,211.68687
91.84,95.51254,328.0,184.263
77.89,84.523155,236.0,155.32693
68.38,76.03166,119.0,94.97231
67.35,67.97188,97.0,75.15191
56.37,68.908356,98.0,75.15191
50.03,60.264446,96.0,75.15191
55.45,58.28982,97.0,75.15191
66.3,66.866035,97.0,77.70403
79.0,85.59806,118.0,94.93987
72.56,83.84236,1697.0,1918.1488
33.13,65.09896,8023.0,7811.2715
13.65,25.954493,14263.0,12715.184
4.54,12.427165,16437.0,16124.052
3.74,7.0304627,17432.0,17247.41
3.52,5.1002374,17225.0,17572.71
4.09,6.0423703,16677.0,17343.06
12.3,7.772742,15635.0,16290.3125
23.22,28.774694,12256.0,13883.02
57.37,50.911133,4862.0,6963.205
77.47,85.75521,603.0,971.53265
83.57,96.7808,260.0,392.26666
82.64,94.8313,175.0,248.11903
78.11,83.81946,140.0,222.78795
72.34,70.194954,139.0,203.45541
43.52,66.395004,137.0,80.86231
30.89,42.155994,116.0,46.490196
24.58,29.61951,116.0,28.015593
17.21,26.542423,121.0,51.36836
13.87,21.830711,120.0,73.65835
7.0,19.806768,117.0,91.84884
13.88,20.729336,116.0,91.84884
27.58,25.970425,119.0,94.40096
33.99,38.75547,126.0,17.37861
34.07,37.988815,1009.0,925.03516
21.28,24.420094,4367.0,3901.3264
8.56,14.421682,7995.0,7590.836
3.72,6.8923264,10140.0,9633.663
5.32,2.0261815,10961.0,10913.263
5.26,3.714395,9429.0,10853.788
9.75,4.3578515,6940.0,9448.839
16.72,9.964835,5026.0,7692.516
26.66,24.815855,4037.0,3964.1719
33.4,44.316833,2261.0,2272.4766
46.22,53.215088,339.0,338.01517
65.88,59.157177,137.0,16.42345
70.5,71.38072,136.0,13.492768
66.8,60.233276,136.0,68.842995
47.94,58.011963,133.0,56.682
34.97,42.198833,135.0,78.95205
20.84,28.733347,129.0,73.29928
15.09,20.35777,128.0,74.59553
15.36,17.445627,105.0,62.22829
11.6,16.584162,76.0,80.828026
7.86,16.944645,76.0,88.92887
16.32,18.61452,76.0,79.08495
39.18,26.615177,80.0,19.776007
69.91,48.13731,88.0,110.68424
61.17,66.574615,1161.0,1133.2135
14.9,51.890865,6574.0,4239.9067
3.52,7.7565904,10587.0,7562.5923
0.96,0.5767019,12265.0,10836.419
0.65,-0.6771201,12783.0,12196.0625
0.86,-0.7190449,12660.0,12434.416
1.5,-0.7661915,12742.0,12200.505
3.26,2.367995,11998.0,10686.293
18.15,13.427566,9270.0,9691.607
75.48,34.606144,4114.0,3730.2883
101.16,92.36152,678.0,534.19244
119.58,104.39275,238.0,188.1931
109.62,115.051414,234.0,32.052654
92.84,95.98968,197.0,127.38402
87.56,82.2545,172.0,142.40865
78.67,78.30144,172.0,116.00044
59.46,67.66797,170.0,108.298935
52.91,50.901855,168.0,128.96324
49.69,45.88605,157.0,108.0175
37.7,41.713844,153.0,96.65347
33.76,36.597584,148.0,90.49428
43.34,36.007545,151.0,99.34769
62.98,49.937275,156.0,93.0464
80.2,69.634995,162.0,130.95772
91.39,78.61651,1175.0,1292.4991
71.85,73.63122,5392.0,6085.578
57.6,53.67331,9112.0,8476.98
49.2,44.43962,11054.0,10326.935
48.75,39.902935,12185.0,11462.272
43.02,40.07831,12221.0,12062.761
50.01,35.410553,11008.0,11611.653
59.85,44.490242,8316.0,9964.696
79.44,62.904922,5042.0,6971.267
94.3,88.845184,2123.0,2831.5996
107.03,105.450775,287.0,562.9114
107.57,111.61121,155.0,126.02531
103.21,106.4117,139.0,37.824425
96.1,92.55042,132.0,42.840233
85.63,87.641785,132.0,33.557365
72.21,76.739586,132.0,99.466255
67.59,62.099155,132.0,91.85836
56.35,61.846004,132.0,60.730953
50.98,50.34505,123.0,111.92097
45.53,47.624958,116.0,103.495995
35.71,37.88444,116.0,103.495995
36.99,39.21883,114.0,111.596855
47.35,42.03436,111.0,122.92626
50.9,50.070343,114.0,130.70424
38.51,52.7967,1253.0,1048.143
4.42,33.333622,8156.0,4596.981
0.0,0.095058955,14081.0,10510.094
-0.01,1.9947389,14433.0,14073.761
-0.26,2.5868907,14741.0,14129.972
-0.01,2.8989508,15035.0,14179.513
-0.01,2.8415778,15187.0,14418.983
-0.0,4.5642357,14713.0,13899.991
4.54,13.949169,12845.0,10700.879
62.16,28.947586,6046.0,5057.709
87.32,85.49069,751.0,918.3416
88.84,96.59421,377.0,316.6555
84.11,91.22732,343.0,203.41667
78.27,76.976456,284.0,194.26172
75.82,69.32148,224.0,176.66406
73.01,68.87903,168.0,156.8934
67.92,65.03553,107.0,130.48526
61.78,63.087482,62.0,130.91875
55.45,55.119514,56.0,114.565834
53.36,49.256832,56.0,114.565834
53.12,48.029926,57.0,97.73313
56.26,51.107296,57.0,114.565834
67.66,53.361637,60.0,100.28527
74.32,64.16542,63.0,129.33243
67.88,67.161476,1761.0,1284.0809
40.43,47.781963,9885.0,7234.815
2.67,24.518806,15823.0,12414.254
0.65,-2.3998332,17920.0,16207.583
0.68,-1.9306821,18161.0,17247.76
2.58,-1.9306821,18025.0,17469.635
4.05,-1.4690613,17950.0,17441.883
17.64,1.0247878,16579.0,16354.826
56.82,21.894436,11475.0,14336.917
84.29,64.99612,4039.0,7368.3413
95.01,97.19671,409.0,678.3563
105.5,99.88766,183.0,158.73737
112.92,102.545135,140.0,102.645515
115.12,101.39545,142.0,82.278114
104.01,100.448395,100.0,46.300453
89.48,95.61165,96.0,18.461226
89.33,80.60745,95.0,-15.672548
78.7,84.819695,87.0,0.20947704
66.35,77.644585,85.0,73.76943
59.92,68.50104,85.0,84.35499
59.68,65.453766,87.0,84.35499
66.86,66.09115,88.0,75.00451
91.2,77.78311,87.0,76.06805
110.06,100.32461,89.0,105.11521
111.6,108.62648,1327.0,1904.0786
72.66,100.619576,7873.0,6561.2256
44.1,59.250496,14179.0,12477.358
35.68,39.343002,16055.0,16084.438
37.72,36.566345,17290.0,17249.568
31.0,37.14259,17652.0,18027.34
32.78,28.744246,17678.0,17900.047
47.77,33.13905,17229.0,17146.627
70.15,59.24058,13671.0,14450.564
110.49,86.59355,5639.0,7407.103
131.57,124.38163,884.0,825.146
143.68,140.5587,521.0,331.77203
136.88,142.78665,502.0,320.63766
131.28,122.51749,467.0,326.28036
107.02,118.0895,366.0,288.81897
93.97,97.394844,265.0,210.13797
91.28,87.99983,113.0,125.98075
88.65,87.32829,104.0,70.93473
89.22,84.190926,104.0,89.125206
88.95,84.02894,106.0,89.125206
88.71,85.36036,116.0,9.073655
88.44,90.12705,116.0,9.073655
89.66,94.678856,116.0,91.67733
94.87,98.49659,109.0,48.60272
93.43,98.36874,1411.0,1216.3132
50.99,80.58426,8303.0,6595.2017
13.07,41.724586,14442.0,11783.177
10.7,11.810885,16431.0,15376.997
12.96,12.669746,17263.0,16915.39
8.67,8.940678,17084.0,17010.398
5.64,8.577962,16887.0,16597.66
12.82,11.186571,16820.0,16177.677
42.0,29.748236,13527.0,14436.213
79.66,66.47487,5446.0,7868.8896
95.78,103.543785,630.0,933.0433
102.48,109.551476,285.0,455.5508
102.6,106.18304,238.0,204.93076
96.17,98.552246,180.0,271.0274
87.89,89.43755,112.0,204.45284
70.46,78.920746,54.0,147.53754
36.9,63.38478,44.0,111.435265
18.71,40.71043,39.0,108.88351
15.77,21.99913,12.0,108.88351
12.26,21.892876,18.0,108.88351
9.21,21.410912,26.0,97.59806
14.48,24.41451,28.0,94.90385
37.57,29.412996,27.0,98.97134
52.36,50.32587,28.0,109.46204
45.46,53.45646,1045.0,1087.4375
11.59,32.150482,7178.0,5920.0776
2.09,2.1479037,13102.0,10900.345
0.0,-1.0516052,14935.0,14095.95
1.34,-1.3958787,14835.0,15077.1045
0.79,-1.2207979,14729.0,14722.645
1.14,-1.2679445,14759.0,14433.598
3.24,-0.015854532,14361.0,13783.793
16.15,10.811226,11310.0,12179.349
46.42,39.193863,3824.0,5877.432
55.23,67.885956,427.0,642.8357
63.5,66.21218,216.0,216.2589
71.57,66.85406,181.0,79.15545
65.66,63.845272,137.0,19.68493
51.95,59.36808,62.0,-11.401465
33.36,47.356606,59.0,-31.196775
24.52,27.711061,48.0,-31.196775
21.56,18.151531,48.0,-5.5210943
17.26,17.537285,48.0,-6.399619
14.23,13.816723,48.0,-6.399619
13.9,15.0444565,47.0,-6.399619
17.01,17.00023,48.0,-7.6101675
30.18,24.793839,45.0,-6.450469
45.87,36.643814,49.0,13.045257
50.0,43.395195,586.0,1002.393
43.03,33.571228,2604.0,3580.1743
30.39,26.719162,4143.0,6416.0396
21.7,16.016275,4597.0,6040.9355
22.26,12.991329,5536.0,6016.999
20.98,13.507164,5575.0,6439.743
21.81,13.699231,4632.0,6051.4033
30.12,17.175842,3018.0,5137.035
38.84,31.852026,1484.0,3504.8325
45.04,52.61849,415.0,1820.6582
53.96,59.52685,37.0,200.11676
53.12,61.790634,24.0,-6.975436
49.19,54.063232,24.0,-27.545134
44.53,41.37502,16.0,-37.255177
33.38,38.316563,16.0,-56.663097
22.7,28.350382,16.0,-56.663097
19.4,18.849283,16.0,-59.680897
19.44,12.66157,16.0,-48.353836
12.73,13.057907,16.0,-48.353836
8.93,8.379943,16.0,-48.353836
5.32,9.226177,16.0,-59.459946
11.36,13.421167,16.0,-59.459946
16.19,20.346972,16.0,-28.43865
41.56,26.791218,16.0,19.189024
50.58,45.302345,301.0,408.24066
34.66,43.18079,2803.0,2430.2876
14.67,22.342714,6683.0,4670.5645
18.94,11.21818,8772.0,7268.6714
21.03,12.846837,10596.0,8238.848
17.08,18.136118,9546.0,9347.977
20.81,13.709992,8163.0,7949.0776
23.87,24.618845,7055.0,5698.1167
29.4,33.336735,4867.0,3381.9958
47.55,43.65782,1648.0,961.6256
54.94,64.867546,162.0,142.59651
57.97,62.8428,88.0,-57.594288
54.99,59.071262,88.0,-25.742033
49.36,49.722355,88.0,66.295845
41.38,41.589466,88.0,57.2094
33.28,36.612316,57.0,66.295845
22.99,29.423424,56.0,62.92511
19.76,18.402435,56.0,64.07501
17.6,14.686166,56.0,64.07501
16.88,12.724412,56.0,64.07501
16.5,12.787584,56.0,45.47527
17.1,15.963937,56.0,55.8671
19.64,17.912743,56.0,58.41923
21.3,19.849361,58.0,51.695286
30.72,23.593145,689.0,467.0631
28.85,16.338724,3622.0,2840.965
24.32,12.319811,5241.0,5049.446
18.16,13.864856,5697.0,6064.5273
23.04,10.290057,5671.0,5925.289
24.6,14.353686,5293.0,5572.6963
31.75,14.188298,4006.0,4248.6533
36.1,23.816399,3236.0,3421.807
40.74,40.551334,2650.0,2812.4077
48.16,51.783478,1080.0,1380.4209
65.05,61.65964,88.0,201.42473
58.62,70.824585,35.0,-41.762756
48.28,56.457165,30.0,-3.2459564
45.25,42.08487,28.0,-13.346702
41.18,39.20673,28.0,-7.385119
38.52,37.58964,28.0,71.84638
35.32,35.22332,28.0,64.54823
29.46,35.20049,28.0,5.0896454
25.77,24.989243,29.0,73.07769
23.58,23.356432,28.0,63.09517
22.95,20.196253,29.0,73.07769
23.08,23.521227,28.0,54.887238
24.09,24.956476,28.0,35.14939
31.08,25.606018,38.0,50.7154
22.97,29.929625,716.0,969.9196
15.83,12.322548,4806.0,3581.1875
3.03,4.9594016,8564.0,6718.5894
0.25,-0.7435978,10064.0,8879.305
0.0,-0.35883707,10473.0,9831.237
0.01,0.13183086,10830.0,10252.404
0.25,1.1896302,10655.0,9593.711
3.64,5.353045,10378.0,8584.895
20.07,15.216274,8551.0,7158.997
52.24,39.60472,3164.0,2828.2002
72.61,67.69816,185.0,224.11632
82.44,79.53008,40.0,28.945288
91.59,84.145775,40.0,-18.810438
96.13,80.95581,40.0,52.11419
78.33,87.06402,40.0,52.11419
64.64,72.525085,40.0,52.11419
77.53,59.11915,40.0,52.11419
70.04,71.84657,40.0,58.613316
66.24,65.087296,40.0,-4.710594
65.36,64.94646,38.0,58.613316
65.91,67.31791,32.0,28.115398
74.34,72.24547,32.0,50.405384
91.86,81.84644,32.0,51.32153
125.68,97.33388,35.0,20.055822
136.42,123.97704,466.0,768.0013
82.42,119.27434,4324.0,3916.289
66.85,68.732994,9213.0,6720.2295
57.18,59.444046,10957.0,10179.589
50.95,50.671577,12716.0,11209.702
39.1,48.10353,13144.0,12826.445
37.62,37.671623,13307.0,12294.435
46.51,41.550453,12358.0,11253.322
69.36,56.44,9802.0,9304.733
92.49,84.466644,3651.0,5472.051
112.82,106.53345,200.0,566.9317
110.73,119.88456,7.0,66.99464
103.73,110.49054,4.0,91.04363
90.19,95.988365,4.0,93.9921
87.47,80.28463,4.0,90.65206
80.16,78.92468,4.0,78.22976
78.99,74.348724,4.0,72.998924
75.44,75.0865,4.0,69.654076
71.53,72.92395,4.0,69.654076
69.42,70.56638,4.0,69.654076
68.71,69.32884,4.0,66.95986
68.87,75.729546,4.0,69.654076
90.41,76.219795,4.0,69.512
103.04,103.23713,7.0,102.39228
103.5,109.96849,711.0,685.3124
76.09,91.98413,7962.0,5001.5513
42.02,64.43777,15425.0,11076.079
13.95,39.667027,18172.0,15212.985
9.06,13.150092,18447.0,18033.957
19.62,10.370892,18400.0,17891.264
25.64,16.46887,18188.0,17771.414
48.83,27.723696,18166.0,16508.176
82.73,58.956833,14437.0,14550.232
106.06,96.425385,5086.0,7462.787
131.68,119.27253,472.0,761.6701
133.05,134.25134,198.0,214.11478
134.38,127.55918,173.0,114.56689
134.42,115.16626,144.0,91.10714
112.65,116.6101,128.0,83.37646
97.76,97.90566,58.0,75.49116
119.36,87.64186,9.0,83.584496
104.92,108.387024,8.0,80.23963
97.01,98.258965,8.0,80.23963
96.91,92.24298,8.0,80.23963
95.58,93.477554,8.0,69.654076
97.96,98.6871,8.0,66.95986
113.23,102.22667,8.0,69.512
114.14,116.909706,9.0,100.999855
116.62,112.44653,699.0,641.9472
99.45,100.81944,6742.0,5824.306
92.1,79.15693,13355.0,11909.015
74.9,74.44161,15888.0,15318.723
70.96,59.933197,16300.0,16883.887
66.99,57.60669,16384.0,16556.115
69.06,56.12524,15978.0,16358.761
82.22,61.409363,14038.0,15614.659
89.6,88.43849,8570.0,12589.037
114.24,102.15122,2115.0,4325.0693
120.02,126.59668,224.0,392.01617
124.06,123.91737,182.0,25.810755
129.25,121.19896,122.0,117.983925
114.51,117.8527,84.0,90.59055
104.16,102.60152,81.0,68.52192
96.68,95.215515,76.0,74.42004
83.53,92.34806,76.0,54.60642
75.74,83.67463,76.0,69.452095
74.18,74.392654,76.0,69.452095
72.42,73.61525,76.0,72.14631
72.87,74.708916,76.0,82.731865
83.54,78.9083,76.0,82.731865
94.7,93.195496,76.0,85.28399
106.43,102.89455,80.0,116.77186
117.27,106.35642,1532.0,565.4015
91.05,103.37762,10011.0,5689.2314
70.08,82.147255,16852.0,12540.684
62.71,64.40313,18549.0,16793.262
56.15,60.242588,18235.0,18114.81
46.34,51.759888,18151.0,17821.701
34.88,45.81629,17325.0,16977.83
45.11,38.893726,16945.0,15164.339
77.19,56.084145,11743.0,11682.166
102.88,94.81648,2997.0,4464.691
116.58,115.99045,450.0,381.86487
124.38,121.308914,369.0,213.2707
125.1,120.92641,359.0,192.3893
105.72,112.12504,307.0,174.29059
100.96,96.33728,214.0,137.72919
89.25,92.962364,175.0,117.958534
73.18,80.4664,168.0,91.550285
64.36,70.55385,74.0,90.64617
62.35,62.605648,2.0,77.76879
58.58,62.139633,0.0,77.76879
58.28,59.45809,0.0,77.76879
52.98,65.99854,0.0,97.29572
59.5,62.29459,0.0,99.84786
71.94,69.83195,5.0,113.29737
73.86,76.18091,1719.0,1145.1929
27.83,64.383354,10237.0,7093.1094
0.25,23.765781,16767.0,14040.725
0.29,4.475101,17448.0,17703.312
0.75,4.559419,17961.0,17676.467
0.82,3.350466,17299.0,17630.582
1.94,1.9924651,17581.0,16960.756
14.83,3.7427351,17376.0,16519.611
41.46,32.192802,12220.0,13842.202
88.3,66.116684,3322.0,4913.048
113.38,105.02684,676.0,548.3799
147.43,119.09183,541.0,445.00842
135.34,136.37802,280.0,494.2631
104.31,119.29626,243.0,252.57819
99.18,94.64224,179.0,164.06943
92.26,90.78949,96.0,145.21106
89.52,82.87658,92.0,134.82591
79.16,81.492424,95.0,102.646675
75.45,70.95112,95.0,86.98301
70.03,69.56339,94.0,86.98301
67.22,63.62134,82.0,85.59058
67.22,65.630394,76.0,85.59058
74.47,65.605644,76.0,88.14271
83.76,74.60462,83.0,119.63058
76.94,80.74306,1762.0,1178.0985
34.68,58.07105,10577.0,7047.6875
2.13,19.557493,16886.0,13721.445
0.53,-0.41303146,18020.0,17840.812
0.65,-0.41573575,18129.0,18478.354
0.65,-0.54097944,17777.0,18046.717
0.79,-0.58812606,17472.0,16545.705
2.78,0.6022744,16811.0,15648.546
42.9,10.480247,11115.0,13112.172
90.25,62.445446,2783.0,5235.814
98.85,105.05427,418.0,633.9548
102.83,109.09402,347.0,377.53064
91.13,105.81744,290.0,272.75494
92.17,84.67182,177.0,193.71924
90.22,83.952194,144.0,128.37843
83.32,81.47765,134.0,89.05042
73.28,76.23027,128.0,70.85995
62.28,70.41427,113.0,11.932384
41.86,60.621178,96.0,11.932384
39.39,44.20348,91.0,73.79345
34.62,40.665825,80.0,73.1372
42.09,36.75498,80.0,85.81396
47.42,47.155872,80.0,88.3661
64.21,51.42305,95.0,30.522923
58.06,62.13381,1473.0,1349.6697
16.44,41.066475,8248.0,6362.0933
1.64,3.6671817,12772.0,12738.923
0.02,-2.9086008,13971.0,14796.34
0.0,-2.03315,14650.0,14839.121
0.0,-2.1583936,15640.0,14606.547
0.0,-2.2055404,14880.0,15060.283
0.28,0.08980333,12919.0,14185.063
14.1,8.802171,8007.0,10662.621
58.81,37.257988,2072.0,3558.6238
68.76,74.427505,263.0,440.03827
73.51,77.97208,165.0,198.72299
79.15,76.498795,96.0,222.16234
72.65,71.87528,96.0,126.50038
65.18,65.39385,96.0,6.083318
43.26,61.76437,96.0,6.083318
27.6,41.7679,96.0,110.61806
10.8,28.04562,91.0,87.03786
3.91,17.821205,80.0,9.073655
3.52,12.21236,80.0,9.073655
3.52,13.106361,80.0,0.20947704
3.52,19.814035,80.0,0.20947704
15.93,19.877684,80.0,2.7616084
47.08,32.903614,82.0,27.664192
61.28,52.49799,612.0,814.965
47.88,56.32899,2930.0,4369.835
39.2,40.872856,4904.0,7410.7456
31.49,36.8247,6482.0,7713.039
28.12,26.255777,7403.0,7587.689
34.17,24.444626,6796.0,8323.708
38.67,29.239866,5518.0,6964.4233
45.26,39.600956,4061.0,5760.167
55.78,50.0606,2246.0,3139.056
61.68,70.080475,491.0,1500.7977
73.06,79.29526,38.0,179.18631
74.82,82.6698,24.0,-25.38553
82.07,78.42875,24.0,-7.83924
77.74,74.00633,24.0,-14.68329
71.27,65.807686,24.0,-23.662657
64.19,62.395103,24.0,-12.991622
42.91,54.781605,24.0,27.721258
39.75,36.924393,24.0,13.39059
29.84,34.176197,24.0,-4.169204
21.51,22.994148,24.0,35.401917
16.7,21.696238,24.0,57.691895
31.83,21.526922,24.0,6.50184
59.78,36.249992,24.0,58.268578
77.68,65.77646,26.0,76.85749
82.12,77.57379,1070.0,359.59134
58.04,74.53063,8554.0,3426.0906
13.46,47.11724,15504.0,10058.42
3.24,9.306455,16756.0,14328.624
0.96,2.4981241,17096.0,16058.631
0.66,2.2895372,16756.0,16015.198
0.66,4.9732223,15814.0,14674.565
2.69,4.305118,14830.0,12600.56
27.56,16.684591,10354.0,9547.326
89.12,47.579285,2691.0,3905.5044
99.83,101.46142,327.0,329.99887
102.11,104.33942,281.0,112.02514
96.28,100.94346,291.0,144.92307
90.31,86.59782,210.0,132.05524
88.6,79.92952,157.0,122.870125
80.38,79.56844,152.0,93.96201
78.13,71.80962,126.0,83.37646
68.97,73.18063,75.0,73.381386
62.38,64.06628,68.0,80.23963
63.08,60.81739,68.0,80.23963
61.99,63.597874,68.0,80.23963
73.91,66.55052,66.0,80.23963
81.05,81.99799,64.0,72.206215
94.54,89.04716,67.0,103.69407
104.67,95.22387,1314.0,941.4971
69.2,93.10229,9822.0,6661.8887
33.79,55.49781,16888.0,13702.849
5.3,27.656218,18379.0,18031.117
3.58,5.7335863,18194.0,18593.402
3.56,3.7008545,18225.0,18195.604
4.05,3.6537077,18459.0,17847.543
17.22,5.7939177,18041.0,17330.941
69.96,28.498158,12317.0,14289.456
97.46,85.418785,3098.0,5067.975
120.43,112.484764,475.0,454.4414
142.01,123.62779,360.0,340.16528
124.83,137.29047,353.0,303.0238
100.21,110.21479,294.0,237.2341
91.89,90.78176,174.0,191.3899
88.89,83.617676,119.0,136.4338
88.89,79.40684,58.0,106.23939
81.46,84.40329,28.0,97.29572
73.81,79.159966,28.0,97.29572
68.41,72.290405,28.0,97.29572
66.38,67.87612,27.0,97.29572
68.97,73.34748,14.0,84.303444
77.46,75.52494,12.0,86.85558
96.71,85.1742,15.0,115.90275
99.89,98.90012,1268.0,1399.7014
84.16,88.537674,10020.0,7098.3833
55.37,70.81596,18144.0,14259.396
45.31,47.502476,19955.0,20009.006
45.9,37.927357,19681.0,20475.973
51.59,36.250687,19535.0,20055.43
55.48,43.972496,19691.0,19306.176
63.83,52.22966,18983.0,19449.777
84.1,71.12612,12329.0,15263.18
101.56,98.73115,2851.0,5719.6567
114.71,115.68399,370.0,533.3554
119.01,124.73041,313.0,314.24936
147.4,120.75982,277.0,301.45078
155.93,126.57046,179.0,263.46387
115.75,135.72734,113.0,150.44186
102.3,104.5195,46.0,94.637474
91.7,94.5011,9.0,79.85288
87.08,85.342255,19.0,66.95986
90.71,81.94454,24.0,69.654076
88.89,85.64989,24.0,80.23963
88.8,84.49939,24.0,80.23963
92.19,91.90108,24.0,69.654076
97.48,95.73416,24.0,82.791756
128.66,102.271225,28.0,114.279625
134.42,120.37806,1143.0,1371.1196
101.97,117.70476,9725.0,6844.4146
88.04,84.3468,17822.0,14554.548
77.89,73.67766,19727.0,19217.54
77.35,64.6117,19602.0,20232.906
71.75,66.87528,19457.0,19841.027
69.05,63.28298,19991.0,19144.287
74.72,66.63369,18993.0,19323.354
87.04,81.333336,12174.0,15236.639
105.39,100.66611,2819.0,5454.306
120.02,118.99728,344.0,463.63718
128.19,126.26144,244.0,270.2855
143.06,129.08658,202.0,195.75783
123.49,135.63107,127.0,176.85007
102.59,112.496895,54.0,81.96067
99.04,96.51813,33.0,46.12943
105.72,92.44837,24.0,70.30468
99.52,99.13544,24.0,69.81858
97.06,94.986534,24.0,59.83605
94.38,92.63968,24.0,69.81858
84.64,91.26702,11.0,69.81858
83.26,85.290924,8.0,72.512794
85.6,87.4562,8.0,72.37072
91.92,93.50058,12.0,93.87603
93.8,98.1598,1031.0,1446.109
80.55,85.84121,7346.0,6314.5537
62.88,68.182,13354.0,12263.729
50.06,55.968777,15438.0,15375.903
50.53,43.990562,15976.0,16339.945
44.4,47.259277,15873.0,16361.555
47.64,41.139935,14993.0,16011.401
56.84,47.312046,12555.0,14790.0205
72.33,64.567406,6900.0,10679.046
95.85,91.21701,1320.0,3169.3962
97.78,109.89816,131.0,335.2943
100.24,106.910194,107.0,16.70729
100.56,107.33085,60.0,34.724037
99.61,97.43306,52.0,-7.386704
91.9,92.79021,51.0,-18.164778
86.58,85.63395,19.0,-19.787905
76.85,81.854385,12.0,-19.787905
70.76,73.02023,12.0,-3.4878495
68.5,67.716705,12.0,83.31801
66.4,65.58053,12.0,-3.4878495
65.96,65.7472,12.0,-3.4878495
66.45,68.711044,12.0,-3.4878495
65.2,70.20622,12.0,-0.9357182
69.37,69.60237,12.0,17.543383
73.84,67.91845,257.0,1001.95636
77.83,66.401,2571.0,3236.354
67.92,61.63547,6319.0,5706.1694
56.16,54.727875,8847.0,7779.767
41.55,45.9935,10403.0,9683.835
48.8,35.443554,11188.0,11224.01
51.49,39.807358,11301.0,11095.676
60.44,48.83297,9721.0,10267.65
80.35,68.99941,5897.0,8019.0444
99.27,93.42287,1361.0,1766.2667
105.38,107.91842,29.0,258.81635
106.81,105.997025,12.0,33.71081
101.42,102.18961,12.0,72.72645
95.93,92.60289,12.0,73.699486
93.6,85.42043,12.0,73.699486
87.71,84.21228,12.0,72.07636
87.02,78.11266,12.0,74.69497
75.78,81.967064,12.0,71.35018
70.5,73.205315,12.0,72.18148
70.16,64.16994,12.0,72.18148
77.31,67.27526,12.0,68.35229
88.74,79.90395,12.0,69.56185
99.67,92.40084,12.0,74.733604
108.34,106.49719,12.0,100.999855
113.51,106.35702,865.0,247.03604
95.21,105.212425,7858.0,3308.9917
75.12,88.188896,15475.0,9209.039
68.2,71.10741,17862.0,14851.138
70.8,64.96731,17467.0,16028.973
69.57,65.970375,17162.0,15836.461
69.88,66.45034,16921.0,15546.136
73.38,69.99006,14456.0,14119.964
85.65,83.11172,8236.0,9703.457
95.12,99.3955,1716.0,2578.0652
104.87,110.21905,104.0,206.02443
122.96,112.15469,54.0,-61.253185
137.87,118.63288,29.0,49.16571
138.24,119.07032,24.0,-19.787905
109.0,118.68308,24.0,-17.439959
95.78,95.78374,24.0,-19.787905
79.02,87.6986,24.0,-15.861959
76.36,73.803215,24.0,66.95986
72.23,72.890465,18.0,66.95986
68.77,70.84799,8.0,66.95986
67.96,69.59706,8.0,48.769398
70.1,75.281654,8.0,66.95986
81.0,78.20141,8.0,59.52946
90.29,92.29661,8.0,100.999855
95.49,94.32061,384.0,784.6619
91.42,88.44609,3172.0,3488.7795
84.89,80.61312,6038.0,6421.5894
82.51,77.222725,8109.0,8590.753
80.3,76.679115,9615.0,8903.806
73.9,74.342384,10336.0,9643.353
72.42,68.75759,10589.0,9847.494
84.46,70.76988,10624.0,10427.607
87.68,89.660805,7128.0,8952.683
111.43,100.645615,1473.0,2650.9834
125.88,122.32012,32.0,325.26697
126.32,129.58617,15.0,33.201138
120.3,125.00457,16.0,77.284584
103.16,112.06588,16.0,65.552956
94.03,95.4482,12.0,-10.631135
87.68,87.46746,12.0,-14.557075
85.05,79.41904,12.0,-19.787905
79.36,79.12814,12.0,-6.3465805
74.52,74.522865,12.0,-0.2464601
68.15,71.68909,12.0,-4.95415
67.14,68.68718,12.0,-1.1249858
72.23,74.6569,12.0,-0.2464601
77.9,77.707245,12.0,-52.830883
93.07,81.38157,12.0,-34.351772
99.84,94.08705,483.0,585.28925
83.88,93.22513,6517.0,3228.3315
67.38,74.98889,14461.0,8865.144
38.14,63.003998,16643.0,13952.042
20.63,37.647415,16688.0,16012.46
15.44,20.787014,16646.0,16040.559
14.59,19.465872,16558.0,15717.643
31.11,23.836084,15237.0,15275.947
64.47,44.59111,9027.0,11809.529
88.29,84.12604,1831.0,3253.3542
102.44,109.13432,257.0,322.8574
99.22,112.63813,184.0,90.16396
96.88,102.85738,164.0,91.99084
88.76,89.5961,103.0,72.42013
85.48,79.465515,48.0,-12.064845
76.04,77.104416,48.0,-19.787905
61.08,69.1819,48.0,70.30468
55.94,58.924953,48.0,79.52612
47.8,54.449768,48.0,109.041565
43.04,47.24506,48.0,109.041565
35.7,46.34698,48.0,66.95986
46.5,47.968414,48.0,56.97733
61.56,54.700672,48.0,59.52946
77.22,69.22145,48.0,63.154022
84.46,80.39428,332.0,562.51044
77.93,77.2021,1688.0,3415.0693
65.97,64.05432,3883.0,5049.407
57.99,56.664555,5432.0,6114.122
51.6,48.700195,6767.0,7099.434
47.94,43.39184,7381.0,7933.4795
47.33,40.28394,6546.0,8467.628
53.3,45.738693,4996.0,7243.668
65.6,56.72716,2997.0,4391.1997
79.11,80.07515,757.0,1606.4092
85.51,91.90057,39.0,257.5162
88.96,94.81994,36.0,-5.038119
88.84,93.28421,34.0,20.854315
85.44,82.95662,32.0,-11.541524
80.22,76.2042,32.0,-16.772356
65.35,73.10134,26.0,56.340298
73.89,61.062725,14.0,-9.017249
62.56,69.68891,16.0,55.614136
56.61,60.601707,16.0,63.822056
55.32,55.176964,14.0,68.582985
54.75,58.56727,15.0,50.392525
59.44,62.42949,14.0,-4.723452
71.08,64.388084,12.0,14.320895
79.88,79.70902,13.0,16.307781
88.0,84.26449,292.0,368.45456
84.85,84.35055,3188.0,1889.9816
82.03,74.67577,6372.0,5473.372
74.78,77.27957,7540.0,7301.5537
65.24,69.6378,8308.0,8246.415
55.42,60.83119,8354.0,7756.6387
54.84,51.917522,7798.0,7828.66
67.88,56.6271,6290.0,6512.111
78.28,74.27144,3758.0,3783.6885
84.32,91.06214,779.0,1096.0856
87.16,99.27372,61.0,251.80956
83.0,95.69276,56.0,21.595465
79.18,86.94173,56.0,62.6045
71.82,73.14729,56.0,60.32212
67.94,66.14443,56.0,52.11419
56.47,61.310497,56.0,52.11419
33.83,51.456203,56.0,60.32212
22.84,32.7273,56.0,53.26411
19.28,24.415176,56.0,53.26411
15.14,20.465412,56.0,2.0740998
12.7,18.850533,56.0,53.26411
13.67,19.006165,56.0,30.974127
17.62,19.868654,56.0,4.6262264
23.34,24.667593,49.0,0.62294376
25.06,29.265337,322.0,254.697
30.18,25.90269,3118.0,2689.5137
26.24,22.10886,6571.0,5240.9683
17.6,26.220062,8137.0,7652.452
18.58,16.744486,9327.0,8580.488
15.32,16.507408,9955.0,9447.959
16.61,15.871592,8802.0,10027.359
19.51,22.866186,6872.0,7940.2656
30.36,31.710316,4165.0,5024.5703
52.0,49.659134,980.0,1106.6333
61.05,69.404045,19.0,228.47246
64.95,71.21791,12.0,9.779801
69.9,68.50183,12.0,58.99677
68.64,63.108826,12.0,61.945248
66.94,62.05833,12.0,71.9278
52.37,62.056435,12.0,71.9278
33.32,46.447533,12.0,74.62205
24.0,28.342058,14.0,74.13592
22.71,20.940647,16.0,74.13592
17.68,19.600958,15.0,71.4417
11.0,15.026514,13.0,74.13592
14.53,15.0329075,13.0,74.13592
18.37,20.334188,12.0,76.68806
18.99,20.940172,15.0,108.17591
19.92,20.508955,349.0,270.26395
16.33,13.912884,3610.0,3097.7668
11.14,9.183876,8276.0,7382.972
6.26,8.693656,10176.0,10253.023
0.74,6.055067,11174.0,11185.984
0.5,-0.41573575,11458.0,11446.012
0.8,1.4921349,11222.0,10922.297
4.55,4.7977486,9876.0,10054.344
15.08,14.14561,6451.0,7676.637
49.92,38.07114,1384.0,1812.5378
73.63,65.585815,94.0,313.01593
83.03,79.82436,72.0,28.8394
89.59,84.07725,72.0,67.35619
91.14,79.52474,71.0,72.998924
80.3,81.85186,38.0,74.234
71.6,72.81055,36.0,83.584496
71.34,63.872906,36.0,72.998924
65.53,65.18244,35.0,69.654076
52.42,62.5664,34.0,69.654076
50.0,51.244225,36.0,69.654076
47.46,50.290966,36.0,69.654076
50.18,56.12997,34.0,80.23963
52.04,62.030495,36.0,82.791756
67.4,62.30521,36.0,114.279625
64.14,71.088745,588.0,441.78647
45.2,59.067337,5673.0,4277.88
27.82,39.278263,12154.0,9522.222
23.02,26.58488,14509.0,13533.613
20.92,22.939854,15223.0,14489.82
14.12,23.171381,15768.0,14890.545
15.54,14.86398,15468.0,14688.17
24.81,22.215202,14474.0,13981.425
39.38,33.706146,9061.0,10589.938
76.06,59.84895,1876.0,2797.886
83.3,91.88391,165.0,313.41354
91.09,95.86652,126.0,39.565376
96.27,95.89735,80.0,80.91091
95.29,91.117165,64.0,83.85938
81.52,86.93595,64.0,70.30468
72.88,75.2287,50.0,72.998924
55.68,65.80328,36.0,72.998924
47.17,52.24488,40.0,70.88915
43.71,46.807964,36.0,71.04652
39.97,42.946,36.0,81.63206
36.61,43.248653,36.0,71.04652
42.12,47.21859,36.0,80.23963
57.01,51.624943,36.0,69.512
79.55,63.7579,36.0,61.91185
85.77,80.21941,591.0,258.34122
62.18,75.38424,5422.0,4568.3125
36.65,52.633793,11028.0,9039.512
11.61,37.510307,13366.0,12726.084
11.17,13.996892,13551.0,13613.522
11.6,11.913538,12851.0,13349.739
16.79,12.213162,11403.0,12468.918
38.67,19.8577,8289.0,10471.633
69.76,50.711582,3950.0,6289.5186
92.69,82.74792,844.0,1445.6484
104.32,105.794266,185.0,240.92046
117.6,111.75993,172.0,-49.22522
126.46,115.695274,175.0,-13.763436
130.17,110.587,176.0,-6.8890057
104.44,113.26282,173.0,79.277626
94.44,93.7639,160.0,-1.3614564
97.13,84.7764,60.0,80.6822
87.48,91.96533,59.0,-0.7846323
85.46,82.423004,60.0,40.01357
81.8,81.480064,60.0,-4.710594
84.1,80.96629,60.0,-4.710594
87.43,88.49814,60.0,-4.710594
96.49,91.146164,59.0,-2.1584618
108.25,100.96762,54.0,5.8623905
114.39,106.12112,264.0,259.36972
108.52,101.33945,1848.0,3238.7683
104.27,92.52537,4063.0,4133.124
100.65,87.25341,5528.0,5889.376
98.43,85.09766,5979.0,6706.273
97.42,82.37123,6170.0,7655.565
98.45,84.088974,5275.0,6504.7153
101.08,89.65255,3757.0,4653.4893
108.4,100.82727,1853.0,2940.4578
115.18,113.044876,421.0,848.97473
118.28,122.54814,26.0,87.220406
119.93,120.03253,24.0,-22.757692
124.67,118.151115,24.0,19.643755
119.92,115.50328,24.0,69.955956
112.2,106.908844,21.0,96.008705
102.22,100.91808,24.0,97.21928
103.52,92.83383,23.0,56.340298
93.8,97.27397,24.0,59.992874
92.33,91.447945,24.0,72.416115
82.84,88.38886,22.0,71.00706
80.46,83.61605,23.0,72.416115
82.27,85.76525,24.0,78.93951
95.08,89.06517,23.0,79.05094
113.0,103.62667,22.0,117.29516
118.51,113.555565,300.0,256.7662
105.22,109.06379,4102.0,1900.5659
85.5,96.634346,9362.0,6351.8716
78.77,81.7926,11841.0,9703.291
76.55,75.65748,12650.0,11798.743
75.02,73.21039,13109.0,12092.016
75.15,72.77772,12745.0,11588.315
77.84,78.30088,10726.0,10605.725
92.76,88.36331,6179.0,6706.3306
112.78,107.699066,1128.0,1138.4578
111.0,123.129776,73.0,315.71014
115.58,115.47866,64.0,28.69512
124.52,115.60951,64.0,67.35619
118.0,111.74739,64.0,70.30468
103.29,106.81598,61.0,15.77941
94.74,95.29637,64.0,60.32212
94.04,90.266945,64.0,-19.787905
79.06,90.87052,64.0,56.97733
76.78,76.60326,64.0,-6.3465805
75.24,75.24299,64.0,-6.3465805
75.71,76.89594,64.0,-4.710594
82.27,81.151955,64.0,-4.710594
94.44,88.81514,64.0,-2.1584618
104.18,103.76842,63.0,8.465372
119.18,107.232704,306.0,125.97152
110.19,110.0929,2246.0,2951.412
102.93,96.69167,4151.0,4856.233
103.63,94.887535,5347.0,6214.666
100.19,94.145454,6343.0,7088.2637
98.15,92.55619,6628.0,7531.873
99.11,90.02443,5669.0,7405.6064
94.44,94.226326,3872.0,5174.147
97.27,98.73781,2055.0,3023.6174
105.05,109.57679,360.0,929.512
112.98,115.65897,27.0,65.14596
109.44,116.597145,24.0,-59.51932
108.99,108.544365,23.0,-18.51029
104.82,97.38843,20.0,-15.561813
96.12,94.641975,20.0,-15.561813
88.24,88.62603,20.0,-15.561813
90.73,80.01932,20.0,-15.561813
81.09,83.91034,20.0,4.8149433
74.39,76.14405,20.0,4.8149433
68.94,70.63701,20.0,4.8149433
65.74,64.82997,20.0,8.740888
67.12,68.34468,20.0,4.8149433
70.58,69.577896,20.0,7.367069
78.31,74.09993,20.0,54.481102
84.96,81.640594,183.0,123.050224
80.79,79.11578,2664.0,2107.4827
72.44,72.33987,7191.0,5027.025
67.64,70.27052,10424.0,8482.196
65.52,65.348656,12047.0,10576.883
59.31,63.548744,12851.0,11420.179
59.98,56.923897,13238.0,11872.687
66.42,62.556767,12316.0,10934.43
76.62,75.70352,7613.0,7483.923
91.9,91.32171,1497.0,1945.7114
99.41,103.87102,54.0,183.43443
96.28,101.40138,34.0,12.842206
97.9,95.19803,35.0,-26.258818
98.62,88.98395,33.0,-14.571507
98.23,87.08202,28.0,66.782234
87.81,88.29816,28.0,66.782234
86.78,77.85142,29.0,56.79969
76.06,79.50166,28.0,64.32074
70.74,71.09597,28.0,64.32074
68.46,66.92809,29.0,73.30012
65.08,62.751434,28.0,75.11579
66.03,64.65684,28.0,75.11579
70.76,68.771545,28.0,77.66793
72.53,71.070175,28.0,109.155785
73.46,72.363335,193.0,209.96246
72.36,65.01507,3546.0,2949.4927
68.1,61.31536,9055.0,6969.3857
61.69,59.766315,11544.0,10496.889
62.28,53.791397,12355.0,12125.419
59.0,54.346905,12237.0,12367.487
59.13,50.05292,11873.0,11715.6455
63.42,56.974205,10981.0,11148.504
74.89,69.77269,7378.0,8863.812
93.13,88.189804,1665.0,2455.021
105.97,104.88428,87.0,298.1744
105.94,107.63763,51.0,28.8394
106.68,103.37939,44.0,70.05045
106.06,95.30575,44.0,74.234
102.14,95.21685,44.0,72.998924
94.9,93.033676,36.0,83.584496
83.43,87.205986,28.0,70.30468
71.73,79.9974,28.0,66.95986
71.18,70.742905,28.0,66.95986
70.12,69.70501,28.0,66.95986
67.03,69.53826,28.0,66.95986
70.98,73.68538,28.0,66.95986
83.1,78.588394,28.0,69.512
96.58,89.61668,28.0,100.999855
106.1,96.114525,224.0,234.4627
101.32,97.619156,3189.0,3977.519
95.6,92.784485,7146.0,7970.7993
88.56,88.22933,8156.0,9458.501
84.65,82.948166,8410.0,9092.574
85.44,81.30252,8454.0,8926.772
91.2,82.267395,6363.0,8510.33
99.39,91.39961,4259.0,6133.5845
104.35,102.2527,2098.0,3588.7046
104.26,114.64921,361.0,1145.4729
102.52,116.367355,44.0,25.964563
105.43,109.48106,40.0,-59.51932
115.04,106.57152,38.0,-18.51029
112.54,102.95895,31.0,-15.561813
109.76,100.29998,29.0,-15.561813
98.97,97.08058,29.0,-25.285788
95.72,87.22854,19.0,-23.310343
86.0,88.85972,16.0,-11.844455
81.48,81.74816,16.0,-3.7436001
76.46,78.888145,16.0,-11.844455
74.5,73.9093,16.0,-3.7436001
76.13,80.39486,16.0,-4.5748925
87.63,82.73743,16.0,1.4271464
93.17,96.21965,16.0,16.077082
99.23,96.21644,112.0,148.99487
99.06,97.00155,1323.0,2457.3865
92.69,90.14475,2845.0,4263.6836
89.45,87.45409,4348.0,4719.6143
88.5,84.91905,5621.0,5453.2617
85.9,85.104294,6297.0,5667.188
88.49,82.92737,5530.0,5961.8315
95.71,89.6678,3952.0,4458.1567
99.42,102.1789,2373.0,2750.6594
107.73,110.04435,613.0,619.81384
122.4,116.852806,34.0,224.6714
132.92,125.646126,32.0,31.578005
115.37,130.04477,32.0,72.58704
102.06,107.2733,32.0,75.535515
93.68,95.24276,32.0,75.535515
84.94,85.58335,31.0,-14.557075
83.14,77.54496,32.0,60.32212
82.26,78.348854,30.0,48.769398
81.21,79.59507,30.0,56.97733
77.53,78.48518,31.0,66.95986
76.53,76.96645,28.0,56.97733
78.59,81.60114,28.0,56.97733
97.93,85.71627,28.0,70.90443
113.82,104.032394,21.0,100.999855
136.16,113.34976,174.0,160.79762
114.84,124.89564,3465.0,1712.378
98.46,104.97037,9988.0,4854.801
90.66,94.07347,12819.0,9556.884
87.86,85.59353,13377.0,11924.254
84.38,84.885086,13220.0,11275.169
86.24,81.59012,11979.0,10720.933
94.01,88.037605,9414.0,8473.666
110.13,102.68243,5577.0,4752.08
112.4,120.84705,1380.0,1035.5802
124.22,123.854225,121.0,300.5471
123.05,130.30565,86.0,28.8394
136.16,121.94352,87.0,71.24085
123.48,121.099525,68.0,72.79691
115.14,110.0402,50.0,-19.787905
105.66,102.980095,48.0,-19.787905
109.35,95.70812,48.0,44.5063
99.61,100.116295,48.0,48.769398
97.34,96.47567,48.0,56.97733
87.78,93.52446,48.0,56.97733
84.25,88.14886,48.0,66.95986
84.78,90.02353,48.0,66.95986
93.48,92.15388,48.0,69.512
98.46,102.79086,49.0,100.999855
105.38,105.55508,277.0,204.50072
92.03,101.59715,4308.0,3576.5083
76.23,82.048706,10554.0,9053.733
46.18,71.39084,12829.0,12514.5625
40.66,46.496353,13593.0,13640.528
30.47,41.180912,13804.0,13770.038
32.44,30.441998,13810.0,13185.218
60.98,36.313286,11430.0,12582.664
79.79,75.11,6187.0,8586.75
99.18,98.496666,1299.0,1890.096
103.6,114.11973,136.0,213.19478
108.6,111.656876,75.0,-51.744766
110.85,112.53244,48.0,-21.113253
109.18,105.97684,45.0,-18.164778
98.33,99.65926,48.0,29.300592
92.22,93.818214,51.0,-14.238833
89.47,88.725845,52.0,-14.238833
86.56,87.07319,52.0,50.392525
83.32,84.73425,52.0,-4.723452
81.4,83.653046,52.0,-4.723452
83.17,84.197655,51.0,-4.723452
88.42,89.203224,29.0,-4.723452
99.16,95.40875,28.0,-2.1713192
113.2,105.15307,28.0,16.307781
113.6,115.43044,222.0,128.25203
109.06,106.13573,1912.0,2860.5286
105.11,94.166725,4078.0,5482.7686
104.51,97.57829,5630.0,7110.2075
103.43,97.930565,6559.0,7179.736
104.3,94.1145,6092.0,7669.539
107.21,96.333176,4900.0,7039.751
107.74,102.22301,3122.0,4560.7705
103.05,106.86893,1725.0,2297.0562
103.82,112.64927,440.0,896.11475
113.79,114.6981,71.0,107.47808
116.1,117.75577,61.0,-62.122288
117.51,115.47352,61.0,-21.113253
115.55,108.07958,62.0,-18.164778
110.88,102.74186,60.0,-18.164778
105.9,101.76532,60.0,-14.238833
92.98,96.194,60.0,-15.816828
83.5,88.91989,60.0,-1.8647211
77.63,82.31792,61.0,53.25125
68.24,73.44177,60.0,53.25125
67.59,65.71352,60.0,53.25125
67.06,69.01875,60.0,51.628124
73.2,70.57944,61.0,46.13639
75.54,79.7838,61.0,66.01272
79.25,79.73123,224.0,103.73487
80.84,80.8193,2280.0,1852.4283
75.03,75.009186,5575.0,3685.9087
65.08,72.38697,9653.0,5823.576
59.85,63.563435,11414.0,8839.423
49.87,61.72811,11384.0,9892.93
52.52,50.726963,9892.0,9429.901
54.92,58.333206,8107.0,7436.1763
63.72,67.31975,4702.0,4830.2104
74.58,82.92825,999.0,987.5492
76.44,93.82963,73.0,301.04086
77.54,87.05962,64.0,27.970297
73.28,82.52673,64.0,58.99677
69.41,71.90017,64.0,73.32023
73.17,66.28584,64.0,53.737316
67.2,71.37912,63.0,58.958897
49.78,62.61692,62.0,-12.943202
56.44,47.404274,60.0,9.723521
51.5,53.18827,60.0,6.676086
46.62,50.382504,60.0,6.676086
42.64,45.805202,60.0,5.797562
41.71,46.144333,60.0,6.676086
48.96,45.940445,60.0,7.5184007
55.72,49.16124,60.0,39.725677
63.69,55.111633,138.0,53.675125
64.7,60.33118,1206.0,1928.2192
61.56,55.04674,3881.0,3782.8555
60.8,54.961834,6089.0,5031.491
63.23,56.930088,7480.0,6409.728
58.73,58.093815,7489.0,7539.1143
56.46,53.31077,7029.0,7138.261
59.35,55.566223,5755.0,5861.0176
62.58,64.31354,3609.0,3786.165
67.32,77.27842,860.0,908.9053
76.62,81.73494,89.0,176.42055
82.34,83.54567,76.0,12.272031
81.51,84.12104,66.0,53.281067
75.57,73.55314,63.0,-9.017249
76.78,68.56783,62.0,-9.017249
70.91,69.03221,61.0,-9.017249
56.16,62.676853,60.0,34.522175
46.5,53.748165,60.0,58.054825
43.72,46.755863,60.0,2.9388366
37.62,43.437714,60.0,58.054825
26.08,45.316948,60.0,7.7433157
36.4,38.004635,60.0,6.8647866
58.66,50.004665,60.0,5.490968
79.36,66.842896,60.0,67.36414
87.26,83.12109,202.0,82.088936
88.42,86.81503,3152.0,1767.2087
84.98,82.682434,8618.0,4852.8853
72.46,85.17658,11130.0,8734.528
66.74,72.75023,11924.0,10795.992
59.92,67.94875,11368.0,10713.731
62.02,63.754555,10160.0,9894.463
69.58,68.72114,8350.0,8441.393
84.75,80.02947,5015.0,4962.6616
95.31,97.63507,1365.0,1171.9546
101.57,107.20245,73.0,281.56708
97.92,107.50188,42.0,17.917356
91.74,98.414215,36.0,50.788837
85.28,81.85812,33.0,53.737316
84.1,75.670525,33.0,46.12943
77.85,77.04387,23.0,-14.238833
70.89,69.97596,20.0,-18.164778
62.05,65.70595,20.0,-2.2827525
61.35,60.510487,20.0,-2.2827525
59.42,61.222183,20.0,-2.2827525
56.65,58.20213,19.0,-2.2827525
60.85,63.32237,16.0,1.6432078
70.4,69.22999,16.0,33.095367
81.0,77.824356,16.0,16.307781
87.16,83.89989,163.0,94.99166
88.76,83.501495,1937.0,2310.547
85.14,81.14756,4715.0,4334.5273
83.4,80.69788,6517.0,5449.8066
84.18,80.25167,7273.0,6594.1157
81.17,80.28382,7350.0,6759.5015
80.67,76.691536,6554.0,6370.8247
84.32,81.309166,5445.0,4938.891
82.87,91.44156,3557.0,2999.4429
85.89,95.5646,942.0,1004.8944
87.46,102.79097,42.0,179.22597
86.08,97.532074,32.0,-63.745422
89.97,87.318794,31.0,-22.736383
89.07,79.286896,28.0,-19.787905
81.37,79.135155,29.0,-7.2216506
69.82,72.521904,28.0,-19.787905
70.45,60.974346,28.0,15.77941
48.63,63.929535,28.0,-2.4206192
31.52,45.889057,28.0,-2.4206192
30.92,32.29098,28.0,29.113997
26.21,32.574196,28.0,48.769398
25.42,36.380535,28.0,48.769398
23.55,38.308353,28.0,51.32153
35.77,36.08394,28.0,60.51939
58.65,48.37382,195.0,135.13269
50.68,55.405552,3272.0,2291.3398
39.65,45.29939,8681.0,5698.0317
25.39,40.533348,11862.0,9696.869
17.87,29.109217,13295.0,11828.557
16.65,18.59914,13206.0,12105.453
17.45,19.010782,13235.0,11736.112
23.66,24.208729,11664.0,10928.521
36.27,40.111137,7708.0,8722.221
53.73,62.017197,2061.0,2393.8809
72.84,74.26179,170.0,328.68762
69.06,83.96774,87.0,39.224545
63.23,72.4418,76.0,69.84843
55.4,59.270718,69.0,72.79691
43.84,50.009808,54.0,70.30468
38.51,41.267624,48.0,70.30468
33.18,39.35144,48.0,70.30468
30.16,32.665874,48.0,66.95986
23.39,26.86803,42.0,66.95986
15.32,23.180607,36.0,66.95986
10.62,19.823185,36.0,66.95986
15.97,21.558022,36.0,66.95986
21.84,26.730602,36.0,69.512
38.0,33.711155,36.0,91.01731
42.64,44.461067,136.0,188.68452
38.97,39.225307,2854.0,3238.7378
30.72,33.269638,8302.0,6610.681
24.28,21.287914,11299.0,11113.098
31.46,18.737385,12225.0,12950.502
30.98,25.22799,12026.0,12942.155
23.22,22.906004,11773.0,12495.298
35.49,24.168707,10700.0,11412.934
63.21,49.449257,7713.0,9222.933
89.51,77.78397,2466.0,2927.7783
95.77,100.41034,267.0,352.9991
93.27,99.1024,179.0,60.94988
97.03,91.62119,144.0,70.41132
99.17,88.66834,132.0,70.85995
94.0,88.57671,105.0,72.32278
90.57,87.290955,64.0,56.229546
97.1,80.350044,64.0,-14.238833
91.05,89.3224,55.0,-4.723452
85.08,85.29708,48.0,61.335663
80.19,79.116165,48.0,41.680267
72.31,76.39983,48.0,41.680267
73.04,75.00993,37.0,99.05902
82.72,76.95872,32.0,111.59369
90.86,89.72954,32.0,124.89108
92.94,90.14528,153.0,146.72516
93.19,85.966415,3327.0,2471.0789
89.25,79.21069,9671.0,5913.3047
84.99,80.69773,13017.0,11117.63
82.31,79.04943,13949.0,13383.606
80.33,77.422966,13538.0,13392.009
77.53,74.64357,13698.0,13007.276
78.11,77.58893,12381.0,11342.885
85.0,83.01772,8233.0,9050.533
93.46,98.34793,2201.0,3017.096
99.95,106.47503,118.0,393.0458
100.46,105.254684,52.0,-14.825215
111.58,100.28174,43.0,76.94189
109.49,101.69243,40.0,79.89037
98.5,96.117065,38.0,-18.164778
91.26,91.76923,37.0,29.300592
92.34,84.68824,36.0,63.33769
88.08,88.264244,27.0,-0.47229517
80.53,85.90681,16.0,54.643684
70.96,76.475334,16.0,54.643684
69.36,67.27193,16.0,62.8516
68.94,68.642815,16.0,72.42057
69.17,70.72327,16.0,77.59232
72.51,70.28288,16.0,111.77441
86.79,74.45082,158.0,178.56247
88.12,79.86067,3538.0,3112.325
75.37,78.62309,9380.0,8600.42
69.26,70.41677,12045.0,11925.101
68.85,62.371857,12223.0,12796.431
69.14,62.466274,10924.0,12421.291
69.35,62.560314,9954.0,11040.782
69.99,66.47904,8066.0,9665.041
81.98,72.93366,4443.0,5752.21
91.16,94.87081,880.0,1641.6941
96.57,103.80891,24.0,197.60869
98.4,100.41576,16.0,-23.95199
91.76,99.54485,16.0,-16.207468
86.71,85.44464,16.0,-17.184942
86.63,77.01399,16.0,-18.01623
80.82,76.31763,16.0,-18.01623
62.5,73.20476,16.0,-18.01623
63.75,59.165543,16.0,-3.5044825
54.5,60.64472,16.0,-3.4878495
48.86,53.071083,16.0,3.0410883
51.86,47.45683,16.0,-0.88487184
55.2,55.070995,16.0,1.7337413
65.87,58.549908,16.0,4.2858715
70.31,69.05196,16.0,22.764977
79.54,70.262794,110.0,67.62896
83.0,72.04857,2063.0,2387.0625
79.1,70.638115,6075.0,5197.654
72.37,71.05307,8494.0,8094.572
79.31,67.26175,9636.0,8476.455
76.14,72.75493,9363.0,9535.427
78.09,70.640465,8865.0,9415.988
82.43,74.98045,7129.0,7965.671
91.44,86.661156,4589.0,4774.708
98.56,101.266846,1189.0,1299.857
103.04,108.84307,38.0,328.68762
105.21,105.037865,16.0,26.34717
105.01,103.026115,16.0,49.16571
99.47,94.66288,18.0,52.11419
98.28,90.03289,18.0,70.30468
90.63,88.80268,17.0,70.30468
99.58,79.477295,17.0,72.998924
91.33,93.32306,16.0,66.95986
89.76,84.88944,16.0,66.95986
88.03,80.945145,18.0,66.95986
89.99,86.40876,24.0,66.95986
92.06,91.51293,30.0,66.95986
101.29,96.73491,31.0,69.512
116.99,107.410805,31.0,100.999855
127.16,116.31891,148.0,138.48868
114.06,120.09747,3499.0,2511.525
102.99,104.59245,10261.0,6835.9253
93.27,100.228195,13939.0,11403.814
89.74,90.81923,14808.0,13296.388
89.59,87.012215,15099.0,13719.2295
95.16,88.04853,14977.0,13516.351
95.77,97.82205,14409.0,11726.85
102.85,102.78775,10112.0,8300.717
113.01,112.989716,2863.0,3685.269
123.85,124.572365,267.0,328.68762
125.0,127.07113,126.0,92.3298
158.14,122.16071,102.0,93.754105
147.55,135.03947,83.0,72.79691
120.86,124.765976,74.0,62.814346
104.73,107.62795,43.0,70.30468
104.79,96.20348,36.0,70.30468
97.67,99.44492,36.0,66.95986
87.34,93.15596,26.0,66.95986
85.48,84.81156,20.0,56.97733
82.09,85.59687,20.0,66.95986
82.35,89.25933,20.0,66.95986
84.2,89.91548,20.0,69.512
90.1,94.63924,19.0,100.999855
99.61,97.18487,200.0,158.29793
94.97,97.73301,4000.0,3205.5474
85.92,87.400696,10911.0,7966.062
79.38,82.61571,14087.0,12734.671
76.16,76.67672,15160.0,14467.539
73.04,73.61301,15294.0,14781.898
73.03,71.610985,15759.0,14582.261
75.85,74.57363,14948.0,14373.649
87.15,85.316734,10371.0,10911.349
99.6,102.70969,2688.0,4456.9463
104.9,116.022514,133.0,407.45563
105.76,113.06531,60.0,50.640175
105.27,113.8561,57.0,80.76663
106.52,103.18104,44.0,98.19988
104.74,97.70338,36.0,98.19988
103.71,97.13474,36.0,83.584496
100.4,95.744095,36.0,83.584496
