actual_price,predicted_price,actual_P,predicted_P
64.84,70.422745,13.5075,42.51684
67.62,70.45677,14.465,60.498463
66.49,84.64613,477.265,175.47672
76.33,92.5489,3359.1475,2682.7583
88.97,91.88537,8844.182499999999,8260.516
80.28,90.08001,16230.885,14206.98
55.08,69.72056,24016.4225,23885.488
13.44,39.782246,28666.5975,29450.352
8.24,8.439808,28710.71,32589.842
4.05,2.770793,26861.1975,30922.955
3.56,1.084667,25226.5325,26751.88
2.78,6.79516,23850.84,24842.92
6.8,15.901329,22168.4275,20703.607
48.66,21.873192,19371.3425,18792.203
81.06,66.6402,13875.2725,15187.714
103.75,100.24198,8228.65,9633.589
126.6,124.14689,3620.5375,4796.769
139.51,140.68634,815.97,1210.6738
119.06,137.41206,34.745000000000005,-26.820972
102.54,113.94039,19.4375,-31.115925
84.1,95.26214,11.485,-31.115925
73.92,77.84221,9.8425,-31.115925
63.86,67.05119,10.1125,-31.115925
59.36,63.898087,11.62,-1.7008327
54.73,58.229954,10.455,-1.7008327
57.75,56.00544,11.245,-1.7008327
63.1,68.36158,143.1675,228.2131
83.68,80.779175,1187.6875,2781.3599
95.29,91.98999,3252.39,5263.0225
96.18,88.13709,6489.035,6508.028
87.36,78.15874,10215.1775,10739.044
70.31,66.33604,14430.25,14848.658
61.57,51.344784,18121.835,18499.4
49.32,44.62841,21096.0725,19863.322
42.4,34.629883,22315.3225,22080.027
34.3,34.415787,22054.3,22016.527
29.48,38.85006,20282.4675,19067.945
51.1,46.241558,17799.4075,17137.188
66.54,69.83324,14531.0725,12487.668
91.04,86.5393,9686.495,8753.132
111.92,115.46529,4872.1025,3674.839
135.62,127.83213,1418.8175,1085.5592
135.2,122.18966,121.3975,13.358089
118.94,115.27535,40.045,-18.18346
102.41,103.07991,13.65,-15.599068
98.11,90.88923,15.255,-8.358858
93.09,85.89087,13.355,-2.5552502
92.24,86.99076,10.5325,35.806255
90.4,87.662926,11.67,48.59064
90.92,89.70618,16.15,48.59064
91.86,97.06021,524.995,77.66958
89.78,108.641815,3518.39,1415.775
85.3,98.771904,9513.415,6099.6416
78.92,80.42444,17542.5825,14362.924
52.28,71.31222,25862.78,22966.486
13.15,41.854027,31798.8225,30152.287
0.83,9.181394,35658.8525,34437.68
-0.53,-4.8317456,36677.3075,36556.375
-1.58,-4.5426097,34042.8875,35440.438
-1.85,-3.0809712,30249.8275,32192.193
-1.53,5.693361,25504.1525,26705.525
-0.41,16.986015,19978.5275,21168.742
29.89,28.406399,14733.4525,14379.773
69.21,57.120827,8673.8525,9380.461
85.78,90.9572,3786.4275,5021.193
84.79,93.65131,965.81,1528.6981
84.33,86.382866,78.7475,21.737652
80.26,80.8274,36.1825,-31.115925
62.98,72.84332,11.35,-17.396034
49.95,61.412514,11.2975,-2.5552502
35.4,45.846004,9.915,-2.5552502
39.95,35.37331,12.64,32.17299
38.99,43.521328,11.2175,49.85539
41.6,42.724384,13.2075,65.21259
55.97,59.354374,314.0325,369.1862
64.86,77.30933,2685.565,3593.8105
69.36,78.23159,8352.1425,8977.203
50.85,64.688255,17234.135,15622.608
21.68,35.488613,27104.25,24639.334
1.0,7.6438236,34165.435,32161.111
-0.24,-7.231608,36847.625,37182.38
-2.8,-5.349726,38563.740000000005,37868.848
-5.87,-12.059784,38770.835,39047.445
-8.25,-6.225279,38394.8975,37518.8
-4.56,-2.8012116,36350.4375,33887.14
-2.5,12.571986,32014.08,30453.654
6.67,21.639397,25914.86,24746.732
68.2,37.63702,16197.05,16631.85
111.93,92.73403,6931.59,7439.2334
131.15,128.92996,1819.1775,1566.272
137.82,124.019455,129.695,85.146
128.1,125.45843,40.5525,-18.772053
109.08,110.60079,23.665,-17.11893
106.5,97.03024,22.5275,-17.11893
101.54,94.594505,12.065,-17.11893
101.38,92.83483,10.5675,63.123333
100.82,93.10981,10.2475,61.06441
100.09,94.34561,19.18,79.62208
99.28,98.07621,603.3074999999999,191.3226
96.17,97.019295,4126.1975,2881.0393
90.2,84.6407,11862.5,9239.004
61.4,72.83459,22410.105,18556.256
7.5,41.524277,31879.335,29454.578
0.95,-5.0274677,38605.5,37738.414
-0.95,-9.848949,41462.16,41558.387
-5.23,-10.382974,42898.5225,42622.21
-12.44,-13.545396,42288.5175,41523.793
-9.67,-16.13615,39033.5275,40234.15
-2.93,-5.7931027,33864.5,35639.06
-0.71,15.954758,27872.845,28415.982
45.24,27.5031,20617.16,21814.887
94.84,73.125,11504.555,13183.182
127.85,116.67686,4908.985000000001,5221.838
179.71,133.23271,1422.73,1424.2076
177.97,160.81236,127.28,-54.73425
130.17,160.29832,32.972500000000004,-35.228573
105.55,116.28961,19.815,-37.904438
91.68,96.56597,16.695,-6.376166
86.5,85.4761,11.3025,7.928356
78.89,82.86084,7.75,28.689861
75.73,77.278465,6.755,62.563667
73.89,75.34718,13.47,28.689861
66.07,75.52513,408.6875,257.21323
51.88,66.56073,2638.165,2845.045
36.08,45.33025,7143.235,7342.1885
18.71,20.483162,13267.3475,12409.578
10.6,6.6700106,19988.475,20359.242
3.62,-0.9788831,25829.37,27042.766
-2.54,-6.886551,30223.1775,29473.705
-9.78,-13.567099,32605.8725,32126.244
-16.31,-21.891932,33526.0075,31660.805
-22.32,-21.520838,32110.1775,30933.178
-17.94,-11.408924,28599.3075,28560.98
-10.37,-1.0796063,22613.7925,24679.576
-3.23,11.010977,16995.195,17400.506
28.49,24.493967,10940.15,10558.487
77.05,65.87902,5598.945,5686.9385
94.41,103.18347,1687.77,1362.7589
100.88,103.84876,107.815,107.37385
99.17,102.42656,18.3075,-39.64351
88.26,93.50333,8.932500000000001,6.028909
82.99,85.18907,14.9825,1.4577609
76.53,77.90081,9.1725,6.028909
78.28,76.494965,6.9225,75.51608
79.78,78.85506,6.68,71.4346
83.02,80.8027,15.3425,61.99772
88.2,93.9318,484.42,146.49634
111.14,106.90302,3197.3225,2792.5303
125.61,122.32396,8348.2025,7605.5107
108.18,121.92314,14910.9675,13904.718
86.14,93.56406,21194.115,21985.08
62.09,73.42544,26577.0275,27144.682
43.26,52.020527,29730.565,30110.365
28.0,37.928825,29853.3525,32038.572
17.72,23.058838,29221.65,30105.21
12.3,21.340124,28222.7975,27915.953
21.8,25.665306,25232.4475,25326.754
53.66,38.262222,21375.595,21563.357
77.33,71.69956,16154.1075,16101.298
98.12,93.05553,10592.265,11032.835
127.89,121.38758,5332.1725,6074.2173
190.18,144.69556,1821.7575,1856.6825
205.23,177.3329,173.1975,123.1858
133.78,179.39243,11.845,-0.04805194
109.2,116.79641,6.93,-0.04805194
109.95,99.30256,13.1925,5.462959
105.88,99.79283,8.5525,5.462959
99.48,100.477394,7.0725,28.123905
96.61,97.20054,7.37,49.51221
95.76,95.383095,12.7675,49.51221
107.25,103.834114,525.9,376.18155
126.89,119.92455,3413.505,3459.0354
113.93,133.23308,10045.795,9438.849
91.24,107.105835,19462.755,18071.086
62.98,79.5404,29522.14,27494.695
11.5,51.172634,37032.59,35838.758
1.25,8.78536,39457.2225,39111.64
0.44,-2.7235715,40517.935,40584.844
-2.21,-4.4879494,40174.8375,38615.38
-1.87,-4.1490045,38559.337499999994,37764.395
1.29,7.5187025,34914.1625,35416.312
6.42,19.873833,29625.9675,29079.553
66.6,37.003094,22224.5625,22451.879
91.92,89.936554,13367.7825,14154.197
111.0,118.95024,6022.4349999999995,6592.9077
141.2,135.2933,1808.3475,1447.4525
124.01,145.16325,106.0825,114.027534
105.69,115.71824,8.645,-14.611729
93.78,95.830376,6.2125,1.3686897
79.98,87.893326,6.5075,-23.097708
74.36,75.52628,6.2925,5.462959
68.68,74.40078,6.5125,51.029774
71.02,70.20021,7.1925,55.600914
72.52,71.6313,17.384999999999998,57.283585
84.19,83.102135,500.355,250.07889
99.91,102.883965,3347.8824999999997,2776.2566
112.58,107.63497,8953.5975,8288.968
103.8,101.860954,14959.2275,15527.744
78.49,86.77907,20055.3125,21267.63
64.58,60.486614,24215.675,25232.355
39.28,48.221695,26366.4925,27873.732
20.57,25.6629,26542.4125,27793.26
17.31,12.564892,25642.985,25952.578
24.12,15.979161,25886.2075,24985.78
47.03,29.537823,24846.2325,22899.021
71.02,56.075268,20767.535,20245.246
88.51,83.58189,14604.41,15561.861
105.0,105.76255,9094.885,9780.283
138.25,123.15878,4475.295,5093.833
183.34,146.53836,1345.2075,1702.6298
150.38,162.14305,98.2475,-18.54925
117.99,129.57146,11.01,-41.474197
101.01,104.451515,13.61,-28.608727
95.97,93.344574,20.0275,-0.34064877
91.5,87.415276,8.6325,-10.165242
87.78,89.59077,8.290000000000001,48.35511
86.64,86.23501,6.5025,37.387146
86.87,86.875694,15.6375,36.44728
90.4,96.203224,479.785,298.56793
114.8,104.25024,3057.445,3390.5217
129.9,117.99638,7830.879999999999,8274.634
117.94,112.70585,14081.035,14241.477
84.55,96.65683,20319.0725,20898.152
61.48,63.47646,24286.83,25949.17
43.37,42.61498,26767.985,28307.9
17.88,29.574337,28295.8725,28421.838
10.59,8.463018,27991.76,27720.025
9.59,9.349603,25841.8875,26822.68
21.3,18.834461,22912.0325,23005.879
51.08,39.850544,19864.495,19009.547
78.11,70.17351,15629.21,13823.536
99.18,96.39625,10083.525,8855.584
113.85,125.41406,4971.2474999999995,4673.3228
133.15,136.269,1467.7525,1434.9241
112.05,131.42188,94.9825,-5.9632516
95.58,103.43714,16.6975,-27.668869
80.47,87.429596,12.895,-27.343987
76.15,73.830246,17.215,-27.343987
65.81,71.35295,8.57,-27.668869
60.98,65.69925,6.5825,-4.9157095
54.24,60.683716,6.165,-4.9157095
51.64,56.90463,7.9025,-4.9157095
59.3,59.767124,237.9825,224.99823
67.59,76.3479,1875.92,2467.502
73.88,79.665344,5872.3925,6143.904
58.35,69.40671,12558.4325,10857.181
12.67,45.97717,20563.182500000003,17233.861
0.81,3.4508154,25392.3325,24011.705
-0.59,-9.005912,28709.379999999997,28639.262
-3.04,-12.287082,30465.7375,30733.373
-6.52,-12.217689,30678.985,29938.676
-10.19,-10.360703,30019.065,28483.537
-6.55,-6.002979,27450.2875,26699.037
-1.99,8.7514105,24542.3475,22424.854
1.08,22.537085,19608.9075,18022.484
57.63,30.947172,11899.2925,13050.364
92.59,84.217354,5661.365,6255.974
120.1,113.77728,1804.535,2024.6626
128.66,117.189095,135.22,108.50611
119.47,119.60443,34.8775,0.89181024
101.27,106.03412,22.53,-23.097708
90.65,94.42221,16.225,-15.819584
85.14,82.143936,11.4725,-4.9117985
80.69,78.19043,8.3675,29.524067
81.66,76.32895,7.07,50.655865
83.63,77.05549,13.675,18.046791
87.92,82.933014,502.18,199.83383
86.14,88.08298,2927.11,2261.2732
85.67,80.15176,6966.1525,7688.59
78.48,69.11987,11801.47,12591.259
59.28,57.49399,16412.475,17791.14
29.41,38.12513,20240.155,21732.611
8.57,15.052338,23167.555,24770.574
3.18,-3.9328797,25136.5725,25430.412
-0.77,-5.526312,24382.6275,25114.027
-1.45,-6.7936883,23699.1975,22959.207
-1.81,3.5366466,20960.2925,20926.303
-1.45,12.624356,17686.752500000002,17139.871
22.74,19.748037,14757.3625,13095.788
66.19,44.36173,10124.8825,10442.295
87.4,93.38853,5410.455,5743.3545
107.05,110.537605,1725.185,2053.412
108.27,114.62539,121.7075,104.79827
94.95,108.61605,43.875,-22.531755
80.45,90.20528,16.5925,-22.531755
84.38,76.19027,14.1775,6.028909
71.4,78.79369,14.66,-22.531755
60.56,67.99088,12.78,37.953094
48.77,58.6658,8.3225,16.782047
41.96,46.919666,17.3625,33.157337
34.48,47.225864,371.865,320.44363
20.16,38.006466,2242.855,2667.8945
1.81,21.917015,5718.4425,5240.463
-0.5,0.42055923,10423.685,10409.018
-2.77,-12.4030695,15045.7625,17197.752
-7.29,-19.082386,19131.9175,20360.457
-16.29,-27.598078,23479.34,23519.34
-44.27,-30.03977,27100.79,24941.424
-59.04,-64.00297,28175.795,26434.96
-65.77,-64.2527,27197.155,26576.045
-61.77,-48.66132,25802.63,23652.557
-45.9,-30.27603,21953.567499999997,21086.709
-18.25,-24.624754,17273.03,15635.088
-1.41,6.771827,11405.2975,10493.34
23.83,27.096973,6008.79,6396.736
44.17,45.753075,1932.215,2121.9397
58.04,52.67993,135.175,121.93755
62.9,59.654926,17.985,-28.042778
51.26,60.359146,11.0775,-5.2857084
20.95,45.40953,6.4475,0.51789737
19.12,23.36726,6.46,7.0154943
9.95,21.532957,6.6625,40.288544
13.59,14.774258,7.1575,40.288544
20.61,22.119904,16.4775,40.288544
29.45,36.090984,567.9449999999999,331.8111
37.61,54.192177,3916.135,2755.7185
37.13,54.699642,10834.865,8949.115
13.95,40.612076,20473.8025,16330.569
1.54,14.976653,28502.74,26380.86
-5.09,-3.8378599,34918.43,33371.207
-9.23,-8.636068,37789.1375,37070.63
-20.3,-13.747476,37811.33,38462.867
-32.1,-17.890675,37703.2125,37251.688
-30.19,-43.16246,36823.905,35975.75
-17.11,-34.86853,34273.55,32226.352
-8.16,-0.2027095,29670.865,28410.57
4.1,11.080253,23675.6575,22744.855
52.02,35.60339,15312.6775,16200.459
101.29,76.763336,7291.1725,8380.242
119.25,120.789734,2314.4449999999997,2494.0068
128.61,118.88456,183.4775,166.80801
115.84,118.36187,28.4175,-23.097708
95.87,101.11194,9.2225,15.348037
90.32,89.09706,13.16,5.462959
81.51,83.75955,8.7275,5.462959
74.73,79.126236,7.8975,38.008976
69.93,73.70073,6.8125,28.123905
66.94,71.042946,13.06,65.63099
76.09,79.245605,573.4525,330.09796
100.43,92.81954,3763.46,3237.1262
104.13,106.810936,9184.07,9252.348
85.27,92.19926,15843.955,15456.578
69.5,68.282814,22203.3275,22666.715
20.61,54.78093,26382.335,28178.24
7.25,13.850294,29180.13,30246.662
2.82,2.863261,29568.96,31090.314
-0.68,-0.7209795,29027.075,29540.37
1.5,-2.5352314,26475.96,27753.61
1.41,8.064035,23145.9475,24226.654
11.5,15.024875,20018.34,18995.18
57.91,37.223488,15481.79,15434.724
79.14,75.33093,10336.3425,11330.643
98.29,98.60112,5277.945,6224.9375
112.61,117.26973,1696.4275,2065.8826
113.45,113.862305,136.5775,125.673195
110.32,106.53583,27.8325,-0.04805194
98.16,98.32709,13.8325,-15.67626
69.59,88.59055,8.737499999999999,-0.04805194
69.87,62.323425,7.1125,-0.04805194
67.78,67.96839,7.315,45.375763
68.98,67.55074,6.96,45.375763
72.78,69.1475,53.6675,46.315628
81.79,81.38262,640.45,359.6666
101.07,92.100204,3788.0925,3539.2847
107.0,108.020355,10355.1075,9534.283
88.49,99.07146,19179.135,17720.066
68.25,73.13807,27925.75,26220.85
25.83,52.9791,35576.9875,33929.113
5.5,13.018731,41402.8,38462.89
-0.16,1.6065845,44646.7275,41302.805
-1.74,-3.9287448,45904.775,40870.234
-3.54,-3.4803512,44927.7275,39188.492
-1.87,5.582623,42395.415,37931.934
3.66,13.054257,37663.625,35198.812
64.86,32.07433,30532.46,29862.555
93.27,86.86283,19084.2,19571.834
128.68,117.85034,8465.1525,10162.255
200.52,144.81595,2615.4925000000003,2365.2146
171.8,178.07669,292.455,300.4749
119.81,150.48752,57.1525,41.874107
100.48,106.75079,53.6625,0.89181024
96.22,91.92814,56.53,5.462959
90.1,87.415276,56.3575,0.89181024
87.52,88.776596,54.85,34.730797
86.22,85.73801,54.1775,34.730797
89.28,90.04653,72.425,35.05567
96.0,98.53214,781.985,418.92365
114.48,110.359856,4620.19,3581.3909
106.21,120.69267,13360.5925,10412.481
83.98,102.612564,25180.6225,21963.4
43.74,67.62144,36404.425,33089.52
4.35,29.245459,44421.31,41625.043
-1.5,-1.9665054,48337.7725,43360.12
-11.06,-11.3100195,49245.1525,42660.273
-22.63,-21.516539,48287.8975,42027.246
-21.56,-21.410028,46272.785,40478.8
-8.96,-10.4962435,43080.69,38574.906
2.22,2.785047,38011.9625,35554.344
22.56,27.763437,30487.7375,30012.365
76.94,51.535275,18741.6775,22017.027
108.4,97.65758,8182.715,10088.897
128.0,134.86906,2569.42,2830.6763
112.49,128.65338,288.1475,314.76077
104.01,107.37553,59.315,16.288433
88.62,95.64996,57.19,-20.122747
73.53,84.76786,56.61,-41.474197
60.2,67.343056,55.84,-32.703007
61.09,64.09647,58.9075,50.089916
62.84,63.85777,54.209999999999994,46.64051
64.88,69.44704,72.2375,46.315628
71.61,74.143036,802.76,444.53592
85.18,83.19396,4511.6525,4112.0996
87.48,86.901115,12908.6175,11777.764
72.69,76.80073,24267.17,21239.771
39.91,54.75522,35206.3125,32187.7
5.38,26.396759,43553.91,41615.117
-1.31,-1.266016,48416.9625,42748.05
-3.69,-8.540511,50274.4875,42773.355
-7.5,-8.828307,49862.4625,42354.92
-6.8,-13.10069,47679.695,40509.46
-3.44,5.3020844,44672.545,38588.516
2.29,17.405708,39150.630000000005,35719.44
37.41,32.088585,30153.625,31323.969
80.62,64.8988,18470.24,21872.08
105.23,105.726875,8220.342499999999,9437.68
111.65,124.24043,2624.785,2536.6174
98.39,111.463745,280.9775,269.48962
89.77,93.23793,58.23,-12.034942
74.85,85.293915,55.03,-25.325968
69.41,71.24059,60.845,-28.06836
64.52,66.556076,55.8325,-20.122747
61.24,62.806267,54.6,27.002453
60.15,60.290462,54.61,53.75525
59.98,60.237953,68.3075,39.867905
57.38,63.910538,870.255,580.475
47.29,57.32024,4695.92,4099.2993
23.91,42.876873,12870.27,11764.896
8.65,11.886442,23891.5525,19889.191
-0.41,-4.2231092,34466.37,31576.04
-2.06,-11.6954155,40832.725,40731.004
-7.53,-15.372437,44123.1675,43492.07
-26.31,-21.79574,45394.795,42913.22
-27.22,-27.107264,45158.4975,42039.957
-19.1,-21.440496,42936.205,40279.14
-6.16,-11.11808,39442.4575,38375.246
0.05,16.131523,33928.1525,33282.96
18.04,30.122795,26392.795,26674.07
80.61,52.58599,16120.24,17641.797
110.88,108.02881,7221.315,7690.7993
125.66,132.22568,2381.8575,2082.3271
115.29,118.67345,265.40250000000003,110.01418
114.25,106.02095,61.6575,-81.92208
102.71,102.71089,53.9275,-47.88018
89.17,94.1892,63.7875,-52.419037
84.86,82.749016,55.475,-46.615433
84.12,79.716354,53.1375,29.977596
85.88,80.19566,56.23,15.54697
86.98,82.44271,66.4375,3.5669518
85.02,84.32706,849.2850000000001,551.41534
79.47,76.53899,4058.5025,3514.455
65.38,65.952095,9949.6075,10053.561
49.33,45.91475,16308.85,16344.002
14.62,28.291313,22809.9525,23177.926
3.98,2.6161292,27615.185,28114.787
0.95,-4.3637342,29884.985,31516.406
-0.11,-7.9061384,29502.625,32788.016
-2.8,-8.246952,27773.36,30264.543
-2.57,-7.798563,27923.7575,27247.291
0.35,3.1152182,24517.415,25513.645
5.85,19.358278,20249.7525,20537.05
53.34,28.357685,15043.3025,15597.383
94.34,72.15314,8996.9825,10496.085
109.75,106.32833,4407.895,5360.9673
122.4,120.297134,1524.1275,2250.592
130.81,116.67027,236.5675,-17.638569
119.81,116.6693,72.35249999999999,21.30085
102.05,108.25605,57.925,-4.0209675
96.4,95.17777,55.5275,-27.10292
86.46,89.79028,53.1575,-14.17044
82.68,88.264984,53.2975,17.155952
81.78,85.19554,53.535,36.44728
81.64,85.260025,62.8325,50.089916
87.35,90.01014,480.9450000000001,497.17316
118.39,98.512634,2898.705,3749.2888
127.22,116.13687,8066.82,9225.861
106.46,112.14062,16089.0725,15141.959
84.54,90.52011,25005.94,23032.186
61.01,71.00264,32032.8575,30820.525
35.86,50.882843,35596.7725,35585.883
7.78,28.145935,35800.6175,36934.54
5.38,6.7085814,35050.135,35551.863
5.6,11.277194,34138.1875,33352.227
5.05,20.025633,32205.94,30794.29
20.24,26.487885,28934.0775,26561.64
69.9,46.101273,23419.645,22311.21
94.65,87.936066,15752.945,15566.642
120.65,115.37342,7988.9275,7994.234
176.55,136.83409,2736.3025,2308.1062
170.78,161.46999,300.7375,321.61676
128.79,156.65326,84.04,29.008665
105.28,117.50659,59.754999999999995,5.462959
107.14,99.80989,56.0725,5.462959
101.63,101.21423,52.74,5.462959
97.24,100.66351,53.989999999999995,57.283585
97.17,96.88771,53.03,39.301964
98.26,98.68206,62.6375,67.49384
106.66,105.99038,791.735,423.90524
124.48,121.50503,4516.8925,3383.469
115.25,132.37947,12567.9825,10440.308
99.51,106.00663,23440.3625,19739.996
75.1,86.66154,34215.5175,30592.408
22.47,62.495445,41716.725,39647.746
2.24,14.888505,43651.6975,43222.02
-0.15,1.1081682,47028.005,43426.766
-2.39,-1.0587468,47640.845,42662.78
-3.55,-0.38943365,45712.7375,40542.316
-0.99,7.200413,42047.27,39280.965
18.28,18.005753,37753.8675,36094.875
77.22,49.776096,29187.0525,30084.354
103.76,98.051384,18077.48,20910.838
131.51,125.1753,8267.025,9633.281
234.23,148.06204,2771.955,2553.353
234.65,208.00095,351.61,390.36023
145.34,201.89531,88.91499999999999,-10.825339
124.32,127.3803,56.245,-14.611729
112.0,113.1636,54.6225,-43.17241
107.4,102.13537,55.535,-43.17241
102.25,106.52868,53.8025,4.2904935
97.94,102.48256,54.185,42.735435
98.52,99.58908,66.1575,73.213
105.5,109.044945,824.1525,434.342
113.67,116.9969,4550.2575,4067.0786
114.62,117.14092,12184.2275,11048.871
106.45,101.91061,22780.06,19233.982
79.14,88.55799,33149.7375,29699.113
24.04,63.137974,40688.4975,39705.086
2.93,13.263236,44786.8675,42110.836
-0.85,-0.37960282,46174.255,43003.12
-2.56,-6.3362575,45599.61,42422.145
-3.7,-3.795038,43040.415,40703.63
-2.28,7.0992904,39667.71,38808.555
2.34,18.984028,35170.674999999996,33362.074
69.21,37.052197,26695.31,27434.09
97.68,97.10134,17200.3875,19668.25
114.54,129.10876,8211.539999999999,8987.633
147.11,150.51881,2723.365,2681.0535
163.89,156.61382,338.24,385.62766
130.89,152.33427,79.06,9.607585
112.28,120.412796,56.97,-16.264853
113.49,105.68655,56.465,-18.858
107.24,105.490654,54.025,-19.18288
105.2,107.57413,53.425,32.268215
99.75,105.91245,53.985,39.802315
99.21,104.23045,65.485,37.761795
96.56,110.698074,748.5425,651.07086
95.12,111.63075,4371.469999999999,4604.6685
89.98,100.12915,12384.475,11563.709
66.53,83.06139,23359.595,20882.979
3.31,53.50727,33662.73,31023.068
-3.99,-4.5648894,39479.3825,39003.816
-22.3,-13.886126,42501.7,41873.11
-49.3,-24.787882,44293.605,42423.34
-59.73,-54.659294,44410.0875,42167.176
-56.48,-48.90036,42980.99,40625.81
-30.97,-37.038944,40399.8975,38501.93
-4.26,-25.376379,35363.6525,33162.51
6.25,21.949196,29591.12,27967.547
76.23,38.36046,19164.055,22018.217
110.97,99.598816,8803.285,10532.839
140.12,131.84566,2742.3075,3053.911
145.68,135.72844,359.09,409.96222
125.26,131.40717,62.405,31.313202
109.44,114.31463,56.4275,-0.04805194
103.6,102.18344,54.254999999999995,-0.04805194
100.27,98.104805,53.6,0.89181024
99.24,103.04032,53.48,52.342873
99.71,100.95737,53.4925,52.342873
100.15,103.51102,67.32,57.16753
104.98,108.67486,781.6225000000001,661.11615
116.99,111.633385,4595.7175,4323.397
113.9,114.69996,13250.7075,11691.066
102.32,97.13241,25089.0775,22534.996
73.78,81.64424,35554.555,33643.67
18.61,56.70567,43864.9775,41076.066
1.16,9.569478,49592.965,43377.594
-3.2,-4.4387975,52466.205,42877.27
-4.6,-8.598988,52378.7275,42239.375
-3.94,-5.004077,51095.88,40684.016
-1.91,4.64599,47560.3875,38550.457
20.99,14.304577,40888.825,35727.574
77.39,44.655785,31476.4075,34046.03
108.77,95.05006,19763.04,23843.523
141.03,129.00656,8734.5275,10866.668
212.38,149.22076,2732.625,2941.136
189.35,194.32019,326.4125,409.85846
141.49,163.06226,68.1975,17.553177
120.46,125.657394,77.0025,-11.648778
116.43,107.42017,67.0275,0.89181024
109.66,103.92655,54.9575,5.462959
106.19,104.35705,56.807500000000005,57.47998
104.78,103.79278,53.885,57.47998
105.92,101.83423,68.675,66.64867
102.93,102.20116,830.9525,687.61896
101.13,101.404594,4717.745,4675.632
89.92,90.80154,13270.7175,12249.955
71.96,74.51672,24920.9875,22449.252
20.44,53.71761,34983.2025,33836.867
-0.45,6.9906454,41777.7075,40827.066
-1.01,-10.186127,44086.72,43862.3
-12.37,-11.45007,44680.2725,42811.344
-24.12,-20.682898,45415.7325,41923.668
-22.49,-20.497633,45315.26,40550.17
-5.18,-11.117962,43111.8,38596.023
-1.32,16.197609,39277.0975,35953.89
50.43,31.207832,30979.065,31245.656
99.33,79.88081,19574.8525,22891.426
127.34,130.44556,8794.7475,10428.571
156.97,162.5899,2809.935,2651.5835
161.8,161.07954,340.65000000000003,370.93008
135.71,144.7075,77.58500000000001,-3.0399528
116.5,124.01723,56.2875,-19.07335
108.33,110.348305,59.665,-11.127749
98.86,103.23864,56.9325,-14.045777
93.3,99.371994,55.53,67.365074
88.1,93.99087,53.4075,67.365074
87.04,90.05361,67.0175,66.64867
84.48,90.68623,777.3475,772.68854
67.14,81.15801,4536.5425,4519.289
32.23,58.053043,13151.6775,11747.51
9.8,19.330227,24422.8175,20315.693
1.4,-1.1131979,32858.3675,32465.291
-6.32,-10.625717,38601.4075,38203.0
-24.8,-15.327421,42516.65,42412.215
-60.83,-26.815489,44549.3925,42821.94
-95.27,-58.232273,44041.775,41956.496
-79.2,-52.036083,41987.6525,40033.53
-33.28,-39.538235,37581.4375,38307.234
-1.21,-23.5496,31449.9125,31918.695
4.68,26.909294,23817.33,24469.232
68.18,43.363213,15389.7125,16075.506
108.78,99.95662,7292.67,7557.472
122.83,136.5855,2442.735,2092.5828
134.29,129.4723,248.21,153.18942
122.63,127.29416,78.0,-115.92051
104.93,116.24421,66.12,-104.613396
77.3,101.85931,56.8375,-104.51281
70.29,75.67121,55.2375,-76.4408
67.01,74.20263,53.48,-33.220367
64.77,73.35296,52.755,27.40028
69.65,71.768166,63.01,55.37114
79.24,81.4783,642.3725,423.4109
92.36,95.97129,3317.67,4051.8752
99.18,103.579094,8648.8525,10112.226
85.34,94.90157,16747.7375,16090.937
43.02,71.78488,24773.465,24314.986
12.41,35.571285,29273.975,30008.895
-2.47,11.012274,31125.425000000003,32757.43
-6.59,-4.31388,30786.145,32142.266
-20.94,-7.313664,30630.7175,30304.146
-25.5,-23.10786,29300.9225,28937.873
-25.98,-10.42581,27403.385,26945.31
-15.65,-5.1417537,25000.5975,22573.732
-6.55,2.1717722,20107.0625,18677.0
15.32,19.029398,14152.34,13679.484
38.38,51.96807,7666.95,7831.861
81.16,66.24275,2691.175,2775.2559
91.46,86.02874,306.44,331.6938
94.84,95.00344,80.735,32.268845
86.81,91.75323,69.0925,-0.04805194
74.51,87.354515,55.427499999999995,0.89181024
63.88,75.060555,52.97,0.89181024
61.4,68.72141,52.275,56.91403
57.81,64.90108,52.135000000000005,89.04668
60.53,65.326836,62.66,79.6098
67.09,75.93141,671.4825000000001,630.5055
82.63,86.94979,3912.7425,3610.3716
83.4,95.12454,10899.035,10188.52
45.89,78.18559,20051.182500000003,18771.537
2.85,36.913136,28001.13,27562.457
-6.0,-1.4941456,33267.8125,33760.85
-13.92,-10.943323,35923.345,36189.93
-22.48,-23.714108,36868.9575,36539.938
-24.92,-23.135511,36596.535,35398.15
-19.88,-17.868937,34310.5725,33807.4
-9.38,-8.817887,30704.1025,30791.703
-4.56,1.7161131,26080.655,24720.979
2.02,16.266586,20394.835,19601.277
61.16,32.385418,12763.2025,13648.607
96.6,81.85319,6277.799999999999,7297.7236
123.7,123.72322,1961.0375,2669.8594
119.82,128.32248,219.275,173.54535
104.85,116.778336,70.545,38.17733
97.61,103.48314,67.1375,-11.97366
75.98,93.142166,61.2725,-17.777273
68.28,74.845085,54.9,-7.4025187
66.89,71.074104,53.3625,66.74434
67.08,69.77864,53.0025,66.74434
68.91,72.24179,62.375,60.60103
81.03,81.550285,557.6725,584.8797
98.46,95.57217,3515.5225,3811.56
105.03,105.49087,10219.5875,9345.748
92.51,91.51983,20004.775,18131.5
63.37,71.99922,29157.7075,27091.791
14.06,45.330463,36069.705,34697.477
-0.48,5.7478805,40977.035,39752.23
-1.53,-6.899634,42238.57,42367.9
-3.08,-9.1420765,41851.880000000005,41937.363
-2.55,-6.158436,40772.03,40077.68
-1.03,4.5930266,37511.21,38046.816
17.67,19.43168,32631.9825,31381.854
76.1,47.558777,25655.0325,25031.26
105.1,98.523605,16846.5975,18111.818
134.96,132.35301,8126.925,8682.251
210.96,154.36562,2558.02,2353.7256
247.64,195.06357,361.7675,246.8571
182.66,211.58711,62.93,-3.669926
137.53,157.78763,56.905,-21.468079
122.62,122.30076,57.79,-19.639303
112.78,110.17963,53.22,-19.639303
107.88,111.17333,52.7175,64.01631
104.09,106.989006,52.795,32.268215
103.7,105.056046,66.57499999999999,48.56716
107.96,111.51694,741.4875000000001,375.83017
124.16,116.83449,3541.5025,3178.7715
127.48,122.18059,8885.6975,8678.78
113.53,109.14796,15910.105,16941.902
98.52,91.82222,22903.96,23122.236
86.57,80.78182,27544.2175,29698.416
75.63,69.24913,31405.55,31848.004
66.11,61.011894,34410.9075,32898.86
54.3,52.00741,34558.0325,34367.89
47.04,45.885067,32420.3375,33839.793
49.64,50.15121,27981.05,30181.19
61.08,58.633606,21911.285,23690.572
71.24,76.04097,16601.885,16403.252
89.94,88.71522,10333.725,11970.905
97.27,110.92793,5681.245,6535.312
103.24,122.55722,2066.04,2478.0234
103.7,120.8542,219.59,203.12883
107.32,110.626656,79.125,16.288433
95.27,106.28246,57.1775,-19.18288
84.77,94.35786,60.545,-24.986504
77.56,83.9307,53.197500000000005,-14.611729
75.19,82.00418,52.4125,68.972
76.15,80.89755,52.5275,32.268215
78.19,84.47134,64.1075,47.62731
87.0,92.45224,564.6675,551.0926
104.03,104.66982,3219.4674999999997,3669.2312
112.88,113.119156,7807.23,7682.387
106.95,102.1932,13049.4025,13404.132
89.58,87.36078,17685.875,18732.107
71.7,73.3611,20787.1725,22401.068
58.02,58.54058,22202.335,23881.957
40.86,46.296135,22464.5975,25158.639
19.37,30.215675,24287.465,24432.957
5.69,18.297672,25482.0475,23151.102
11.2,17.69187,25058.26,22833.69
30.42,29.683826,22618.14,20814.178
62.37,56.1393,17675.0225,17127.28
87.86,84.37774,11959.4075,11622.493
107.72,111.64031,6389.135,6739.0703
127.89,128.54065,2241.75,2378.1096
137.01,127.73474,309.91499999999996,155.10658
125.83,126.012764,87.3875,60.92785
108.74,119.917984,59.8325,24.841879
98.64,105.52871,62.865,24.841879
93.04,97.72534,68.11,8.358948
84.95,92.52715,57.84,85.67187
80.5,85.40207,52.2775,85.67187
74.8,83.535034,56.6775,87.526276
75.72,77.17128,619.9675,609.7391
71.85,77.67417,3948.5525,3792.8367
56.14,67.66628,11291.6975,9773.209
30.0,47.757416,21450.275,19003.906
2.93,20.509876,30967.4575,27898.959
0.0,-5.1080737,37751.8125,35666.883
-0.56,-10.161028,39823.905,40030.406
-1.78,-7.3285327,40731.41,39780.637
-5.42,-11.825051,39843.0375,40838.227
-5.48,-8.339094,37901.775,36973.21
-2.92,0.09180606,34812.7,33790.707
-0.85,16.361626,29581.275,28460.143
2.08,29.378197,24410.4125,22044.305
56.56,40.71898,15699.285,16316.767
93.21,89.80048,7330.735,7881.1587
110.19,120.35402,2153.555,2295.3665
121.37,119.40662,237.2825,117.58947
115.97,120.3332,90.0725,3.2106915
102.98,111.30659,56.845,-44.022285
94.98,100.07409,59.45,-23.644514
88.87,90.99625,54.965,-23.644514
87.42,88.889626,53.365,37.40531
85.68,87.29442,52.4375,37.40531
87.7,84.23917,61.75,46.57399
87.71,87.73854,555.5925,550.8056
84.95,84.26627,3742.5725,3988.3745
74.5,70.01759,11074.06,10903.416
31.73,55.37647,21216.675,19984.428
1.32,15.917827,30576.755,28888.777
-0.74,-11.201763,37392.71,36737.156
-4.84,-12.601256,40087.985,40879.062
-10.01,-14.0214205,41140.3575,41187.457
-21.92,-21.153456,41113.485,41738.86
-23.6,-21.290209,40286.49,40261.633
-15.83,-10.346354,37596.0625,35724.953
-2.15,2.213245,33030.917499999996,31278.752
2.0,24.66993,28173.1775,25954.184
79.17,34.692013,18709.2675,19981.357
106.94,105.00061,8776.9075,9539.161
123.26,127.262695,2662.4975,2420.079
127.38,123.46967,340.645,264.0361
123.49,122.473724,70.33,-36.36241
112.4,113.59542,55.29,-46.615433
101.78,102.40107,60.105,-20.902122
94.93,94.91938,52.4575,-11.127749
92.21,95.70054,54.25,32.268215
92.02,94.6696,52.665,36.839363
93.47,96.86865,62.33,55.63337
102.54,103.32117,667.365,505.3472
124.38,111.213646,4148.5175,3606.8826
122.34,125.20354,12224.5075,10931.33
111.52,109.0696,23608.73,20492.863
92.11,94.64674,34629.8725,31348.34
71.32,80.37316,41722.8375,40810.83
43.48,60.975285,46829.8725,44747.652
21.87,40.931908,49677.4675,44622.63
13.11,21.673615,50118.2125,43796.625
19.62,20.853157,48303.0875,41439.02
47.68,33.5727,44470.215,39563.88
76.81,62.28226,38692.765,36301.633
98.14,94.2697,30195.8175,31540.008
119.3,117.67475,19078.9825,21494.877
167.7,138.15984,8779.18,10240.442
253.61,172.11916,2610.005,2594.8555
216.24,222.43909,316.2425,315.4869
152.95,191.69276,57.35,-6.270432
121.77,135.50743,56.2875,-22.303848
109.82,111.091446,57.06625,-28.06836
95.41,102.809715,53.081,-18.858
90.5,96.83367,52.595,32.593094
89.48,93.021,52.5845,32.268215
90.43,94.70018,58.478750000000005,52.819748
98.73,100.126495,622.8435,556.53687
114.32,115.167854,3977.86575,4099.48
121.46,119.70783,11911.59675,11737.023
114.56,110.19117,23356.081,20799.775
93.64,97.908936,33816.93225,31724.113
79.95,80.36382,41020.77925,40386.215
67.33,69.52994,45915.062000000005,45283.38
44.58,58.964874,48189.7485,44725.26
38.82,39.76637,47809.1285,43780.734
52.85,36.80283,45384.79325,41923.098
74.64,56.96372,41176.243,39973.96
88.29,87.35675,36158.80775,36926.11
101.48,109.718315,28348.4765,28794.09
136.92,129.58374,18244.43375,20359.502
252.31,164.11903,8325.975,9401.236
404.91,268.62964,2527.853,2318.9248
338.0,337.54694,327.24375,20.150032
209.52,280.38742,62.72575,-224.02927
137.54,179.98257,53.4485,-93.00309
115.87,120.870415,58.28925,-94.909706
102.2,103.121574,54.77975,-64.91047
93.96,101.30723,52.56325,25.88272
93.49,94.594505,52.6695,25.88272
94.36,95.69366,59.1615,39.252354
102.44,102.96694,610.2325,470.6556
119.56,115.24498,3927.76125,3874.0027
118.35,120.73349,11592.9285,11644.578
109.02,106.98693,22499.4185,20237.484
94.84,91.213135,31561.75625,31324.078
81.28,80.515656,39450.36375,38178.387
68.3,68.27171,44337.42975,42465.367
34.55,57.93964,46388.245500000005,43419.324
36.28,25.749916,46661.075,42493.832
47.54,33.05829,44780.65875,40655.664
69.64,55.59846,40179.64825,38657.125
80.07,84.96964,33604.12425,33507.91
91.6,104.04853,24617.87325,26494.76
114.7,123.26324,14793.774,17164.836
175.66,166.41817,6304.3175,7528.115
240.16,240.13708,1762.98475,2143.5286
184.47,266.46603,155.61775,-141.88852
143.56,181.42923,84.991,-273.85538
113.81,128.19713,55.5155,-113.50776
88.85,108.142456,56.5415,-48.44613
82.22,88.10257,53.21075,-50.391846
79.61,85.11296,56.288,2.7372932
76.79,84.76462,53.24025,23.26942
77.86,82.97537,56.840999999999994,-19.850714
85.63,91.624344,368.50675,395.87662
99.7,103.393524,2548.35475,3565.1865
105.89,107.41264,7059.3414999999995,7064.4185
100.5,96.357086,13514.42,11586.373
86.09,84.07702,20202.45875,20083.047
69.69,69.54447,25465.13925,25973.75
51.24,54.035408,29696.88175,29829.996
36.46,36.68008,32535.4435,32022.512
28.85,24.74284,35190.492249999996,32446.35
24.61,27.487156,35585.01075,34808.918
36.03,32.38252,34712.623250000004,32791.434
52.27,49.028175,32159.84975,29472.74
82.73,72.51974,25778.6405,25118.477
100.34,105.67677,17125.50325,18091.227
120.14,132.83807,8373.64475,9098.574
165.6,146.8418,2588.7795,2501.2314
173.09,161.48322,293.5605,285.98477
134.64,156.57014,80.0175,22.05294
117.21,120.608665,53.9455,-11.648778
110.06,107.08101,53.27575,0.89181024
104.94,100.7358,51.977,0.89181024
100.5,102.00039,51.922,52.342873
98.23,100.12797,51.9595,52.342873
101.27,100.21852,56.37975,56.91403
106.38,108.76563,551.405,322.44794
124.13,121.94427,3448.1065,2960.3086
119.32,126.20791,9538.83975,8663.193
101.2,110.175285,19148.73875,17548.217
90.72,86.54474,29669.9665,26644.504
67.64,74.81926,38252.214,35993.812
21.24,53.165337,43288.5415,40800.668
7.52,14.219811,45025.47575,42322.46
1.68,1.8553832,44593.13825,41979.35
-0.16,3.3031554,43451.0605,40388.6
3.52,11.522617,41058.02925,38145.28
18.8,24.356247,36317.62625,35424.22
65.03,48.592323,28374.18825,28380.03
91.04,86.580765,18193.45725,21039.17
111.86,115.489044,8652.043,9657.059
143.12,135.21082,2719.156,2602.3862
156.69,148.71397,322.92025,307.84683
130.26,145.9583,81.81774999999999,-19.4438
108.41,118.79442,57.62825,-14.611729
102.33,104.50272,61.91475,-7.4025187
95.72,97.24741,56.13025,24.841879
93.87,96.61679,57.74175,67.365074
90.26,94.109695,53.78925,54.75509
89.56,91.1887,56.631,44.54483
82.82,93.44569,595.8195000000001,413.24924
79.44,88.13845,4029.359,3360.2437
55.2,79.56021,11299.98425,10375.77
31.99,43.351723,21022.73525,18383.441
9.14,19.365648,29494.76425,28554.691
2.06,-1.3737493,34779.154,35886.93
0.12,-8.103258,36842.50425,38341.77
-1.58,-8.889239,38611.31425,37584.723
-3.64,-12.173802,39037.148,39203.168
-3.76,-7.5983047,37134.08525,38136.42
-1.7,1.2633967,32703.286,34428.12
-0.73,16.59855,27480.47725,27524.367
2.66,26.46284,22728.28225,20959.014
51.58,40.065144,14986.20075,15885.31
89.06,79.09578,7146.19025,7927.6646
108.9,111.678535,2098.94525,2626.6853
120.09,116.99284,198.439,119.03907
115.48,117.64463,85.9515,-8.366632
105.4,105.62122,66.83175,-76.4408
94.16,97.995605,83.17775,-48.117462
90.41,90.12198,69.68599999999999,-14.045777
85.9,91.111176,60.41725,85.51836
83.18,87.20783,57.27675,46.5766
83.26,84.35203,57.174499999999995,54.429905
83.11,84.39791,374.98,402.08118
76.26,83.10502,2953.154,3440.944
75.1,66.09659,8335.44775,9092.258
68.33,56.940998,15751.6995,14865.289
40.01,49.08521,23776.887,23094.422
21.7,23.269796,29035.51,29802.123
14.47,7.183367,30643.03,32385.885
10.13,2.528306,29568.4895,32315.875
3.45,1.2137557,26955.68625,29852.945
6.12,-1.8798417,22930.41175,26338.281
30.33,13.404228,18991.18875,20410.16
52.24,44.723816,14834.26625,15888.2295
82.49,66.04938,9961.7725,11674.77
99.7,96.617035,5875.006,7453.8813
109.89,115.42184,2914.09325,4326.1396
122.81,116.113335,864.081,1912.2476
127.06,120.11521,106.73475,12.813315
119.0,123.67889,61.10075,-26.778038
106.75,111.74242,57.9825,-26.778038
108.43,101.853424,57.861999999999995,-27.10292
98.61,102.94783,53.8955,-27.10292
94.11,102.03218,52.7115,33.010925
92.29,96.75738,52.74875,55.324127
93.97,98.1431,54.7235,54.05936
102.73,105.01968,242.3205,312.6037
125.48,124.20759,1742.1075,3092.2273
132.5,134.4714,4686.05025,6428.779
131.68,123.50627,9416.73725,9493.332
112.64,111.83481,15518.243,15569.433
96.26,96.33888,21622.373,20682.055
92.08,82.576004,26555.32575,25044.33
71.71,82.22446,29385.888,27729.443
56.24,63.32323,29267.20125,29262.58
46.54,53.542168,27450.10425,27253.096
48.12,55.00047,24349.41475,23367.625
56.14,59.033474,20372.401,19094.941
73.33,77.40876,15854.13525,13838.21
88.85,94.50518,10266.21775,9771.4
98.56,117.34505,5155.6005,4800.82
107.09,129.8952,1662.8795,1309.5004
112.79,113.98397,183.518,65.09348
109.2,110.3557,80.814,-28.608727
96.65,107.299904,59.6605,-14.888834
99.26,95.216835,53.66375,-15.67626
91.33,98.21668,53.167,-28.608727
86.8,94.23958,53.4875,10.939265
85.27,90.0751,63.282,67.701996
86.14,89.02393,55.53575,67.701996
91.03,98.68613,292.83575,241.68689
106.94,113.14093,2265.1545,2407.2542
117.21,121.3905,6697.90975,6887.82
112.36,119.79265,13037.10625,11782.381
96.18,100.91075,19285.13125,19244.215
84.34,83.70378,24004.9105,25258.262
78.32,72.07721,26724.7485,27492.402
60.28,69.03524,28002.0195,27797.797
55.71,51.054874,28878.1515,27699.62
51.49,50.98299,29123.9285,27191.762
55.36,54.917046,28083.71775,25848.322
66.33,65.00063,25209.37625,23354.438
82.87,84.00716,19877.624,18675.195
89.02,103.46382,13366.7735,13239.838
109.76,121.622696,6730.05375,7249.91
126.64,131.2128,2088.31575,2038.3336
126.5,133.07156,214.1275,159.62022
117.4,125.08682,63.044,36.363113
101.62,113.147064,60.901,-5.8516617
97.68,96.404655,55.45925,-0.04805194
89.17,90.61634,52.25925,-0.04805194
86.77,91.66608,52.06925,51.40303
86.58,89.33237,53.42175,67.701996
87.65,90.06622,54.87075,67.701996
96.59,97.06671,299.37350000000004,290.17953
111.48,116.0114,2508.4705,2878.6587
115.42,122.7123,7315.922,6914.8193
111.84,107.50777,14291.028,13423.412
96.32,93.086334,21134.709,20966.137
83.43,80.23898,25191.13675,26588.28
77.35,69.04631,27131.22425,28743.973
65.66,62.444798,28444.31475,28643.766
49.16,51.722538,29161.989,27647.037
43.58,42.83996,29674.677,27799.326
52.39,48.299263,27945.095,26621.656
68.94,63.030357,24585.265,23295.3
83.49,88.05029,20059.774,18813.596
98.0,105.475845,13694.25,13765.236
117.34,124.983864,6961.94225,7557.0254
140.42,147.955,1751.4893333333332,2446.863
141.67,138.88152,263.78425,137.97922
121.86,133.55165,68.33500000000001,42.1276
106.45,111.9728,55.45925,1.2166911
101.19,101.657135,56.43875,0.89181024
95.75,95.28477,53.40075,-4.586918
91.15,97.289116,52.89025,33.010925
89.92,93.132645,52.76375,74.89566
91.13,94.076195,54.344,65.96719
100.26,102.64154,368.16725,202.19986
113.84,117.32403,3045.71775,2810.014
115.11,121.82138,9261.96575,8590.403
108.97,105.774605,18513.892,17402.113
92.7,92.15709,28192.4355,25869.693
81.55,76.58012,35220.5815,33333.35
67.59,66.77975,38496.35875,38707.55
48.1,53.870956,39719.90425,40008.83
42.27,37.18191,39023.6755,39129.85
43.22,38.568657,37263.2975,37350.445
56.2,49.602642,33995.08225,34475.547
74.74,66.54273,28893.40475,28114.256
87.06,91.67307,22366.5745,23041.732
101.6,106.95988,14630.41025,16108.756
116.49,125.31484,7276.717000000001,8229.015
136.72,138.2956,2238.99175,2253.6196
134.27,140.81355,245.52625,145.54468
120.21,127.037636,65.88025,23.336561
106.98,113.67186,59.97675,0.89181024
104.16,103.05749,54.30775,0.89181024
98.79,99.827126,54.158,0.89181024
94.31,102.23394,54.557,68.966736
92.02,96.95914,55.46025,68.966736
92.34,98.26931,57.7375,68.64185
99.31,106.07195,356.5895,255.83397
110.48,121.23291,2752.66975,2903.871
110.91,123.16285,7930.456249999999,7912.6094
105.12,104.56234,15474.50575,14168.921
92.67,89.60691,23054.8255,21780.752
81.54,77.311874,28107.21525,28673.89
71.13,66.205475,32669.934500000003,31801.572
59.26,56.256588,35836.68775,33898.324
39.35,45.34924,37064.35625,35868.87
29.61,32.311928,36028.314750000005,36690.72
38.14,38.404594,32563.96725,33311.94
61.98,53.809067,27768.3185,27363.104
80.77,81.25174,21399.1085,21639.809
88.89,99.732834,13777.405,14670.128
101.86,112.13338,6800.715749999999,7579.541
120.56,126.06698,2105.287,2183.942
120.48,122.99877,263.99850000000004,105.93865
113.13,116.492676,88.4125,-11.007455
102.1,105.962616,62.80325,-43.17241
107.0,97.52417,67.4045,-40.209457
100.14,102.23488,57.866,-31.763138
98.22,99.4087,54.5875,73.778946
94.89,97.81524,54.8235,33.576874
91.58,94.418465,55.46925,33.576874
90.26,93.9638,202.07175,267.37555
85.72,95.285385,2143.31,2789.3042
88.34,81.079666,6388.7545,6585.131
80.53,78.387085,12572.0485,10829.625
56.95,63.76176,19218.957,17833.734
21.18,42.253174,25138.252,23936.271
5.12,9.821748,28178.2985,28628.03
0.96,-2.100103,28961.59125,28879.537
0.44,-8.573198,27896.55,28875.22
0.23,-3.4477532,26340.70225,26974.447
1.31,7.5176797,23220.0325,23271.473
16.71,18.929573,19342.22675,19324.752
61.75,42.45629,14599.65875,15051.096
96.99,80.35999,9632.93675,9940.871
103.51,112.634995,4944.4645,6327.691
116.44,117.93048,1584.3852499999998,2136.5244
121.56,114.039925,172.6065,47.61702
118.71,116.8392,94.08425,-18.950432
110.24,110.783676,64.279,-26.228569
108.98,105.21852,66.65875,-26.228569
104.23,103.18489,58.59825,-17.457346
102.36,103.32946,54.42225,54.429905
101.2,99.963806,55.611,76.41823
100.0,99.73891,55.42875,74.77188
98.1,100.542564,201.83,116.01485
94.18,97.84987,2109.2995,2520.3801
87.56,87.87012,6586.9655,5833.6147
78.2,75.49972,12684.639,12190.888
51.46,61.40759,19412.62625,18675.986
13.18,31.969036,27008.839,25028.29
2.94,3.464192,32486.7985,30660.64
1.0,-4.604579,34994.44175,34351.95
0.6,-7.5784173,35799.81875,34226.477
0.67,-2.2020924,35391.6255,33782.695
1.04,7.9368525,33944.804749999996,32298.527
9.41,19.24834,30273.40675,28383.344
67.72,36.241978,24481.78875,22437.078
95.9,91.28968,15869.84325,15472.701
111.72,116.41669,7347.257,7855.4243
123.1,130.73679,2154.061,1931.2977
131.41,121.63154,206.27775,185.4235
127.25,122.69976,77.9185,32.575653
113.23,118.96147,58.99625,3.0485082
109.27,109.489685,64.11675,11.819718
102.64,103.43028,64.934,1.9346398
97.56,105.22625,53.86175,89.82006
95.95,101.00058,52.98625,54.18913
98.86,102.51147,53.89875,89.82006
107.14,112.275276,346.44775,98.42718
123.26,128.06036,3063.72675,2187.6516
126.54,134.16473,8744.61025,7227.4487
114.43,128.01614,16276.13675,15375.888
98.16,102.80773,23593.6225,24407.709
87.94,87.13258,27808.41975,28997.559
81.25,77.19403,28431.0195,31674.139
73.55,71.46196,28583.7815,29554.27
66.2,63.32323,29260.31325,28246.586
61.99,63.33651,28938.06,27583.65
62.27,66.46986,27496.9905,26230.318
76.0,70.75808,23480.3345,22454.13
88.02,93.205605,18012.5385,18215.006
102.92,106.525734,11807.8655,11389.824
121.6,122.2272,6138.427,6109.209
149.26,136.37817,1932.5455,2342.2495
158.36,134.6572,132.294,96.24087
129.96,144.98683,41.76125,-28.10746
114.58,118.56333,11.137,-41.644386
106.18,109.36264,8.2675,-16.264853
101.42,103.274086,7.39825,-14.611729
93.83,104.60004,5.7925,70.80139
88.62,97.95122,5.817,46.01065
89.23,97.60613,7.067,49.769688
95.06,102.42948,247.173,160.63495
111.28,114.95845,2418.68875,2556.2756
113.97,126.21263,7256.90775,6514.432
104.76,110.13955,14165.0915,12649.493
90.44,94.80138,20748.35925,20175.582
76.33,79.35654,25281.111,25905.047
66.02,65.684845,28484.98825,29025.492
58.02,57.56008,29877.411,30058.096
45.3,49.590252,28417.64375,30672.008
39.7,42.094486,27032.488,27613.777
47.03,47.50673,26576.63675,24441.951
66.55,59.11815,23938.27975,22053.676
84.48,86.41544,18998.7405,17865.299
98.29,100.226135,12409.434,12474.153
109.34,120.650276,6173.296249999999,6696.0874
127.69,130.41286,1794.31975,2089.5713
141.18,129.75879,116.18875,135.89064
122.94,131.96913,19.34325,-47.743553
112.38,108.9456,5.62025,-19.91386
100.76,101.99086,7.89225,15.348037
95.22,94.24282,5.20025,-12.887443
88.83,93.23583,5.4475,85.10592
85.52,89.71055,5.7115,85.10592
86.03,86.11546,7.174250000000001,85.10592
91.96,97.51216,274.38525,129.61102
106.65,112.5159,2465.077,2393.392
112.22,117.86729,6799.15925,7409.2207
111.55,105.78969,12368.3865,11253.557
101.34,96.50113,17628.42525,18439.145
91.9,81.821014,22887.48225,22300.572
87.18,76.18015,26086.2845,26846.44
80.73,71.91932,28120.81175,27938.436
76.27,66.1998,29335.004999999997,27666.496
65.91,67.34402,28919.5555,27572.336
68.39,67.783615,26704.8065,25266.684
79.72,77.50405,22856.8015,22596.047
89.83,96.72638,17462.2975,17437.62
97.24,109.54378,10996.34275,11522.6
109.84,120.03175,5464.78875,6624.553
121.71,130.3936,1680.244,2005.7026
127.94,122.35189,137.3595,65.09348
121.35,118.46851,36.835,-28.608727
109.88,109.3384,20.2145,-13.091863
103.27,100.07476,13.54575,-0.04805194
97.14,93.521065,7.33625,-28.608727
90.95,93.99584,5.9830000000000005,10.939265
88.19,89.678246,7.678,46.570198
88.7,89.89755,6.78225,54.05936
91.8,99.64133,163.38375,149.53806
106.18,110.7261,2110.752,2709.4963
110.53,116.40456,6689.5560000000005,6955.8755
107.15,105.02845,12811.5555,13550.173
94.63,92.63166,18680.67825,19720.07
86.2,79.007256,23477.47075,24778.129
75.13,71.79756,26595.43,27572.047
69.12,63.354397,27807.18125,28991.734
57.34,58.024162,28654.7275,28248.533
52.44,52.227905,28398.8255,27365.094
63.59,53.899803,26181.53825,25038.281
74.09,74.6028,22188.8985,21805.508
84.35,92.26978,17103.1805,16906.998
96.13,102.513504,11056.937,10882.117
110.02,116.28014,5376.00075,6170.8345
126.39,127.95606,1501.85075,1802.5054
137.27,123.91758,124.115,-27.720009
127.73,125.47164,19.714,-34.96354
114.1,113.35656,9.734,-20.122747
107.76,103.55876,9.2255,-34.96354
99.78,97.872665,5.1905,-28.541748
97.04,98.82417,5.76525,49.43264
96.66,95.11576,5.89625,65.53814
99.42,97.05894,6.31275,68.50574
108.06,110.34308,104.908,112.680176
118.86,124.53541,2003.2545,2506.856
119.53,124.98719,6898.46325,6397.789
111.04,111.665695,14619.573,12109.4
99.07,95.15131,22352.91325,20420.395
87.64,86.07635,28745.44325,27325.254
82.92,72.08099,32981.71575,31548.438
76.44,70.752014,35745.182,33136.656
69.0,64.22619,37191.71875,33390.1
67.08,61.87574,37298.829249999995,35002.957
71.39,69.225136,34337.484,33930.348
80.16,80.048706,29922.99975,28360.943
88.04,97.839386,24174.249,23208.018
104.66,106.174965,16134.12625,16153.597
125.14,124.12818,7660.481750000001,7903.975
159.59,144.90977,2112.786,2076.4219
155.18,151.56712,132.65875,124.76188
127.98,138.54639,22.995,-5.44306
114.53,113.25213,19.857,-14.611729
111.17,103.77222,16.741500000000002,1.766162
106.99,101.96928,10.2105,2.807735
103.9,103.00345,8.802,67.69025
102.85,99.41426,5.3085,67.69025
100.22,99.53857,6.28025,67.69025
97.8,104.76991,213.76225,114.206184
99.74,102.63681,2961.45475,2362.6965
90.34,101.8032,10185.34425,7762.9795
81.31,80.74729,21213.34125,18832.775
59.74,63.75315,32336.6495,29166.44
14.46,45.059353,40560.45175,38234.06
2.35,7.007436,45314.61875,42154.566
0.63,-2.4652727,46934.70625,42862.812
-0.29,-5.2654643,46000.001,41941.18
-0.27,-0.020619981,43115.018,40053.99
3.05,10.907466,37522.17125,38169.793
33.6,29.551176,29683.805,31457.299
78.67,61.4917,21151.45875,22395.416
98.78,105.74761,12623.906,13180.8125
115.12,129.06625,5677.794,5798.4927
117.34,145.68042,1594.82475,1962.3527
115.29,125.02503,91.8155,-193.02698
108.62,113.06631,15.29,-112.0826
100.3,101.109085,9.188,-74.71926
93.65,96.97355,15.3405,-33.200497
91.43,89.34402,5.4205000000000005,-52.419037
89.97,89.53932,5.7162500000000005,43.41538
95.48,90.1467,6.7017500000000005,65.82219
97.3,95.114685,6.7675,60.10108
96.7,99.56684,230.614,130.31311
93.6,98.93488,2754.90675,2810.3862
81.99,87.44774,9361.385,8804.791
77.98,64.521774,19519.034,16644.662
50.49,59.195908,28387.932,27678.773
11.62,32.34785,34647.627,34069.004
2.19,2.5269144,38530.276249999995,38215.13
0.9,-5.0067472,40336.84025,40789.504
0.59,-6.746966,39795.5515,38831.6
1.05,-1.7136924,37888.3435,37498.715
12.1,8.863242,32657.1215,34233.883
61.74,35.780556,26652.94775,27188.098
87.99,85.725914,19752.959,20359.04
103.68,115.82089,11395.9015,12930.491
116.9,134.479,4824.44625,5715.9326
121.64,139.1921,1307.3835,1479.4504
123.6,116.870514,79.72225,-13.829583
119.15,115.02104,11.43975,-33.437782
108.46,106.40406,6.81175,-48.117462
94.9,100.6792,6.74275,-42.606453
88.94,88.03587,9.98625,-42.606453
90.63,90.330086,8.76675,17.50739
90.81,91.76666,5.588,12.936244
91.22,94.704865,6.3447499999999994,12.936244
99.6,107.25681,77.36325,103.32949
114.43,123.97034,1086.4965,2559.8914
127.67,127.32575,3374.41575,6159.4277
119.66,125.79126,6252.99425,8144.279
106.32,104.59504,8853.8865,12395.563
100.99,94.52813,11361.809,14035.714
95.94,89.14959,13131.4575,15511.52
87.78,85.365395,14951.24175,14268.497
85.12,79.45599,17394.44625,15053.074
86.8,78.910034,19291.916,16630.566
87.59,89.07131,19347.0395,17119.61
90.49,92.60576,17144.406,15740.168
99.03,107.14231,15112.199,12735.126
104.41,118.20692,10434.65075,10036.753
115.84,127.74075,5128.55725,5551.098
125.53,134.25502,1363.3525,1501.794
120.45,126.98207,111.34625,-31.522995
109.28,113.24695,17.40925,-27.343987
98.97,104.852394,8.14525,5.462959
94.04,94.8589,8.01225,-23.097708
88.95,88.25184,7.5365,0.89181024
87.74,89.83058,5.64475,37.387146
85.05,87.96679,6.082750000000001,59.234184
83.58,86.3201,7.67775,17.155952
90.41,95.30513,88.83824999999999,70.27494
105.14,110.70098,1699.60675,1251.0415
108.37,117.72262,5730.2405,3775.204
101.45,110.39595,11209.557,9442.095
91.61,94.780876,15505.46975,16416.473
79.59,83.12135,20614.338,20761.84
68.42,71.52846,26125.566,24314.479
42.38,62.152878,29667.9575,27232.465
11.2,37.178288,30650.5695,29648.287
4.98,14.133279,30105.3365,28560.398
9.14,21.148798,27984.87325,26642.34
35.72,27.980505,23245.0665,23113.248
75.66,58.280567,17670.406,16792.502
89.28,96.064995,11250.3215,10898.393
106.05,111.62138,5107.661,6205.091
116.33,123.296036,1251.392,1695.8076
115.36,111.00182,64.4255,41.882484
108.79,104.449265,28.17375,-33.166576
101.3,98.55632,7.52725,-25.926376
88.8,92.337326,12.54875,-27.754326
81.88,82.926025,8.99925,-12.913526
79.25,79.9056,5.618,10.688781
77.17,79.10336,5.83725,28.49712
78.21,78.381676,6.55725,-17.781174
81.82,89.27065,70.38024999999999,32.55366
93.96,98.761024,1642.975,1703.5924
101.7,104.63167,6076.66225,5469.8467
96.06,97.717094,13181.1555,11243.45
82.97,83.88847,21285.16125,18121.574
64.03,68.96408,27370.593999999997,26092.918
49.31,49.078236,30654.6,30961.541
29.61,35.752586,31630.608,31962.992
20.86,19.713423,31776.2415,30806.549
22.91,16.311954,31242.75825,29691.342
39.25,26.797104,29562.51625,27896.377
65.48,52.42296,25280.22425,24700.703
77.32,84.95512,19255.01725,19713.037
90.34,97.19308,12029.6605,12373.219
108.14,113.16995,5646.8335,6123.4414
117.73,127.97425,1413.416,1673.3064
119.47,117.68237,88.09750000000001,-20.974102
113.15,114.22352,12.33225,-43.17241
104.58,102.60467,12.88475,-47.41868
98.83,95.47962,7.53275,-40.53434
95.91,92.45088,6.83075,-27.191986
91.48,94.131516,5.33475,28.123905
90.54,91.30383,7.577,21.727097
93.29,92.49219,5.66,28.123905
100.82,102.60873,116.3845,53.147545
112.81,117.700096,1544.53025,1756.2542
119.22,118.886894,4939.86975,5531.753
110.24,109.98611,9889.385,11002.45
96.79,93.71212,15992.5055,18168.842
89.82,79.43625,21634.45525,22213.637
85.89,74.81992,25086.01175,25991.754
84.58,71.59922,27378.338750000003,27958.494
83.29,69.93705,28015.847,27992.201
83.53,74.89945,27293.813,27008.74
85.9,83.27394,24404.13725,24360.48
91.15,92.83348,21347.2265,19081.24
98.41,107.73705,16857.8615,15918.485
107.82,117.88874,10787.78675,10381.688
124.4,128.27171,5304.954,5595.182
150.71,139.69394,1373.87125,1696.0605
140.68,137.14299,82.39825,-30.258251
119.85,125.21636,19.9875,-43.17241
109.22,106.14042,8.34,-43.17241
107.91,100.747215,8.599,-35.96319
101.59,99.30206,10.40625,-35.96319
96.68,100.30081,8.15675,24.02964
93.85,96.21017,6.11325,19.187714
95.6,96.04054,6.0755,19.187714
98.55,109.645874,69.14325,108.998314
109.73,121.09073,1495.3265,1877.67
114.48,120.69896,5568.81075,5873.603
109.63,110.44772,11776.349,12528.82
97.99,95.28283,19015.17825,18355.26
92.65,85.08826,24466.545749999997,25168.23
84.65,79.34395,26639.34175,27917.094
82.3,70.83874,27538.225,28030.152
76.76,69.23372,29524.6825,28425.885
74.69,70.64962,29533.431,28296.871
76.32,78.54217,27072.41075,26564.873
81.24,92.055374,23134.469,22315.682
85.96,102.84526,16215.37225,16478.82
95.03,107.51129,9722.5535,10885.32
105.45,118.83776,4544.78075,5595.408
116.85,129.99344,1173.053,1570.5054
123.04,120.542274,68.43225,-3.580128
113.67,114.55755,21.88025,-56.62899
108.15,106.37705,8.6415,-35.75097
105.24,100.221405,12.37825,-43.17241
100.31,97.88094,9.34625,-29.452522
97.55,99.787895,7.69325,18.203308
96.95,93.394775,5.96525,28.846378
96.97,94.148026,6.3685,8.615178
95.88,99.252,51.1565,35.45423
96.15,103.09965,1440.508,1734.1173
94.93,93.737434,5233.59725,5065.5156
89.98,84.83097,10664.67175,11145.118
86.55,74.02382,16234.049,17203.24
76.97,68.25667,21263.448,22668.926
69.82,59.775063,24885.26425,25772.14
62.45,55.27305,27599.55575,27128.12
49.23,47.838394,29028.233,27475.719
47.84,42.008755,29146.091,27822.605
62.83,52.012913,26724.7475,26206.008
74.31,72.09997,22300.04625,22197.451
86.5,92.13173,16471.55825,16430.277
98.66,105.331154,9797.83075,10229.444
108.98,123.82721,4400.5185,4924.6445
122.5,125.19094,1108.7955,1198.9784
121.76,119.63311,60.07675,51.92492
113.22,110.956696,19.434,-29.803349
105.74,104.61825,7.25225,-27.0896
103.19,97.10023,21.11325,-6.8365664
99.14,96.4073,5.38225,-11.109168
95.46,96.6564,5.88425,66.196945
93.0,94.588806,5.958,62.563667
92.74,92.47279,15.61775,28.689861
91.54,95.14022,71.65875,88.73496
89.49,95.29983,1259.2244999999998,1649.3091
86.64,86.7888,4584.3535,4469.4697
82.74,77.092,9765.625,10348.664
77.27,67.82033,16536.4045,15542.812
68.8,60.0848,23035.70275,21416.652
65.26,52.804718,27423.28725,25841.38
48.34,48.47124,29698.23025,28682.936
18.42,34.51561,29270.28775,29045.61
14.64,13.827228,27091.498,27245.658
25.64,21.70705,24457.31475,24036.654
50.72,40.27285,20746.87575,20111.785
77.39,72.56137,15427.5485,14985.74
94.32,93.93156,9503.30025,9598.13
103.56,116.13842,3991.86575,4478.647
107.58,118.48984,926.9885,883.20264
111.98,109.46985,44.69775,-23.747812
106.0,104.49144,21.00875,-28.042778
98.89,96.31774,6.6507499999999995,0.51789737
96.24,92.473656,5.24875,-5.2857084
89.85,90.467285,8.429,-28.042778
84.67,90.03343,5.30725,23.554253
82.65,84.07594,5.72425,16.216091
82.16,85.43185,5.7067499999999995,16.216091
89.15,93.40461,36.531,32.07107
107.24,111.47098,1075.523,798.9938
118.81,123.03536,4134.68575,4455.821
111.58,119.00169,8870.99575,9570.795
102.53,99.43771,14669.41375,14701.963
92.06,89.2166,20247.86175,20846.791
83.59,81.46843,24198.4435,24029.363
74.46,75.06433,25619.53375,25287.941
67.69,65.33815,26505.03125,25851.002
56.77,67.02741,26467.2295,25311.293
58.83,60.522934,24969.46925,23441.742
65.0,68.21342,22439.9555,20448.75
80.35,82.854,17500.311999999998,16196.959
91.28,97.657845,11181.13825,10284.151
100.15,112.5855,5027.95925,5514.502
111.27,119.12699,1182.457,1031.3099
110.16,112.78517,51.53725,-24.313772
101.23,102.9055,11.547,-9.945935
90.37,95.38431,7.405,1.2166911
85.26,83.64295,5.9185,-0.04805194
82.3,78.108734,5.7482500000000005,-0.04805194
80.1,80.507195,5.59025,-4.9157095
79.19,80.800644,6.27725,15.315517
80.43,80.85477,11.72175,-4.9157095
87.18,90.108986,76.26725,46.570198
98.18,106.72075,1534.35425,1330.3309
105.02,110.17387,5987.036,5309.5674
97.56,102.45048,12699.401,12001.817
85.35,87.85446,20144.60125,18853.15
70.25,71.757645,27334.09675,26161.574
55.94,58.255726,32149.17675,30737.275
31.75,47.1517,34394.3565,32721.084
8.31,26.488623,34707.491,33987.598
5.15,11.236074,34481.02425,32342.168
13.61,18.566153,32096.48825,30938.902
46.43,32.24029,26980.003,26787.697
78.57,68.45146,19199.23925,20997.184
94.79,96.21957,11825.945,12268.202
104.1,113.531624,4884.05725,6159.525
124.72,120.14184,1057.232,1296.3564
124.04,120.77385,79.54675,24.24485
111.97,111.372314,30.03325,-5.8516617
100.06,100.94619,6.67425,-27.668869
93.96,92.60406,6.49275,-23.097708
89.94,85.287834,5.68725,-23.097708
86.77,89.38182,6.28925,48.35511
84.16,85.4568,6.358499999999999,48.35511
84.79,83.37277,7.80125,38.33415
92.5,93.07656,71.4795,63.03263
99.19,109.07782,1433.16375,1564.7306
99.84,109.13412,5663.077499999999,4893.6
94.44,97.074936,12149.0005,11897.039
80.06,79.52641,18186.44175,18309.918
67.6,66.12913,22866.688,24931.465
52.49,53.38625,25751.2685,27276.861
35.67,38.96499,28182.82225,27963.797
24.62,23.492521,28237.542,28515.69
16.85,19.294092,27308.6495,26913.148
31.24,25.173847,25698.97625,24798.896
51.78,47.17227,22170.4935,21322.281
76.79,70.95967,16889.542999999998,16899.752
93.01,95.86745,10629.033,11283.214
101.28,113.963486,4678.74,5386.2314
111.54,119.26418,1003.6675,1458.0446
109.38,111.281876,60.747,49.1744
104.2,102.444046,34.3175,-5.2374926
92.96,97.24386,6.4135,-13.212619
89.96,86.93363,5.71025,-27.668869
81.71,84.96329,6.4502500000000005,-15.67626
79.84,80.41997,5.59,60.791527
78.44,80.14132,5.2855,28.123905
79.86,80.9057,5.43625,45.625893
85.06,92.071304,36.91925,75.13587
94.59,102.596016,1261.3557500000002,1528.7548
100.04,106.97229,5031.47425,5152.664
98.12,97.34353,11209.89,9390.747
89.86,85.83297,17756.25675,16235.264
75.38,76.46476,22477.22975,21630.852
70.57,61.299168,24333.54925,25883.996
59.76,55.647915,24649.2115,24847.174
42.85,48.177925,24982.6515,23957.7
33.84,37.70243,24888.37575,23360.46
50.97,39.456833,22963.5535,21231.22
67.88,61.539574,19696.507,19047.87
84.09,87.95785,15233.5155,15107.732
96.96,103.30693,9198.21875,9859.989
106.94,119.4063,4113.388,5119.4497
126.5,123.795906,841.13425,1058.5641
122.19,123.38673,71.587,-16.843283
113.08,114.0593,19.06025,-31.438255
102.42,102.03022,5.7285,-27.191986
103.21,94.80739,10.700229,-27.191986
96.6,94.54947,12.499946,-27.343987
92.48,95.171715,6.426270000000001,31.545841
88.9,92.418594,6.553638,31.545841
92.07,91.1339,5.879347,30.60598
98.21,102.79338,36.094072,69.71402
109.52,116.72118,1101.700271,1263.6982
111.53,118.99775,4401.028732,5418.267
107.06,106.4804,9205.092818,10232.68
102.35,92.20472,15227.027301,14991.003
95.7,84.42331,21696.571985,21198.434
84.45,79.75902,26959.724938,25606.852
74.58,69.45973,29888.615857,28580.523
60.84,60.60138,30348.800059,29532.324
52.67,52.636555,30740.298962,28107.012
54.45,55.26357,29765.103199,27288.57
69.42,66.24471,26315.437914,25106.414
84.66,87.603714,19974.666977,19833.531
96.88,101.10713,12103.825672,11482.76
107.5,117.207535,5145.99183,5541.4263
119.86,127.53849,1120.29009,934.70544
119.07,118.05287,84.96895599999999,37.716965
110.46,107.694275,28.327592,-10.165242
103.96,99.24277,15.622189,-5.8516617
104.15,96.04212,13.63454,-0.04805194
98.26,96.76848,16.489822,0.89181024
96.16,95.348175,8.303111000000001,54.257797
92.1,93.71505,8.285223,60.58174
92.27,91.469284,14.234146,32.111797
92.16,95.83861,53.109497000000005,58.934723
90.85,99.94956,1211.249108,1382.1202
86.56,90.14669,4764.318864,5209.829
82.48,80.00151,10013.50426,10548.023
74.44,69.932816,16108.516308,17712.82
47.52,57.100803,21688.091202,22316.443
22.4,34.43297,25895.796819000003,26108.873
9.06,11.614274,28357.584142,27765.406
1.81,-0.31140777,29699.904361,27843.367
1.16,-0.3815662,29675.1467,28299.434
1.87,8.369222,27759.022409,26696.414
16.49,22.53679,23875.84104,24175.57
60.5,44.5448,17693.737049,18711.81
87.84,83.81003,10881.652478,10812.608
99.2,108.378365,4491.841517,5328.278
108.07,118.05335,856.062962,977.42676
109.34,109.98348,84.941693,30.614405
103.44,103.66684,29.511650000000003,-26.778038
95.66,96.858696,7.624737,-26.778038
87.5,88.20494,13.564124,0.51789737
79.84,83.963684,11.313697,-28.042778
74.57,77.74122,6.5379830000000005,74.48263
71.73,72.680626,6.511692,74.48263
69.38,70.52385,13.081359,74.48263
64.72,72.44299,32.215638,92.0947
56.75,70.68423,926.616478,953.20996
45.68,54.04492,4061.859527,4922.15
32.88,40.011147,8604.427008,8181.5337
24.65,21.12927,13904.91402,14536.395
15.23,9.875729,19413.95797,18374.596
8.25,3.1197517,23529.814466,22615.197
1.52,-1.4009597,25201.459039,25410.352
-3.58,-8.422911,25185.727338999997,25140.025
-3.89,-6.904647,23825.484108999997,23164.027
-0.89,0.7640262,22352.273094,20415.287
3.95,15.213189,18872.05615,18991.58
24.29,33.24059,14507.879291,14171.112
73.06,51.609394,9324.363728,9124.373
88.99,94.39862,4053.999398,4239.609
98.73,103.67953,727.171439,826.3295
97.41,100.68182,30.841428,-10.882331
97.1,94.55437,7.554927,-27.10292
87.76,90.313965,6.583807,6.028909
83.92,83.842445,6.904253000000001,1.4577609
75.53,78.94877,5.508288,-27.10292
74.48,76.44557,5.812231000000001,36.116985
74.29,74.72668,6.091533,30.60598
78.37,75.93099,12.822528,31.545841
84.61,88.11569,17.813342,37.252823
98.26,101.24229,755.358209,664.93774
110.26,111.72221,3236.606956,3370.665
111.37,109.89717,7162.658372,7561.8833
99.39,97.87349,12454.991952,12931.5205
86.02,86.9273,18386.939251,19053.635
70.62,74.86611,24074.398777,22662.688
39.85,61.27085,27741.88211,26561.047
19.52,35.572132,29957.956533999997,28008.219
14.93,23.684793,30340.801206,28422.982
17.3,27.756018,29045.889894,27364.791
40.04,36.64523,24699.341327,23955.668
71.32,64.32136,18132.688372,17691.979
87.0,90.09526,10355.462293,10991.564
94.26,106.43023,3972.663082,4731.693
98.98,107.726135,632.84927,693.4817
90.75,98.15345,31.56844,-2.5106916
77.06,86.39238,7.857861,-34.96354
59.29,72.93632,8.310467,-35.75097
28.55,54.83753,7.362451,-25.926376
22.66,33.608997,6.900764,-48.68342
24.08,25.108784,6.8745259999999995,34.62038
32.33,26.467869,6.182284,11.471161
51.7,37.990456,14.74892,31.702358
73.24,60.36352,26.820177,32.150776
89.63,91.74428,930.237592,986.11646
90.79,106.19139,4574.02286,3857.8232
77.98,94.742645,10495.983889,7531.3477
16.51,75.42555,17193.264559,15371.541
3.71,14.405982,21471.175313,20703.979
-0.96,3.4095256,24444.806014,24066.633
-3.72,-3.6455762,26300.008933,25451.037
-8.95,-4.774161,27592.307283,25477.773
-10.76,-11.157376,27804.926881,26799.047
-6.65,-2.30575,27541.92052,25534.078
-3.97,11.089445,24780.56829,22743.527
0.09,21.957796,19339.706642,18433.684
11.43,30.94528,12615.414619,12504.614
75.42,46.513573,5149.16653,5586.911
90.1,94.87359,924.34029,900.18646
99.26,90.50858,46.715826,17.18298
86.18,92.101364,18.113614,-0.04805194
78.78,78.548805,11.006195,1.2166911
71.94,71.91396,13.110853,0.89181024
59.92,65.545944,11.385662,1.2166911
58.23,58.918056,11.330358,59.765656
59.84,55.762238,12.610278,48.180847
59.83,61.137897,8.944037999999999,53.691856
77.85,70.781975,39.636458000000005,103.168365
95.67,96.53724,1775.02774,1266.254
96.79,103.28442,8191.22257,5839.4165
79.13,91.39509,18918.419201999997,14695.993
23.81,63.6747,30331.686050999997,26226.773
1.89,11.004789,35747.490435,35340.82
-1.56,-4.99647,38041.555737999995,38467.234
-6.82,-8.919331,39492.711829,38933.113
-9.0,-11.59523,39151.005146,38582.316
-5.05,-13.362049,37252.764835,37137.535
-1.3,4.2671695,34769.147847,34050.652
4.5,16.135355,30018.894479,28726.994
53.3,32.336647,23712.835409,22901.543
95.1,73.31463,14058.027194,15678.011
115.06,110.87265,5483.807074,6655.076
158.84,127.21524,922.467099,1214.8588
157.04,140.9067,56.901048,-26.011978
113.53,133.79274,29.99079,2.807735
104.78,101.96395,11.628408,15.673215
100.71,93.97575,9.987639,-23.097708
97.07,89.20632,7.516809,-13.212619
92.89,91.35877,7.233945,72.95525
90.87,87.8358,6.40233,42.513794
90.93,89.88987,14.332271,81.194
97.58,101.23125,34.767617,71.34798
108.34,111.345375,1460.438314,1506.831
107.07,114.200836,6977.095316,7124.9106
96.29,96.78753,16465.101068,14979.005
76.26,78.82891,27465.616012,23933.564
27.9,60.275978,36699.717142,34112.914
2.98,16.118347,43095.938466,39611.24
-0.58,-0.53750795,45351.858344,41872.004
-1.54,-8.048513,44780.45549,41772.473
-0.63,-2.143596,43622.588803,40382.32
0.1,8.245231,39723.572896,38054.24
5.4,20.19732,34158.376941,32900.605
66.75,38.18649,23894.222642,26463.506
95.89,88.046074,13069.670297,15862.001
115.05,119.6798,4856.848992,5126.747
145.45,135.89787,718.961269,1072.161
132.55,140.66203,69.968059,13.646646
110.25,118.06515,18.958178,-35.267517
101.28,100.133804,10.798708,-40.25438
93.41,94.40652,10.089949,-43.17241
89.94,87.80739,9.463081,-20.415337
86.05,90.2413,10.174984,59.946198
83.99,86.116615,8.785254,29.648342
83.26,85.388466,16.594358,44.545563
90.77,93.92472,29.789956,48.22078
101.47,112.2089,1204.248818,1325.6554
104.52,111.745674,6707.839922,6300.4043
103.28,97.16086,16005.666786,13900.538
86.24,88.43797,26087.148481,23494.07
63.42,70.60463,34264.490173,32894.5
14.2,50.33744,38662.281014,37393.5
3.96,8.30821,40385.993933,41155.645
-0.52,0.9177515,40052.970169,39127.574
-0.98,0.99947417,38824.359052,37745.066
0.81,8.536795,35671.585428,35573.355
17.92,23.237907,30335.82793,29561.98
72.53,50.56233,22357.035188,23366.748
102.48,91.67419,13038.305555,15003.209
114.52,124.902596,4945.323341,5778.4917
149.72,133.11023,781.806731,747.7544
152.14,137.67995,78.422064,-58.58158
118.85,126.31194,19.252991,-48.199966
107.28,107.69992,19.0661,-43.17241
105.71,99.83885,18.928297,-43.17241
102.36,96.174,12.349577,-43.17241
100.85,97.42171,8.253782,61.36009
98.76,96.415535,8.409438999999999,43.236267
97.71,96.07609,16.232271,30.21429
98.22,96.05869,39.342422,46.06926
98.28,102.55868,1401.842783,955.7184
92.82,93.78134,7086.998701,5617.3613
74.72,81.86786,16391.536301,13334.798
24.72,56.659046,25618.467295,23446.12
0.39,8.7891655,33644.082466,31813.385
-2.0,-10.116306,39151.85922,36708.15
-8.3,-12.849736,41548.388526,40422.152
-17.52,-20.682898,42927.417385,41664.73
-17.78,-20.497633,41689.154803,40174.402
-8.2,-10.496641,38507.977679,38141.242
0.11,7.1107216,33142.079907,32724.691
12.15,32.11588,25585.941376,25836.676
85.86,50.87079,14643.977246,16881.377
102.68,111.40546,5196.181696,6293.0864
123.1,129.78198,744.257834,836.9356
119.02,121.78458,66.631193,-42.67708
107.92,107.83829,26.489672,-72.77355
97.04,98.446724,14.453622,-47.88018
91.0,88.34677,14.646638,-47.88018
86.52,84.422554,9.536253,-27.50241
84.2,82.31955,12.974366,23.839296
79.63,79.90272,9.109837,35.88134
80.71,77.81801,17.638707,48.746803
83.96,81.32633,26.450876,66.978455
79.42,87.08608,1330.46201,1185.2755
67.36,74.80438,7495.30558,6084.9404
23.6,54.37634,18348.269559,14525.748
0.99,7.1409335,28913.140481,26673.53
-4.16,-11.580583,36368.296636,35926.336
-21.49,-17.34939,41199.974525,40082.164
-47.28,-28.123205,43260.671735,42368.477
-71.26,-57.361126,42850.802218,42043.555
-62.73,-52.23907,41492.588736,40462.836
-31.24,-40.80704,38368.179974,38477.27
-5.09,-26.507704,33747.282517,31834.066
2.81,18.667702,26645.817325,26059.582
81.32,34.598152,15444.601818,18699.865
106.98,101.740845,5321.876796,7178.584
119.62,124.07154,703.805652,1055.9655
121.82,115.10406,40.068482,18.968758
110.72,110.76525,12.446435,-14.045777
101.66,101.84578,9.61867,-6.8365664
95.52,93.15239,9.306618,1.9346398
90.54,87.90519,9.835879,8.924901
87.85,88.908066,9.656489,53.691856
86.6,85.990425,6.8357969999999995,56.587837
91.47,87.579124,12.924775,56.587837
100.71,100.92719,29.16689,53.691856
122.11,118.20412,1332.999461,1164.8047
127.99,127.23817,7624.139314,6627.721
105.39,119.35102,19004.971544,16302.593
89.0,91.466324,30878.633401,28274.674
49.34,79.34804,40385.889184,38177.89
10.38,41.85459,46233.044127,43263.867
4.15,11.484209,49903.264002,44579.496
1.64,9.192881,50522.463073,43863.168
1.4,9.548793,49193.803647,41960.848
9.55,15.4271965,44410.925138,39593.0
51.23,30.932924,37079.900822,36088.25
87.74,71.70744,27136.028794,29941.797
108.2,110.55444,15067.277028,18575.09
146.12,130.91467,4957.172477,6609.3257
191.88,151.20322,594.486422,823.5561
148.91,171.18748,41.820436,-14.491716
113.53,122.947914,16.989793,-24.21047
99.9,101.608955,9.890599,-19.18288
94.96,92.20243,8.549108,-14.611729
91.56,86.15785,7.337068,-14.611729
88.32,90.77972,6.267803000000001,49.597565
88.17,88.29343,6.417353,53.691856
89.06,90.015724,10.894614,53.691856
98.29,98.09315,28.801338,69.28392
115.06,121.16628,1216.215892,1238.7733
113.59,126.01903,7210.947149,6998.098
101.74,104.53562,17857.085811,16037.039
90.65,88.0731,28206.180591,26364.78
73.94,76.51838,35361.553604,35514.45
36.83,60.234207,40728.934502,40287.383
11.98,28.41457,44051.929668,44501.406
8.47,11.583354,44567.85783,43699.637
8.9,11.991594,43667.687743,41798.62
30.27,20.79747,39355.980059,39903.258
71.97,49.20739,32418.482099,33816.01
96.14,91.73639,23173.881068,25325.926
108.89,119.62869,13027.254449,15205.581
143.66,140.066,4435.03056,5224.407
162.88,169.10597,549.251194,639.5739
140.48,147.50923,28.896747,-44.284874
111.42,119.571976,14.347648,-80.1283
98.22,99.152855,10.65626,-40.017082
98.26,88.89411,10.803902,-40.017082
91.82,89.19915,13.623207,-9.429046
88.99,90.51178,9.999512,43.82742
86.27,88.22473,8.245218000000001,33.61717
87.49,86.559425,6.453274,51.036633
96.04,95.80189,14.863496,77.094734
108.31,117.695366,1097.717172,1541.8656
108.97,115.197784,6598.330147,6856.935
106.07,97.98465,16863.576961,14939.333
94.9,89.70496,27881.327664,25921.28
82.78,77.969765,36331.029719,35347.56
57.29,70.06659,42382.098561,40518.918
32.12,47.440994,46212.497511,43267.535
21.34,24.499012,47038.51489,42470.156
31.57,21.134203,45225.614754,40615.082
58.78,38.77729,40770.266298999995,38449.117
84.76,74.03356,33455.387289,35359.99
99.13,105.3659,23535.292387,25767.814
117.48,127.02295,12726.629734,15236.057
183.06,152.49843,4073.423449,5378.952
209.49,194.67136,445.083605,475.6102
151.63,185.61086,24.16046,-236.59456
125.12,125.0382,12.980136,-152.58385
107.3,111.395645,8.395864,-90.33857
98.52,98.610794,9.900517,-76.51812
93.6,91.95001,8.376108,-83.58602
90.75,92.28907,7.169092,11.482463
89.32,90.09567,6.948259,11.482463
89.5,91.519455,10.762569,24.852095
96.71,97.93359,20.352003,30.55908
112.09,117.342255,1076.784256,1158.5898
112.6,121.21782,6431.132027,5388.9395
99.78,102.78397,16114.379104,14415.479
90.76,85.80769,26569.573046,24511.012
82.86,79.29688,34870.509606,33499.5
69.5,70.67393,40512.736947,38854.926
56.39,58.520264,43847.575824,41543.008
45.01,47.146267,44418.962041,42443.8
56.96,40.640026,42304.311273,40490.555
75.17,62.173668,37730.016178,38663.406
86.36,89.70635,30555.386188,31821.807
101.67,109.09827,21885.020938,23005.824
119.6,129.953,11828.627753,13226.893
229.19,158.21367,3966.302075,4357.223
283.15,236.75342,486.921924,291.85913
162.53,243.70145,45.209887,-266.44495
124.0,137.09787,15.735461,-258.9837
108.14,109.685684,7.345733,-122.22268
101.87,97.69239,7.784704,-94.909706
96.6,92.17904,8.403763,-81.08926
91.74,94.1706,9.934606,12.450288
90.04,91.0254,5.837873,12.450288
93.19,91.33204,7.117275,28.749247
97.41,101.44947,16.082501,73.5446
104.39,115.3331,916.696635,777.59106
103.62,114.82897,5800.091053,6084.7915
95.66,96.20952,15097.847148,12753.825
80.2,83.304924,26028.938467,22227.496
46.92,66.89134,35761.640761,31870.43
5.5,38.47173,42898.445263,39383.984
1.76,2.4477515,46042.11298,43038.383
1.0,-0.5629832,45938.637077,42029.98
1.19,2.282868,42570.025012,40601.832
5.86,13.693148,36875.512486,38365.484
34.19,29.509787,29172.951637,30129.338
79.05,62.438114,19987.050589,21858.197
100.7,106.669556,10764.581503,12245.0625
111.44,144.99356,3710.503824,4020.11
123.27,141.238,467.757557,584.88684
114.15,124.14292,41.63328,-53.585938
105.29,106.90388,15.346629,-47.18138
97.24,97.988884,11.576287,-48.44613
95.51,91.567764,20.594375,-26.803612
90.29,89.84662,9.631236,-26.803612
88.76,88.1034,6.520298,28.67213
84.57,87.323204,7.700633,40.256927
83.88,82.15235,6.022795,11.097246
86.55,83.63827,11.885177,47.548935
88.36,92.021675,556.079445,1224.9978
86.61,89.62364,3440.65114,5297.6655
83.76,72.93237,8553.277318,9909.228
66.35,64.63169,14395.161791,13744.307
24.05,46.626118,20556.67301,20340.531
6.78,8.398518,26009.500075,25280.855
1.35,-3.1523829,30824.532955,27839.73
0.02,-8.280977,33630.499429999996,31276.334
-0.0,-3.3583944,34816.322766,32228.414
-0.9,7.8099,33011.313015,31897.28
0.71,16.064922,27755.62905,28206.715
20.73,30.054111,19745.749461,22113.277
69.9,51.832684,10660.496311,13164.988
96.81,92.28694,3471.753512,5200.6665
101.88,108.79955,372.548486,731.48975
100.48,101.39586,58.506922,10.539718
96.05,95.29738,30.589913,-3.5763762
90.28,90.06673,14.248918,0.51789737
89.72,84.03569,14.980432,0.51789737
85.3,83.786644,9.630495,0.51789737
85.7,79.41622,7.754336,38.190357
85.33,80.43569,8.965465,48.746803
85.34,80.41995,10.995203,50.01152
87.19,81.50473,17.938517,77.94641
86.57,91.06674,680.92626,689.2349
79.13,82.4701,4767.386275999999,4071.1812
73.48,69.670334,12313.59171,10869.339
30.03,56.678123,21272.949222,18730.488
5.36,14.956781,28747.934625,27036.357
-0.4,-4.9695597,34084.999485,32083.28
-1.1,-9.117772,36020.358995999995,34923.902
-5.65,-11.682243,37458.767015,35409.516
-4.71,-9.859009,37110.447581,35531.25
0.24,0.38480976,36078.161,33927.77
10.68,18.26966,30611.094836,30653.799
70.47,35.002647,22505.675928,24138.287
99.69,87.58003,12245.587807,15493.864
114.3,121.30593,3760.331759,5651.6953
115.26,120.1557,334.398868,631.615
113.72,111.231705,38.532862,37.868927
106.89,106.90442,18.462253,-11.261167
102.04,98.777016,10.506875,1.4577609
93.98,95.037384,9.843894,-4.345848
89.41,86.8912,7.908913,-22.531755
86.21,89.35918,7.706580000000001,76.38761
86.12,86.269196,7.488904,71.67348
89.15,88.0781,13.970827,76.38761
101.03,99.16132,15.718109,82.0946
123.41,125.63484,856.714422,764.84216
129.71,135.84593,6557.578064,4269.6187
109.88,122.572,17655.240147,13670.275
90.07,96.53835,30183.719406,25823.803
71.86,78.62406,40217.07106,37291.37
54.96,61.238605,46602.642725,42654.215
25.51,46.951725,49855.685891,43725.93
17.74,20.052628,50054.019400000005,43287.688
19.82,21.49803,48153.125548,41610.082
50.95,32.463192,43383.740055,39873.715
69.92,60.7813,35814.131771,36229.227
91.87,88.22658,25447.552664,27753.066
111.11,114.62891,13571.944814,17877.1
183.35,136.11287,3870.878102,6021.8086
218.04,181.54985,329.025197,583.79254
140.5,193.01797,53.140825,12.20073
113.12,122.86975,15.716974,-19.18288
103.6,103.00545,6.742176,-11.97366
100.22,96.32332,6.779786,-3.2024598
94.73,94.16341,7.256133,0.89181024
90.42,93.22933,6.693246,49.12069
88.08,90.87307,6.305,53.691856
91.54,89.77565,13.746555,53.691856
101.5,100.91538,19.767272,59.39884
115.52,125.222084,777.881213,894.7251
115.16,126.893906,6461.756228,5799.836
100.95,107.7494,17725.236082,14781.313
90.41,89.772156,29973.814419,26590.492
69.85,78.162636,38789.996724,37792.742
43.55,57.691853,45230.016538,43429.805
16.17,36.142857,48783.355821000005,44638.504
6.86,14.038409,49518.954238,43959.715
10.48,11.700237,47813.912987,42075.344
26.49,23.875391,42917.008109,40046.656
62.56,47.932728,35199.268234999996,36499.41
91.7,87.42975,24609.399883,27515.549
104.8,120.0404,12735.782975,16223.317
128.64,147.01259,3383.590225,4319.661
138.38,149.47858,265.705982,441.2107
114.58,130.52489,42.707045,-10.770192
102.93,103.734665,14.319786,-47.18138
94.64,95.61744,14.002501,-19.639303
97.27,88.69031,7.970948,-14.611729
91.18,89.178215,6.156810999999999,-19.18288
86.73,90.984985,6.248872,65.74455
84.82,86.3852,6.18165,31.545841
87.74,85.537895,10.818825,49.445564
97.88,95.491135,8.057022,65.74455
107.57,117.97656,694.9135819999999,660.33856
108.69,119.86578,5160.690428,5144.9136
99.53,101.70614,13182.314087,11882.595
90.46,85.77538,21239.464123,20896.436
79.82,76.678825,28012.358076,27617.07
66.86,63.61237,34338.292457999996,32169.07
49.94,52.789303,38485.757505,35536.33
38.34,35.793697,38799.913259,38979.94
47.76,31.43825,36880.231876,38290.184
70.43,52.5419,32481.945963,33605.523
85.36,78.87113,25791.535672,27879.475
101.11,102.507164,17593.060145,19821.975
109.79,120.32322,9200.004697,10955.977
127.8,135.62816,2765.184984,3353.546
126.08,139.12558,241.575835,368.6621
112.75,120.08067,36.533297,16.288433
102.79,106.17632,7.332,-18.858
97.34,95.22543,7.51608,-19.18288
95.93,90.79249,7.494244,-3.2024598
91.02,88.85007,7.133419,-3.2024598
89.04,90.97693,6.5609470000000005,49.12069
90.6,88.81148,9.16539,65.41967
93.24,92.5733,13.373041,31.545841
104.59,101.25616,17.504210999999998,65.41967
114.48,122.616356,536.525204,660.1242
117.12,126.42113,4327.189676,4850.082
108.29,107.92483,11963.262097,11572.092
97.75,91.274254,21189.777934,19862.258
87.87,80.33291,29346.305849,28038.568
77.26,71.344765,35162.934698,34796.094
67.7,62.73701,36783.662788,36750.633
60.03,55.213966,35547.271909999996,36264.07
54.64,53.536106,32395.355787,34406.945
65.89,60.189632,27900.715045,29230.957
73.6,79.10197,22739.454136,23183.32
88.92,92.339,16230.562976,17176.816
100.17,111.87465,8488.225243,10420.956
106.01,129.63353,2600.71033,3305.4075
111.16,122.79852,217.265344,296.68542
107.56,111.66542,41.931131,16.288433
101.29,100.99499,10.944919,-32.703007
91.48,90.224655,11.360196,-0.04805194
89.87,82.432236,11.827189,-0.04805194
84.54,83.36632,10.496043,-0.04805194
81.24,81.82201,11.770309,38.63387
80.09,79.55649,9.731464,48.180847
81.16,82.5456,15.858071,49.445564
90.24,88.45557,14.042421,49.12069
104.22,111.6435,471.767986,600.38776
107.72,119.61314,4044.972764,4686.79
102.07,103.92142,11064.496398,10469.702
88.96,87.34939,19508.201079,18826.893
68.83,74.2898,26424.212101,26537.22
38.3,55.739643,29551.669110000003,30949.717
19.12,27.532019,30614.282367,32574.984
7.96,13.805721,30404.979125,29954.062
1.93,6.698501,29355.146088,28539.584
6.66,13.984657,26135.818121,26004.732
36.84,27.794945,21148.968897,22004.967
72.31,61.240635,14754.019616,15699.239
95.82,92.16339,7539.03479,8970.599
107.76,117.56314,2102.123135,3237.8447
115.11,115.13203,147.610487,107.36591
109.58,106.048096,61.678791,-12.151996
102.89,100.65492,14.52548,-10.165242
95.57,94.39007,10.434135,-27.668869
95.87,89.60389,15.442936,-27.668869
89.66,88.20044,8.416657,-14.411507
87.38,87.20884,6.679633,60.906624
83.96,83.4751,7.372561,52.66787
83.68,80.10797,9.924919,65.98561
83.7,81.888794,14.906494,76.95356
86.17,88.549355,335.871493,325.8565
86.41,87.64732,3326.275631,3223.6692
80.47,78.51399,9290.112152000002,7769.4355
59.9,63.902264,16599.908805,15391.572
15.4,44.449085,22895.587043,21649.328
3.06,3.6817694,27003.498889,26329.156
1.15,-5.3848186,29342.773618,28142.787
0.42,-9.293293,30079.142018,29177.9
0.08,-5.9250484,29279.564664,28354.799
2.22,4.8359175,26794.507668,26030.855
9.86,20.557375,22309.964519,22780.756
66.82,36.715683,15980.064347,16513.562
99.22,84.58312,8479.688564,9495.101
111.1,119.0636,2411.65956,3337.687
120.58,116.250114,182.911493,290.97058
116.83,112.50634,55.576986000000005,0.51789737
109.14,106.78796,14.656415,1.4577609
104.39,99.02707,9.075675,6.028909
100.25,96.24929,12.470869,6.028909
94.56,94.099014,12.409225,15.913987
93.95,90.8455,15.752614,54.257797
93.06,90.37319,5.986053,54.257797
90.44,90.21181,12.663666,54.257797
92.0,89.23802,15.390312,83.93998
91.22,96.22561,507.160074,369.67044
84.37,91.402306,5161.403718,3815.189
68.63,73.497574,14400.863331,11254.665
9.98,51.42538,24822.122668,21635.895
0.38,-1.1131979,32270.685996,31226.955
-1.94,-10.280344,34395.548211,36048.656
-3.69,-13.164869,33681.506423,36535.36
-10.47,-12.672873,32915.007774,32963.742
-8.89,-16.853085,31287.849236,31017.846
-1.16,-7.1731334,28967.901937,28077.41
1.43,15.213189,25641.108659,24320.473
54.1,28.332441,18843.321205,20162.082
96.68,77.89753,10272.515493,11855.806
109.09,120.99288,2815.109792,3914.1277
119.11,116.52498,140.701358,356.35657
115.71,112.429214,36.422534,1.4577609
107.56,105.92672,12.054603,1.4577609
101.24,99.052124,7.954846,6.028909
95.09,94.91563,7.517948,1.4577609
88.32,87.85887,7.076307,6.028909
85.69,89.7203,6.20266,53.691856
84.3,85.33616,6.317056,53.691856
86.84,85.835396,15.16994,53.691856
100.39,96.23959,21.027548,57.045006
116.47,125.15029,443.348164,654.3187
124.32,132.52516,5060.3892080000005,4823.56
111.22,119.88221,14604.879,12541.817
92.63,96.53835,23267.920194,22988.613
68.62,79.99434,31329.360391,30060.076
37.4,59.290375,36418.2778,36220.344
8.97,30.676237,40185.648598,38348.01
5.67,9.354313,41557.005694,39734.992
5.74,12.274064,41246.934922,40573.633
24.85,19.556244,37793.452827,38900.594
59.56,39.630466,31255.703875,31375.545
87.73,78.85445,22059.257449,23932.451
111.55,108.476425,10972.848014,14514.386
154.07,138.36858,2749.403879,4417.9604
208.92,155.56013,193.987058,327.15756
138.5,185.31773,48.272966,9.067233
116.24,119.21013,12.475273,-27.668869
105.96,105.23531,12.208026,-10.165242
104.32,97.09703,9.638027,-23.097708
99.43,95.700356,8.282443,-12.887443
95.73,98.50161,7.285,72.95525
94.33,95.52808,7.078312,81.88373
95.62,95.94587,12.280665,96.034744
106.13,105.03589,14.921143,81.88373
123.3,129.63158,449.65538,398.3787
124.85,136.54796,5229.926857,4549.234
107.31,118.489655,15931.567633,12237.464
91.95,94.90992,28496.14683,22880.898
77.83,79.03596,36763.943131,35090.676
58.92,65.62519,42510.324365,40743.246
40.0,48.183197,45814.135411,43594.812
28.14,33.786163,46333.209891,43745.492
40.47,26.398317,44429.011358,41945.89
70.64,47.51529,37964.731033,39342.65
86.21,79.75953,29333.398708,31406.686
103.94,108.46328,18501.264969,22488.383
125.84,129.66652,7950.100976,11185.142
182.5,153.87451,2011.092201,2601.3723
173.82,185.27829,133.12459800000002,48.514336
124.66,157.31937,23.830814,-48.199966
109.82,114.02047,12.262835,-38.314896
96.79,100.17183,8.813137,-30.369308
96.4,89.90069,7.750238,-26.556534
90.44,89.73124,6.668466,-43.17241
86.84,90.38862,6.502059,22.439117
86.51,86.61984,8.233655,59.946198
88.48,87.91462,8.059168,63.52213
96.44,97.30327,9.446444,72.29335
108.06,117.85112,222.62495,389.11356
116.64,123.91435,2935.794428,3860.5735
110.44,110.061935,9206.50849,8375.756
100.16,94.994965,18932.079717,16718.842
86.65,86.560135,28788.250381,25871.803
79.0,69.972305,34906.534771,33101.176
59.71,64.72289,37660.16565,36224.656
49.24,49.100445,38140.650371,38085.45
51.92,43.096287,35552.792784,36245.84
75.61,56.907906,30999.057813,32232.438
85.74,91.44134,23058.047817,25435.113
104.56,108.8958,14237.37993,17032.902
133.94,133.42403,6504.981998,6993.489
220.64,169.44087,1643.402997,2019.6229
237.7,207.19449,85.81203000000001,-18.946394
135.49,200.19812,41.123347,-47.41868
112.73,117.37627,10.401041,-43.17241
102.07,102.33411,10.563323,-33.067204
99.81,94.082664,8.910467,-26.078114
94.62,93.22116,6.022143,-11.675117
90.75,93.173615,6.933629,48.629772
89.9,90.81735,5.695016,42.513794
92.06,92.5733,5.757504,44.545563
101.14,102.70198,10.829586,52.39887
121.75,124.341,220.476661,174.8445
141.33,138.75908,2289.692629,2835.463
143.65,133.31741,5790.341794,6536.7197
122.31,121.40774,10424.981926,10725.385
114.12,103.691345,14563.509634,15416.279
111.1,96.30581,17357.863881999998,18609.13
108.55,92.4074,18082.088808,19416.842
106.13,90.58842,17334.051777,19753.488
103.64,94.76076,16293.889453,16852.754
105.06,102.537895,14823.628188,14518.339
106.02,109.45314,11574.182622,11738.581
125.68,119.48221,7911.10691,9395.076
155.84,143.10654,4489.641412999999,5415.8643
203.6,182.23988,1370.253381,1654.138
170.78,197.926,114.231835,-14.3955345
128.11,152.6844,17.792098,-43.17241
109.91,113.687,7.055561,-35.96319
96.06,100.58831,14.980265,-12.887443
89.26,89.71793,6.508787,-12.887443
86.54,83.26011,8.565677,-23.097708
85.8,85.63311,6.181833,42.513794
84.5,83.986336,6.342649,52.72404
85.5,85.029785,11.562441,52.72404
93.19,91.797264,14.329368,42.513794
115.39,115.129425,137.49540000000002,130.25967
123.9,133.17085,1955.031665,2634.5056
119.6,129.55664,7415.845941,5258.728
107.06,112.67873,15637.199877,12479.721
87.91,96.04822,24898.857785,19849.729
78.53,78.660034,31805.706994,27153.453
67.84,72.83936,34352.172743,32055.03
56.41,63.127083,35421.036154,33923.7
59.04,54.321968,34475.390777,33955.285
71.08,66.74422,30218.12772,31455.74
84.59,82.95211,23184.875993,23529.438
103.02,109.16598,15234.402175,15379.122
119.85,129.33601,7415.464766,7987.9355
147.34,150.29881,1638.470021,2126.3735
125.65,148.09077,74.227093,115.976585
112.39,116.070465,34.012614,-30.239956
98.03,101.6757,15.166732,-35.894295
89.37,91.019875,24.136692,-33.256226
91.47,84.59819,12.302543,1.3686897
87.08,85.62344,9.649654,15.348037
84.45,84.055786,8.993164,76.95356
83.14,79.817726,6.7758400000000005,86.390434
84.87,79.63359,8.113591,63.31094
89.4,81.56699,9.852147,75.422485
95.41,98.79407,122.163363,95.17504
96.98,104.98255,2399.827105,2205.1042
90.9,94.976944,8170.746731,7605.4727
77.27,79.08496,16233.281762,13819.404
39.88,58.975643,24340.952719,22738.79
7.02,27.545858,31698.878171999997,28217.008
1.55,-1.299692,35637.251263,33581.535
-0.67,-7.9658656,35507.835665,35168.45
0.46,-6.186353,33568.252070999995,34107.254
-0.19,10.245861,29858.953721,30421.74
13.59,21.969328,25586.671494,24777.27
79.09,45.165054,18326.610851,19755.436
101.47,103.69688,9124.197048,10145.788
123.58,127.330505,1941.853807,2704.0686
129.76,123.93423,122.235276,116.542534
116.84,120.479324,54.905525,1.9346398
105.2,107.18855,11.959127,6.028909
92.41,99.22749,8.314509,6.028909
87.96,87.582115,19.135372,6.028909
79.96,82.75328,10.506215,6.028909
73.38,77.1179,10.290427,54.257797
68.92,69.99964,8.560637,54.257797
63.21,68.273384,7.945786,76.95356
64.0,65.234795,17.836052000000002,76.95356
63.46,71.02517,284.88226599999996,151.53511
59.03,68.899994,4526.131004,3225.8308
33.44,51.43838,14192.809478,10766.507
9.6,20.767607,24676.395092,21955.352
1.24,-4.0666323,31021.7399,30673.93
-0.71,-10.928349,36001.045788999996,35173.29
-1.95,-12.033115,37131.573054,37548.934
-3.77,-13.778414,36656.339695,37897.527
-2.55,-9.566789,34981.920656,34729.65
0.24,3.1152182,32722.232285,31214.012
22.04,19.065989,26846.835435,27688.207
83.25,49.007793,18644.382852,20245.773
114.69,103.127045,8390.070915,10412.404
134.18,134.10234,1481.912768,2864.3994
139.35,134.85246,84.548616,-10.574113
115.69,129.167,31.854478,-1.2426759
103.77,104.80042,7.537071,-14.045777
94.42,96.289955,7.781942,-14.045777
87.91,88.3101,7.447401,-11.407712
84.62,82.71197,7.560311,1.9346398
80.97,83.73598,8.569007000000001,42.513794
80.03,79.44269,7.975455,60.70552
81.37,80.878784,7.515844,76.38761
92.58,87.976585,8.975673,85.824486
120.43,113.938644,277.43602999999996,159.43047
125.67,132.80853,3748.953797,4130.64
116.1,119.82273,11026.757353,9178.665
98.19,99.55443,16477.767819,18087.016
82.0,84.93641,20303.662707,22589.666
69.4,71.45281,22552.402261,24254.432
38.27,61.303806,24771.798436,24871.877
25.03,32.032093,25875.464669,24961.955
42.73,24.65506,25217.844041,24455.46
67.76,51.35947,21605.284674,21588.15
84.67,76.34961,16565.842374,17304.055
109.7,99.9673,10917.34814,12645.929
155.32,128.70523,5175.278779,6759.486
250.65,175.35954,1219.08893,1471.0249
210.56,228.7823,107.960641,-3.0862026
125.2,186.61598,14.127036,-39.33354
112.4,114.63055,7.1291139999999995,-29.448463
100.53,101.35226,5.89868,-17.62987
95.01,94.52731,7.138008,-26.46806
90.11,87.051384,6.055993,-26.46806
90.84,91.055016,5.891728,52.39887
92.5,90.73653,5.9094169999999995,52.72404
94.8,95.59176,5.979053,42.513794
106.85,103.47803,6.340786,95.70957
134.39,131.44318,61.671865,169.64073
153.67,149.87616,1647.46733,3620.349
147.48,144.70665,6179.605075,8482.145
121.05,123.225746,12524.613688,12177.303
102.14,102.181175,18919.619108,18381.31
84.66,86.135345,24345.660648,22793.045
78.94,71.86494,27849.238407,25797.342
79.73,67.77252,29095.566095,27633.523
78.54,73.95872,29211.526522,26954.97
84.37,81.97706,27489.382318,25598.285
95.0,91.78541,23672.374674,21823.256
108.97,115.156906,16206.15245,16635.564
173.16,135.75247,7278.279109,8371.577
311.51,207.98698,1333.310301,1880.3245
263.79,281.6398,110.756204,36.052574
140.92,208.69817,20.926925,-25.613636
110.47,119.07934,13.681626,-26.46806
91.21,100.48358,11.386164,-19.189936
97.25,85.04088,11.751713,2.0926073
90.74,88.147064,12.317651,2.0926073
85.95,90.37557,7.906232,71.67348
81.72,86.250885,8.326906000000001,71.67348
81.23,82.844536,7.620584,70.98375
86.97,89.017525,8.756598,69.05293
103.2,108.72259,181.458702,91.34119
112.34,128.79236,3631.788036,1925.0535
109.13,116.59802,12111.965234,6793.9033
85.3,100.27299,22686.363227,17277.668
29.04,68.36074,30190.244326,27170.023
0.03,20.801548,33560.268766,33480.777
-0.1,-2.6047878,32923.289285,34010.695
-0.1,-3.869986,32088.111859,31619.695
-0.28,1.7263064,30303.411512,29383.842
0.0,13.2583885,28387.3812,26415.203
3.89,22.6832,22828.74097,23372.256
63.46,43.079662,15600.471158,16337.629
102.35,98.010826,7205.328542,7954.7715
110.92,143.04543,1318.924565,1813.6805
104.0,134.36125,80.404489,22.637638
94.17,99.327446,12.914327,-22.228352
80.68,87.74556,9.809326,-22.553232
54.25,72.91844,9.322368,-15.344017
21.65,52.862423,9.273998,-15.344017
17.7,24.328192,9.03998,-10.772868
17.87,22.830612,8.012471999999999,45.026436
30.02,23.528797,8.813336,53.691856
59.92,36.826122,10.148387,71.67348
83.89,70.88678,11.474651,71.67348
107.87,106.046,182.327432,109.921074
120.0,126.50784,3400.489404,2904.4866
108.09,118.36011,11506.345184,8723.952
77.81,98.637726,22302.130057,19685.898
41.45,66.89468,31863.311555,28974.898
5.79,35.64477,36489.196124,34849.766
3.2,4.312676,36659.68153,37640.113
3.36,2.6286263,35662.13287,35287.4
34.89,8.3875675,32318.57188,32839.285
71.0,43.067467,26843.88423,28172.082
90.05,81.01426,19263.739527,21172.332
109.13,111.700096,11411.395055,12650.072
191.8,130.3677,4301.473704,5086.0
350.0,197.84164,660.548632,999.8332
218.82,295.62546,81.851603,-20.213634
124.93,188.00467,21.040329999999997,-51.113907
112.14,110.74187,9.888567,-46.542763
101.3,94.78627,6.774253,-44.84455
95.25,88.38094,6.92176,-30.56234
86.1,82.19588,5.990169,-30.56234
85.26,82.86226,5.383542,33.577602
85.2,79.86221,5.983228,27.776451
85.6,83.27014,6.218431,31.870724
97.36,89.2021,6.867227,9.47418
119.16,119.30327,82.116697,101.06256
132.13,136.67096,1767.44909,3164.0737
125.75,125.24472,6224.476646,8059.5947
100.4,108.15677,11951.907648,12081.275
87.83,82.55115,17980.672962,17176.623
84.15,69.51946,23568.725543,22675.615
78.25,67.931625,25462.887835,26376.654
72.19,64.19736,26301.848881,26273.498
70.17,62.571495,25941.627194,25179.91
77.53,72.41648,24192.260375,22693.662
85.0,86.93258,20566.490018,18833.92
90.96,103.228836,14321.574266,13674.573
108.95,122.29894,6642.794904,6695.37
154.53,148.7601,1213.987991,1396.7712
150.75,158.63803,68.724349,52.032974
117.1,123.33851,44.803392,4.1243744
107.71,105.70661,13.191221,-2.4785419
100.7,97.6164,13.163356,-2.4785419
101.21,92.20923,7.873708,2.0926073
100.59,91.5596,7.9393,2.0926073
99.57,95.07077,7.795512,54.257797
97.84,95.82897,7.770573,64.46805
96.96,91.89537,6.829647,64.46805
98.01,94.94949,8.229792,82.44968
102.6,107.25804,82.994767,78.313644
100.91,110.50746,3240.115386,1885.8901
95.98,103.01552,12792.502932,7280.1733
79.11,82.08197,24912.973083,18007.777
11.35,64.15262,35414.064276000005,30769.57
0.0,2.325413,42366.524095,39453.594
-0.02,-4.63092,45221.07362,41668.637
-0.86,-5.796449,45711.378046,40906.832
-0.99,-3.7274754,43282.775212,38485.57
-0.01,8.283541,38584.969038,36587.395
40.99,21.608816,30966.56688,31848.96
87.6,65.983864,19649.481682,22829.902
116.47,108.76491,7610.768139,10874.375
158.39,143.00511,1073.818881,1867.5725
139.54,152.95009,64.556781,-19.647684
109.95,124.21493,27.621872000000003,-34.567543
92.95,101.30037,10.434643,-28.441504
82.56,86.19716,10.738333,-30.473274
89.72,78.20695,23.021872,-25.902107
85.02,84.680916,15.485224,-25.902107
80.77,80.36283,10.870419,43.07975
83.4,77.81849,8.481716,43.07975
82.92,80.422554,10.92533,43.07975
82.67,81.03025,15.116944,43.07975
81.5,86.56514,142.097102,85.230774
55.48,82.00464,3596.975077,3465.2634
0.0,46.610622,12986.405417,9173.538
-0.09,-7.389884,24246.90576,20066.38
-4.0,-11.207398,33559.934922,31707.12
-20.09,-17.215075,38627.265508,37691.082
-40.02,-28.270521,40906.956045,40190.625
-53.4,-58.513943,40268.578435,41391.5
-49.99,-54.63257,38408.725224,37167.098
-21.21,-42.905453,34736.109915,34151.45
-2.47,-0.84538853,28439.035555,28196.4
3.36,25.66669,19502.224567,21251.06
95.91,44.26633,7930.455159,10586.304
108.3,126.105934,1067.964844,1774.1338
96.25,112.60082,18.905284,-33.062645
86.02,91.94307,8.813226,-50.54796
85.01,81.32346,6.707215,-29.99639
86.06,77.2786,6.642569,-3.1450481
79.66,82.9868,6.887176,-25.902107
85.74,73.69505,5.847767,2.658557
84.7,83.36633,6.85219,49.12069
82.27,83.29276,5.582155,53.691856
83.79,82.60996,5.781259,53.691856
95.6,90.7587,8.566965,65.27667
109.9,120.11167,134.296497,142.62865
148.14,127.08357,3478.563732,3555.8513
125.53,137.41553,11888.233629,10388.575
102.05,109.54078,21310.430679,18022.584
85.83,88.52538,28541.800954,27470.568
76.14,72.26917,32284.559037,32672.127
65.35,68.02459,32707.442498,34136.418
60.84,58.216957,30489.286929,32218.11
69.65,59.373196,26836.541741,28804.18
78.46,72.879906,22274.624602,23871.22
99.72,86.80874,16575.175483,18542.117
124.28,117.33242,9788.434333,12025.847
196.61,146.6553,3873.762304,5186.8286
413.66,218.81064,573.4106850000001,909.78723
308.52,351.48154,57.193061,-29.128836
152.0,264.8682,13.294575,-15.344017
123.93,124.55204,8.444061,-26.46806
113.12,109.937,6.7565919999999995,-10.772868
114.52,101.40384,6.724565,-2.001663
112.46,101.94652,6.336781,-2.4785419
110.35,107.54353,8.137014,42.513794
109.8,107.46955,6.904915,42.513794
110.86,106.58778,6.83837,74.85654
118.18,117.35577,7.413413,85.824486
182.39,139.2807,97.255626,83.625
300.0,195.39993,2416.8523,2802.346
196.98,273.3344,7311.234373,7893.2
127.59,172.23076,12307.955615,13472.264
101.73,108.22848,16370.565703,18321.467
99.25,88.50943,20249.970554,21304.389
87.18,86.539116,21955.92882,23037.975
85.69,77.352005,21709.430942,22631.783
85.51,79.49747,19634.34454,20141.73
92.49,88.35998,16528.363437,17194.838
103.35,103.269485,12852.609408,12899.625
127.41,119.70531,8060.573225,8138.5986
192.68,158.55128,3426.333313,4143.399
386.4,247.90778,514.843932,662.089
215.59,361.88354,45.848403,12.797154
133.37,186.64383,11.867065,-3.7110007
115.79,116.121155,8.293607,-12.748168
109.3,102.015045,9.62392,-19.189936
106.93,99.55082,5.150665,-3.7110007
107.29,98.02566,5.106024,2.0926073
103.73,106.643814,5.312402,85.824486
104.81,103.39948,5.593133,42.513794
104.55,104.99002,5.6518429999999995,76.38761
114.28,112.11152,7.95683,96.034744
133.35,139.38423,54.20739,121.18651
223.39,156.78151,1658.870499,2966.0547
171.94,214.46843,5925.057624,6674.5776
129.46,153.90237,11316.11481,11451.828
107.33,106.51886,15704.209263,17227.105
102.39,91.84811,18683.654471,19700.158
88.85,87.7747,20748.99251,21431.14
86.09,77.43664,21213.360339,21264.055
87.8,79.21759,20226.934706,19490.125
90.8,89.903046,18150.316333,16932.736
105.07,100.647,14551.247596,13451.67
127.78,123.339195,9740.443856,9047.357
170.59,151.04797,4288.462539,4654.0513
275.19,212.938,653.590882,787.20245
169.07,240.692,53.788416,41.357765
122.94,141.46147,11.587931,2.0926073
101.58,109.81215,12.159925,2.0926073
87.63,92.880356,7.215195,2.0926073
88.21,81.34151,8.802541,-23.572065
85.0,82.75432,8.523709,-26.46806
77.13,83.350105,8.35395,42.513794
70.67,76.619026,8.854502,42.513794
70.67,71.98392,8.330592,42.513794
79.05,78.79552,8.138794,80.02088
111.18,101.177704,45.744644,97.764496
125.33,140.64192,1912.363993,2096.6106
120.36,132.35999,7645.507288,6559.4155
102.05,113.57177,15331.34492,12733.303
73.64,91.15048,22741.526963,20536.744
8.23,62.230633,28278.045839,25181.85
-0.01,6.6401834,29182.726352,27605.117
-0.07,-1.0313869,28743.289316,26513.928
-0.72,1.8324066,26061.695639,25573.926
0.0,9.650653,23509.210977,21531.816
8.96,25.643044,18012.949224,18212.6
75.82,43.353138,11222.403682,10975.643
118.57,110.95748,4384.36175,4559.1562
132.86,157.27664,497.725129,707.05566
125.25,135.22537,85.033308,26.678102
111.45,113.35671,40.932835,-31.979078
84.81,98.77528,15.041264,-3.4184036
63.89,75.80003,10.059503,-3.4184036
32.83,61.211353,9.612803,-3.4184036
33.23,32.84031,10.510526,-2.4785419
20.94,33.711033,10.121423,9.47418
16.35,24.556704,10.527028,30.60598
29.15,23.680788,11.614437,31.870724
51.84,42.43499,11.317466,30.60598
95.29,77.526375,73.364207,52.225456
105.73,117.563,2253.676004,2025.263
102.01,110.82442,8909.885194,7355.7065
48.07,89.41554,17299.310253,16333.926
1.85,35.298233,24074.280225,23153.967
-1.66,-5.261807,27176.840202,28432.537
-5.11,-8.949371,29706.43052,28821.418
-8.66,-10.287427,30253.521144,28153.092
-6.19,-13.362049,29067.692307,27302.643
-4.0,3.2372768,26200.867509,24694.367
-0.01,11.357497,21720.293765,20923.682
57.69,31.524866,13805.570496,14648.62
108.71,84.33809,4966.265026,6386.3486
155.36,133.13957,543.085778,1021.32324
152.24,146.37144,66.333821,41.357765
113.96,127.65504,30.978644,2.0926073
102.85,101.05506,38.078793,2.0926073
96.66,90.13797,14.52823,2.0926073
85.89,84.74445,14.13184,2.0926073
72.75,77.41907,11.401304,2.0926073
72.45,67.540924,10.569643,43.07975
72.45,68.011604,10.179613,43.07975
69.79,68.39058,9.80599,43.07975
72.75,67.86669,9.301344,43.07975
74.71,77.949135,39.815279,68.10339
74.11,81.801865,1683.202201,2457.8225
72.45,70.880165,7544.941462,7544.35
53.85,55.56097,16162.299892,13046.179
14.3,35.714046,25905.259327,23190.385
2.37,3.3139038,32809.552736,29472.234
0.0,-6.743461,34996.642209,32729.064
-0.01,-9.409553,33225.610846,33258.297
-0.01,-6.2622247,30098.00489,31380.566
-0.01,7.0056877,25582.436545,26628.617
3.88,17.485878,20558.487939,20554.936
74.11,34.47378,12065.905881,14249.357
108.1,98.800735,3995.28638,5791.055
121.9,134.24567,352.815557,657.84375
118.77,124.13862,81.756762,-8.741672
111.17,106.63725,26.380961,-30.473274
100.0,102.843285,11.430599,-25.902107
87.18,92.57178,12.055026,-25.902107
85.69,81.52574,10.498649,-30.148392
77.57,78.224014,10.115031,-30.148392
80.61,73.125336,7.813377,10.040132
85.93,77.09684,9.449056,32.436684
93.77,82.21231,8.650828,43.07975
99.82,89.5229,7.329227,43.07975
100.75,101.53008,16.286314,61.70659
105.36,100.711296,747.1404729999999,2066.6833
108.48,93.95362,4547.650445,6058.244
87.78,85.48019,11045.570728,9682.198
61.68,65.25089,18525.807721,16220.53
17.58,41.75076,26531.893164,22276.566
6.52,6.7992883,32211.207026000004,29105.451
0.0,-2.5100956,34667.080615,32196.4
-0.01,-3.5869262,34333.334851,32372.234
0.0,7.2902904,31304.764311,29968.125
19.33,18.183062,24583.746371,26221.516
98.2,47.338062,14523.14012,17450.941
124.34,118.91221,4372.995368,6718.5674
153.29,139.3888,333.384742,757.5245
126.01,137.78911,61.506239,-2.427009
97.37,111.1259,19.986066,-3.1450481
77.02,89.72828,22.795406,-10.385255
14.27,73.05193,17.832555,-30.473274
20.0,19.368649,13.765295,-30.148392
3.87,27.126791,13.586596,-30.473274
1.39,12.728392,13.689084,31.870724
0.01,6.26181,13.899419,9.47418
0.0,8.3468485,12.771353,9.47418
0.9,16.526365,13.461605,29.705406
20.27,27.435743,25.686808,34.45201
54.31,48.723396,1042.24805,1348.1505
40.4,63.868927,5897.409647,5769.091
0.9,38.3568,14000.809264,10318.516
-0.47,-0.6822142,20940.630426,18188.639
-2.61,-3.079404,27426.322404,23786.541
-8.0,-6.8325152,30025.599629,27749.453
-14.27,-13.255477,30934.403057,29216.852
-13.7,-15.67212,30092.442626,29359.89
-8.9,-11.527093,26961.567979,26718.209
-5.24,1.9266789,20998.821384,21908.488
-0.53,27.152191,12789.523888,13824.058
14.01,41.094654,4343.501011,4839.2246
53.93,84.133644,355.429109,570.22705
47.37,62.15808,73.435971,6.6034136
5.33,46.75858,36.217447,-16.283882
2.91,15.182408,14.591488,-3.4184036
0.06,7.7326946,11.450799,-3.4184036
-0.01,4.332426,11.128586,-3.4184036
-0.09,3.77328,11.017518,-3.4184036
-0.23,2.6649134,6.467303,41.33541
-1.05,2.913278,6.558092,41.33541
-1.33,3.1941967,6.372044,41.33541
-0.01,9.2488,8.227658,41.33541
2.32,25.529531,25.825041,58.947495
16.21,36.62646,1487.3948759999998,1462.167
3.81,23.29539,6897.011738,6051.379
-1.01,6.935403,14173.10409,12972.888
-5.11,-8.44596,20208.258007,20229.334
-10.38,-11.509378,23419.695596,25117.945
-20.05,-18.12718,24984.894903,25398.91
-18.03,-22.082727,25929.876311,24707.21
-11.17,-16.95728,24386.258219,24505.865
-9.99,-4.2508254,21040.534774,20322.223
-3.24,2.6628273,16542.405856999998,16885.229
0.0,23.974623,10212.518539,10241.613
72.64,34.955437,3216.608962,4080.7507
103.33,98.9137,181.72624,405.36035
112.97,102.666954,30.115249,-9.2220125
92.97,98.412415,19.590034,-31.979078
80.55,81.83632,14.904466,-3.4184036
65.44,70.240814,14.419836,-3.4184036
70.8,57.657074,12.582705,-9.2220125
63.47,62.26266,12.046493,-3.4184036
50.95,62.652657,7.711015,9.47418
48.53,48.205334,8.316089999999999,9.47418
60.01,50.24648,8.806812,46.98127
73.82,70.9938,9.23008,65.74455
98.85,93.27307,34.942240999999996,82.09188
117.34,119.911385,1780.533548,1682.8596
112.74,117.42516,8559.092628,6548.2534
95.14,98.51824,17371.986897000003,15126.66
69.14,77.669365,24209.972217,22528.38
41.38,54.82291,27348.223794,27374.15
10.5,33.670982,27497.368517,28472.404
7.88,6.168431,24941.414095,26615.127
10.59,7.1636,22465.144180000003,23177.223
43.09,22.566246,19398.285693,19410.584
81.17,61.420494,15316.051139,15263.099
110.0,101.600746,8994.637654,8747.102
123.31,134.30147,2817.7088160000003,3630.8965
142.58,142.51027,213.303329,386.705
123.52,133.43729,51.693165,33.932632
94.2,109.4976,15.07398,-26.46806
86.1,85.18018,11.973525,-26.46806
73.07,77.07771,7.376373,-8.28215
53.12,66.949196,7.803869,-13.535594
48.29,49.319054,7.440174,-26.46806
38.47,45.79057,7.360217,42.513794
37.96,35.757248,7.453773,31.545841
48.12,37.872562,7.403563,31.870724
74.15,56.62504,8.015084,32.63775
105.81,92.79598,17.229437,47.31749
117.21,126.8374,1279.929509,2055.2986
111.28,120.72141,7435.790312,6033.3457
90.8,96.40931,16158.937559,13698.048
65.1,73.73237,24102.031405,22354.016
5.89,49.351418,29554.395752999997,28389.773
0.2,0.29878265,33290.728653,32160.52
0.0,-7.6336145,34708.936042,32409.855
0.0,0.1334044,32869.236940999996,32468.232
0.52,11.909038,28986.821963,28950.635
15.31,21.803022,21965.07535,23179.883
89.79,49.402065,12964.541852,13779.028
115.45,116.639206,3738.974036,3777.2383
134.23,140.22995,198.440212,322.50937
128.68,127.68822,35.588826,10.736991
110.0,110.74992,9.899675,-17.982084
98.94,97.219086,8.84429,-17.982084
88.2,87.59241,7.332219,-10.772868
74.09,78.47447,7.479432,2.0926073
72.47,64.80249,7.35022,-2.4785419
73.45,67.64237,7.450051,53.691856
73.7,68.12168,7.683864,53.691856
74.02,70.232925,7.669247,53.691856
89.59,78.47367,8.233196,63.57693
118.92,106.00811,45.338981,98.45422
143.42,134.87184,1814.703065,1688.8967
118.29,133.93918,9632.334889,7427.1475
95.18,99.73852,20732.653826,18141.82
53.7,75.71896,30582.454636,28227.963
13.03,40.50324,37375.873351,35077.094
0.99,7.3518558,42163.423813,40137.277
0.0,-4.78918,43524.74994,41445.105
0.0,1.884405,41823.296794,39280.64
11.97,11.964785,36596.573305,37091.426
74.46,38.333378,27704.352954,29046.264
119.44,97.96793,15647.633229,19768.578
255.21,145.13356,4426.556278,6365.346
409.24,252.57397,237.347683,378.0478
167.59,333.11804,75.28815,-9.640782
111.82,134.38542,18.188837,-27.580822
86.04,99.58557,10.089173,-15.0640545
78.93,80.33574,6.877601,-17.982084
87.24,74.35285,9.789402,-17.982084
77.91,78.83194,6.334019,-10.772868
74.99,74.392845,5.069452999999999,56.28955
74.8,71.70298,5.443096,54.257797
74.79,70.86859,5.523334,54.257797
80.21,72.24824,6.370107,54.257797
88.51,88.98696,23.665539,71.86987
86.97,102.64489,1964.181485,1987.4203
75.29,85.66618,10942.642156,7281.369
24.9,58.34669,22767.63749,18697.377
3.02,8.7891655,32616.438551,28781.63
-0.28,-6.681707,38810.595941,36792.867
-6.1,-8.889239,40981.76141,40634.38
-10.86,-14.769545,39624.876206,41867.664
-5.1,-16.903955,35725.104004,37259.06
-0.04,-0.7147174,30064.741562,31891.627
26.36,24.61629,22343.353766,23797.531
93.84,66.473465,11532.6903,15130.716
124.58,141.7976,2991.857837,3982.5232
134.1,180.01157,143.793784,169.20609
99.08,132.23962,39.900897,-73.07188
81.95,91.138855,22.606463,-42.821487
74.5,75.12611,13.214579,-19.701311
48.3,69.896385,13.763706,-14.498102
8.07,46.53023,11.395395,-20.301712
3.7,14.399937,5.740192,-17.416134
3.46,7.2909217,5.571369,56.87889
1.65,8.536168,7.613874,60.512146
2.08,8.063689,6.111668,33.21532
3.23,10.537034,8.14851,82.74438
4.41,18.872337,14.599617,72.85929
5.23,23.72055,1472.038161,1434.7485
3.01,12.3118105,7094.850299,6286.2686
1.31,-3.9155643,13846.962326,13247.736
0.0,-9.84735,20754.810172,19299.012
-0.09,-9.25747,24259.87374,24468.992
-1.2,-9.751262,25267.685955,25960.266
-2.02,-12.402335,23609.046427,26546.176
-1.31,-8.810869,20443.058215,22406.844
-0.01,1.9297345,15851.32515,17531.54
9.47,18.26966,10604.180269,11729.425
85.18,37.725258,4904.766072,7117.2217
113.96,103.38651,1244.918536,2029.6763
120.57,129.65344,70.403842,3.9494808
118.84,116.094505,17.200973,-16.017023
104.68,103.32307,9.559317,-25.902107
96.35,91.537224,8.899369,-25.902107
91.68,83.29398,7.03486,-25.902107
87.33,78.4703,7.11705,-31.413128
83.57,75.54211,7.066311,-31.413128
79.21,79.71016,8.908351,30.60598
79.21,76.76496,7.1888950000000005,30.60598
80.35,76.970184,6.7664100000000005,9.47418
93.59,83.67544,7.260477,9.47418
118.69,102.12176,23.175062,15.181166
130.0,126.38971,628.223387,1065.9336
130.0,121.66588,3292.812375,4412.904
108.57,112.23723,7661.778734,7607.728
91.82,92.869606,12487.921415,11980.847
77.86,80.011116,16553.906202,15602.615
74.04,69.5825,17929.686447,18298.422
71.17,64.65975,17352.011564,18564.186
70.23,66.714195,16010.210856,15760.516
78.39,72.34877,13642.960148,13128.915
84.79,84.997826,9826.780337,10335.575
100.13,97.0244,5579.295858,6154.2646
128.08,118.348694,1567.300563,1857.5924
140.92,141.74742,80.247919,40.56079
130.0,127.3002,13.842442,-3.4184036
114.24,106.63894,9.732879,-9.2220125
97.72,98.62754,6.996881,-31.979078
89.99,85.15247,6.110895,-31.979078
88.6,83.080215,6.795154,-31.039219
90.0,81.524605,6.800727,-9.2220125
89.73,88.31114,6.151981,30.60598
89.93,88.882034,6.078006,64.479805
91.34,91.27019,5.996349,64.479805
98.11,97.89084,6.405474,71.91726
122.01,118.0184,15.403976,43.75042
172.36,141.8801,1114.433479,1175.0845
162.8,169.87756,6747.217077,4985.9346
125.76,141.4725,15328.583653000002,12988.156
93.92,107.6823,22771.68664,21397.258
85.51,82.239136,26674.560506,26661.244
77.54,74.01033,27768.438037,27873.344
74.24,67.934296,27142.352086,28069.047
74.25,67.28443,24097.652416,25421.418
84.11,75.684364,19802.802387,20678.145
85.76,87.7814,13841.656316,14421.743
102.9,97.98295,7232.787961,7366.8477
136.83,124.18253,1849.729074,2059.8667
149.58,148.78044,132.087183,57.045227
115.81,131.7269,32.139799000000004,-3.4184036
94.0,97.88386,13.754316,-3.4184036
84.91,83.05686,12.295241,-31.979078
84.1,73.529076,12.896668,-3.4184036
82.67,73.82359,10.541576,-3.4184036
82.32,71.17537,10.243469,-3.4184036
81.61,76.44341,9.373036,38.63387
77.95,77.98582,10.127769,45.13147
78.59,79.287445,9.499692,15.971779
82.67,84.96695,10.430009,45.13147
109.76,101.62156,21.763409,21.67876
118.01,133.21892,866.157225,1142.8922
120.45,116.24367,5529.8301249999995,5688.597
107.0,106.18783,12161.307217,11911.91
85.54,86.68196,17940.111857,17261.209
70.09,66.736176,21543.753529,21975.46
27.1,56.252308,22979.637602,23747.018
10.66,17.001156,22261.657211,23709.062
9.9,9.479821,20170.769576,21032.87
15.0,19.599216,17080.523035000002,17644.25
66.1,31.95733,12271.143929,12828.965
85.69,87.436905,6111.2136310000005,6812.3975
113.08,102.95462,1308.535822,1870.8756
115.93,124.4138,57.590887,-2.3809724
113.95,106.16007,16.575764,-31.979078
91.29,93.93271,11.893408,-31.979078
85.5,79.20179,8.043487,-31.979078
69.68,71.347,10.144985,-31.979078
73.3,58.327156,10.132179,-31.979078
69.69,61.258324,10.244997,-31.979078
67.81,65.706,9.871215,9.47418
68.09,66.30079,9.916063,9.47418
71.69,68.044655,8.946749,15.971779
77.33,77.0181,12.467913,15.971779
108.55,94.17288,25.987625,15.971779
124.26,125.16421,580.85625,685.37134
124.99,125.18124,3651.476774,3993.3425
104.88,108.08881,7904.540206,8283.676
77.95,86.573395,11819.25151,11399.265
69.24,63.097916,14575.808601,14596.157
38.18,53.22136,16234.865867,15979.26
16.03,24.946508,16590.334348,15960.913
20.1,11.593419,15173.646308,14941.191
43.66,27.3103,12502.189433,12879.3545
75.0,54.84667,8688.992247,9627.968
88.79,85.578995,4345.02959,6165.85
117.04,105.710686,987.555942,1409.697
121.47,129.09775,52.209904,4.116623
123.75,112.27605,19.875257,-25.481472
105.83,104.606766,13.292807,-25.481472
94.77,92.19721,9.537003,-25.481472
81.09,82.055046,6.87656,-25.481472
78.48,70.71142,6.5915099999999995,-25.481472
75.0,69.03755,5.9509989999999995,-25.481472
73.17,72.67545,6.282845,15.971779
73.18,69.27311,6.733273,15.971779
74.93,71.58356,6.887726,15.971779
82.0,82.63256,7.539083,9.47418
107.74,102.72706,12.00292,46.46096
120.33,130.08061,411.89133,999.53845
123.56,126.62096,3080.835528,3676.2927
110.41,111.24706,7667.287780000001,7930.868
89.84,97.524376,12433.094894,12275.2
85.36,79.348335,15646.057731,15421.675
78.96,70.18055,17883.253336,15989.8955
73.16,65.96547,18537.302326,18400.197
75.05,63.690346,17379.381845,17234.912
79.99,76.26919,15300.578978,13890.481
98.81,88.87666,10628.328067,10552.141
109.8,119.73914,4822.836103,5960.251
123.65,136.25603,1047.796466,1180.8164
133.02,146.73598,78.898279,-2.3809724
119.61,124.0469,52.130051,-31.979078
106.21,99.18812,14.26091,-31.979078
96.9,94.680405,11.688309,-31.979078
89.9,84.04802,6.9598580000000005,-31.979078
84.99,83.431206,6.779905,-24.700937
83.26,75.45158,7.090317,-15.197472
82.7,78.43403,6.173923,31.171938
82.51,78.97926,6.748067000000001,31.171938
85.28,79.26951,6.370935,52.342987
89.19,81.19033,6.520339,60.58174
90.57,91.68443,9.33004,66.61361
105.45,102.28084,533.100689,1004.7507
109.71,109.158195,3716.06449,3710.3127
96.92,97.404594,9007.625098,9049.852
87.86,82.15842,14646.616088,14741.625
75.0,71.98021,18643.226752,18303.473
59.77,63.018463,20959.964785,20468.924
36.11,47.205578,21214.655417,20680.146
48.54,28.718285,20959.706219,19342.385
78.22,52.944767,18266.630237,17453.395
93.1,88.86795,12900.843177,13622.585
112.01,112.469025,6333.100027,7257.303
133.35,134.21164,1293.482219,1715.0422
148.61,142.73164,77.99934,-18.942457
122.53,131.33794,50.324663,-30.148392
114.4,104.194115,15.537867,-25.902107
107.56,100.55495,8.078653,-12.182216
99.54,95.46943,7.518556,-25.902107
97.56,90.36838,10.082581,-10.385255
95.31,86.312126,7.102269,-25.902107
94.32,88.286064,5.9615,86.390434
91.47,88.35684,6.065494,86.390434
97.77,87.55574,5.823039,76.95356
97.58,92.47559,6.219225,86.838646
100.91,95.14753,10.973235,74.44568
105.79,104.78176,663.954686,1064.2329
98.77,101.4821,5700.528297,4324.558
95.04,89.15633,13662.696822000002,11979.711
82.08,78.48392,21534.174440000003,20560.8
37.47,64.73395,28032.242036,25657.732
17.11,21.784584,31270.134683,29888.78
8.53,8.007842,31710.621963,30750.334
13.0,4.964326,29914.694213,28785.25
61.33,24.626638,25921.667044,25707.49
86.0,72.61365,18593.907085,19526.281
105.89,106.195435,9167.04018,10332.014
131.02,123.17807,1724.924821,2216.1125
137.97,144.69724,31.822102,111.41782
125.93,126.35759,10.113596,2.658557
113.51,110.49859,8.547652,2.658557
102.29,102.28495,6.794181,2.658557
95.74,94.062416,6.905466,2.658557
90.95,89.49034,8.140693,12.543635
88.76,84.49305,8.017205,2.658557
87.88,89.39605,6.104971,76.38761
87.94,87.66657,6.002906,85.824486
88.31,90.19114,5.866473,70.98375
98.37,97.69692,6.354055000000001,42.513794
134.98,117.93252,15.320658,48.22078
222.1,152.83138,774.9964219999999,576.54095
166.91,222.06546,5625.4717980000005,4585.5728
122.06,146.54214,13565.905247,12779.791
90.21,107.723114,21967.805957999997,19657.295
84.95,79.55111,28563.416868,26281.277
78.71,74.58476,32237.410318,30993.744
77.08,70.984764,32258.829668,32015.172
83.33,73.726074,29112.271086,30110.404
87.4,85.192856,23308.282483,25249.08
99.98,95.44325,15276.622261,17483.96
140.79,118.99234,7195.749244,8423.908
302.65,157.99515,1255.017734,2106.087
406.78,303.9537,55.2917,35.809265
167.6,344.36874,11.867796,2.0926073
123.85,134.12639,8.333643,-12.748168
108.3,110.710815,6.977105,2.0926073
93.68,98.27046,6.024705,-26.46806
101.1,86.62914,6.802766,-26.46806
98.43,93.132256,6.203842,-26.46806
98.93,99.036064,6.049017,42.513794
94.99,99.5442,6.185696,42.513794
99.12,96.11399,6.380637999999999,42.513794
112.08,108.40719,7.148514,42.513794
141.86,132.46918,13.611879,42.513794
244.0,177.24976,556.710347,596.5342
209.23,235.14099,4162.985311,5014.275
141.85,186.29459,10714.678752,10787.011
115.2,120.69383,17849.797452,17021.688
96.72,98.81501,23514.087875,22446.91
87.91,85.570206,26430.748247,27100.582
86.04,77.55027,25939.554224,27393.146
87.26,81.28796,23239.255605,25235.824
96.8,91.23506,19000.775387,20316.918
104.03,105.22188,13004.774371,14446.561
142.64,124.33157,6115.18153,7111.6387
294.54,179.01183,1126.604144,1804.6548
357.77,326.81445,51.740641,42.522293
147.28,296.8305,12.055622,-2.1536615
116.04,124.73529,8.944759000000001,-3.4184036
101.63,101.01071,6.906192,-3.4184036
92.54,91.42485,6.718565,3.0791903
97.26,86.36911,9.89519,4.343936
93.12,89.24884,9.748046,6.967064
91.75,92.90382,9.65649,59.22138
93.68,91.15896,9.753221,59.22138
93.63,95.423904,10.099624,59.22138
102.46,101.34787,10.107837,59.22138
136.64,123.46276,25.68523,59.22138
208.06,166.10141,695.846247,702.9768
154.92,212.11472,6249.053379,3977.496
120.36,143.29303,16201.358183,10790.958
98.07,106.80209,26225.454473,21160.56
91.28,83.89221,32874.078456999996,28821.951
67.78,79.347115,34367.980060999995,33187.83
67.78,57.34509,32730.586617,32716.432
84.19,63.192173,28914.839063,30336.617
92.68,84.642654,23550.160704,24848.828
101.35,100.83719,16504.045808,17521.69
142.52,127.65268,8045.240649,8990.362
284.62,176.94269,1337.398881,1714.0822
426.29,313.2901,61.385261,41.016136
174.05,338.6823,31.356843,0.83993536
125.63,145.76674,13.811967,3.6259847
108.18,111.85395,12.247494,3.6259847
99.37,96.5871,11.32927,3.3011045
90.78,91.56855,10.746358,4.7278066
88.66,83.20577,11.450676,4.7278066
87.59,88.31084,10.428586,59.22138
89.65,86.56222,11.315115,59.44968
90.31,91.79735,11.391712,48.59679
96.51,97.093475,12.025228,48.271618
129.78,118.53891,15.5199,48.59679
186.8,158.12045,672.533459,404.66965
139.64,187.3559,6875.437802,4166.23
104.09,120.90191,17917.556403,12558.07
91.91,88.84344,29132.663189,25423.072
77.93,79.237595,37530.662446,33031.7
63.32,66.97957,40958.311948999995,39206.52
59.43,53.583397,39162.381884,41192.652
66.45,56.71753,35485.9124,36534.77
78.32,71.13407,29724.225581,31116.627
90.01,89.05522,20955.113194,22780.975
111.43,117.044365,10199.935741,12425.517
169.46,143.87117,1543.157074,2473.318
182.9,217.70013,75.793114,26.705132
115.96,170.72554,55.165044,3.206502
94.61,103.368034,27.894358,3.206502
89.85,88.55653,21.580159,4.7278066
77.81,84.76433,10.890288,4.7278066
82.93,73.029045,11.183047,5.28128
74.04,76.437386,10.151601,-23.279377
72.14,73.18738,10.887366,48.59679
72.47,72.23961,10.499252,48.271618
74.2,73.918785,10.490935,48.59679
76.54,82.10191,10.723027,48.043324
91.78,96.59543,12.652054,48.043324
100.21,122.939964,825.508501,310.68414
97.0,112.59748,7893.155295,4952.7173
84.8,88.15462,18616.710753,15796.03
54.53,71.546135,27361.492622,25045.404
34.85,45.39271,32265.942462,30848.81
26.28,24.736403,34618.479897,33986.863
17.89,17.910168,33483.629441,33958.098
22.79,15.669252,29799.361639,31430.344
40.8,33.457672,23754.940633,25776.365
61.28,59.748413,15287.908202,18538.646
88.67,85.77096,6309.218116,8137.641
113.27,117.236984,722.667798,1555.0038
107.62,135.95003,62.988093,-20.482918
76.51,107.92523,46.132925,-32.953594
50.27,71.385765,35.341727,-32.953594
32.92,47.842003,19.716375,-34.21833
11.74,33.542904,17.131464,-34.21833
1.46,19.004236,18.870822,-34.21833
-2.05,5.4688554,10.942704,-34.21833
-2.08,-1.9276421,10.63849,31.827007
-1.45,-1.4435353,10.48723,33.091747
-2.44,2.234285,10.441327,17.192797
-2.97,2.0530162,10.72785,17.192797
-3.02,7.161216,12.483328,17.192797
-2.61,14.067072,265.33049900000003,432.89752
-2.39,9.452422,1671.326574,4401.195
-2.18,-7.207045,3827.8992,5555.7095
-1.56,-14.147179,6866.577612,6840.02
-1.83,-13.595396,10372.248895,8969.633
-1.02,-13.172497,12883.520269,10397.494
-5.22,-11.059918,13703.386931,11382.077
-6.02,-8.755899,13617.96927,11458.905
-3.87,-1.927732,10695.405876,10346.67
-2.06,11.615674,7291.011672,7787.46
0.62,25.512146,3726.145146,5419.5225
3.57,36.614147,707.935608,847.2911
9.66,29.657974,53.638386,-21.181715
2.14,20.113573,33.185605,-5.09171
0.5,6.1376534,19.345627,1.4058858
-0.19,2.39137,22.181761,1.4058858
-1.57,1.1715447,10.751468,-26.37424
-2.7,-1.6806427,10.369041,-33.65238
-3.7,-3.625111,10.150473,-33.65238
-4.24,-6.575946,10.307182,17.192797
-2.64,-7.582804,11.003787,10.695199
-7.49,-4.6416845,11.111798,10.695199
-2.74,-12.600965,11.220492,10.695199
-3.38,2.0320191,12.256553,30.926432
-2.5,6.6114793,279.254045,230.35852
-2.53,2.1311831,3130.5764310000004,2511.454
-3.7,-6.6263556,7939.977558999999,6211.3687
-5.09,-11.272275,12385.195931,12219.36
-8.27,-14.208326,14944.515658,14949.853
-11.77,-22.354479,17187.229324,16366.764
-11.68,-21.862478,17816.355423,16941.857
-10.71,-17.429235,16573.284014,15641.837
-2.66,-8.404992,13713.289847,14175.633
-0.67,15.453668,9371.208822,9173.271
1.95,25.33538,3962.852227,4442.418
16.35,31.08317,489.095357,868.09534
33.18,37.033817,25.83966,-21.181715
19.04,35.39201,19.806878,-33.65238
8.7,21.379957,17.736575000000002,-33.65238
8.91,8.905738,16.249568,-33.65238
6.35,11.140239,15.891244,-19.93249
18.48,9.472088,15.91475,-33.65238
11.02,19.44841,15.802446,-33.65238
9.05,15.058187,16.270112,30.360476
9.54,13.008496,16.019302,10.129249
14.15,15.229645,15.552846,10.129249
23.66,27.1352,16.169746,47.63634
68.28,47.83487,16.841749,10.129249
101.72,93.57186,189.738833,226.45915
109.43,112.01048,2208.092803,3575.107
105.28,103.60868,5580.108165,7160.005
89.55,93.528465,8367.621105,9407.08
83.93,82.8113,9899.882118,11015.266
82.37,77.186264,10697.097039,9516.855
81.04,76.50786,10561.913128,9307.179
85.19,77.90298,9198.259093,8662.502
87.21,87.08743,6844.3655309999995,7379.3857
94.82,95.18702,4316.892021,5557.298
106.15,111.06551,1738.403883,2319.7224
128.54,134.21825,184.490219,408.37534
149.27,164.35605,27.841988,-38.908104
124.78,134.2933,22.349979,-33.278473
99.69,111.21971,18.376001,-34.21833
108.04,89.2603,15.57812,-34.21833
94.93,93.56206,16.921343,-34.21833
96.87,84.555504,14.787955,-34.21833
92.19,86.35026,14.240724,-34.21833
89.71,89.94366,14.235126,32.52579
89.73,88.50391,15.141664,32.52579
92.38,90.19149,13.99116,32.52579
97.34,99.82374,12.270164,43.168865
136.41,115.55863,13.957598,43.168865
220.01,160.15929,119.7714,167.7608
293.19,217.96194,1513.427522,2587.5908
221.78,257.57242,4526.696135,4952.158
145.53,203.56921,8080.528568,8445.875
125.61,128.27007,11038.216544,10573.136
109.66,116.4828,12614.819317,11648.751
104.8,103.86607,12413.767204,11598.8125
102.66,103.428024,11113.809569,10243.942
110.38,106.94655,8217.149099,9068.656
120.28,120.14342,4937.176828,5839.545
155.97,135.22415,2030.136788,1819.277
218.56,182.28296,240.241693,214.85762
224.29,234.59656,64.288743,3.0141158
150.69,190.77762,53.664723,-15.774853
123.52,124.79711,12.608865,-28.707314
108.76,108.50245,11.352119,-28.707314
99.14,97.17048,10.864093,-28.707314
95.31,92.95642,10.250042,-28.707314
91.04,86.03747,10.554416,-28.707314
88.2,91.03919,10.250257,43.168865
87.98,88.81462,9.962989,43.168865
89.53,89.151665,9.751238,43.168865
96.92,98.54654,9.968207,43.168865
121.7,118.56877,15.502818,43.168865
171.99,154.2549,155.008448,228.53116
184.49,199.5263,2328.01911,2377.962
141.42,183.23706,6688.558444,5837.6216
114.69,133.64557,11877.380257,11344.295
102.94,108.07685,15813.832243,14119.0625
92.68,96.42423,17819.088367,16099.174
90.82,85.87943,18155.890952,16466.89
92.69,90.034546,16465.723332999998,15565.663
99.31,99.89373,13340.38569,12862.936
115.03,114.0959,8538.493903999999,8169.953
152.19,138.77751,3341.027873,3543.5884
205.78,181.93533,371.963703,416.291
238.06,233.09488,106.764941,-3.3005471
151.68,214.64017,33.610083,-34.21833
119.66,126.65054,13.205301,-32.953594
109.8,106.75486,10.106097,-34.21833
100.32,96.78012,9.336519,-34.21833
98.98,92.20923,9.097777,-10.521405
94.09,91.31554,9.786697,-33.278473
92.61,92.93693,9.691335,36.77205
91.34,92.49971,9.856887,36.77205
93.51,93.70496,9.770704,32.52579
101.61,101.84198,10.569705,43.168865
122.18,121.72945,17.894203,43.168865
158.22,152.16978,96.051565,233.5676
153.87,175.45058,2109.52107,3227.3948
129.36,144.69637,6990.722231,7530.266
109.05,113.71493,12729.735715,13548.551
96.72,93.30585,16887.182016,17359.37
88.82,84.70478,17346.965820999998,19752.31
86.53,79.912865,15721.458878,17618.775
82.83,79.78041,13842.497979,14342.548
87.45,86.53481,11217.978753,11918.322
92.01,102.06553,7275.189804,8768.74
110.57,119.2717,2950.441928,3833.4976
126.9,143.47113,302.2852,693.46814
127.61,154.52367,40.616805,26.063736
112.34,126.36305,22.864993,-5.6576595
97.72,102.611244,12.622835,-4.3929167
92.92,89.66929,10.916161,-4.3929167
85.55,83.952866,9.987908,-0.1466491
86.6,78.965355,9.872009,-28.707314
83.14,79.12572,9.867518,-4.7177973
78.67,81.48415,10.296949,66.39962
77.14,78.28942,10.534979,69.708
78.65,77.94427,10.569095,31.26105
86.09,84.58532,10.838876,38.599213
101.66,104.66155,12.752083,30.360476
120.56,125.93933,116.467037,247.18439
123.18,134.22676,2094.609191,3249.7036
109.25,119.34404,6121.610860000001,5748.2354
92.97,98.481026,10152.283841,10692.752
82.29,81.35722,12591.74469,12599.139
76.07,70.13312,13314.383881,14278.378
74.44,66.792114,12650.520729,14397.762
76.08,69.78168,11072.502292,11537.432
85.8,80.248375,8815.769387,9734.53
94.85,93.07289,5505.695249,6848.1494
114.75,110.53764,2145.740441,2599.5657
124.58,127.82982,206.078931,232.48907
124.09,134.49542,49.078442,-14.493139
114.05,112.30502,15.62722,-32.953594
101.53,96.96528,11.747411,-34.21833
96.15,89.76671,10.217282,-21.285866
90.22,84.63761,8.940603,-18.701473
91.67,82.22924,9.10276,-26.940191
87.64,82.27897,9.016682,-25.675455
85.29,83.0262,9.339563,31.827007
82.78,79.41027,9.74189,31.827007
82.16,79.86768,9.405042,70.59883
84.34,77.95889,9.855039,32.76686
90.5,84.29174,11.86286,37.338013
98.63,101.60206,57.95900400000001,124.35097
103.29,107.586,1696.871154,2166.8364
94.23,98.30992,5710.805502,4482.085
84.5,81.77714,10490.676029,10076.3545
74.22,69.54074,14390.387812,13713.499
59.29,62.120335,16676.958275,14815.632
46.77,48.593227,16808.732856000002,16298.24
51.91,46.239746,14986.433218,14171.066
73.95,54.867172,11280.323915,10395.512
87.23,83.24819,6557.346877,6749.0815
108.92,105.32273,2331.494029,2200.716
124.09,121.28976,217.957354,191.15355
127.96,131.58574,82.603611,3.5800662
117.74,112.99135,37.943469,-28.141361
109.31,100.71282,17.128847,-15.208902
104.84,95.920876,12.19346,-32.71253
94.36,92.63615,10.98813,-32.71253
94.26,84.53411,11.58392,0.41930127
88.78,84.53411,12.916143,-28.141361
86.59,84.710304,11.000415,63.966015
83.27,81.75465,11.053431,72.204765
82.9,79.07379,11.382915,43.73482
83.59,79.53523,10.72448,32.76686
85.38,82.97197,11.119597,32.76686
88.51,87.72152,65.653899,104.13111
90.99,91.922485,1756.5517570000002,2033.6807
81.97,85.37498,5615.361259,4761.655
73.5,69.26926,9912.986107,10702.803
66.29,57.497562,13021.75262,14797.673
59.43,51.436596,14570.084904,14287.392
48.76,46.854645,14190.703345,14779.52
58.65,41.569023,13144.92584,12467.7295
78.09,60.28216,10437.434011,10767.144
87.1,88.77965,6452.642051,6387.695
106.26,105.27647,2441.6376250000003,2169.7683
121.19,120.0156,194.809599,204.12437
128.32,132.51405,21.67,-0.9910814
117.85,118.32195,14.546752,-19.455166
112.81,102.672646,12.852904,-33.65238
109.51,98.53029,10.893384,-33.65238
98.78,96.21764,9.716542,-33.65238
95.52,90.29861,9.88564,-32.38764
92.33,86.80199,9.285105,-32.38764
91.16,91.400665,9.727615,32.200912
90.3,90.229095,10.082251,36.77205
93.68,91.11038,10.398377,32.200912
100.96,98.51446,10.477678,43.168865
140.7,111.8914,15.9315,43.168865
240.17,150.32498,143.603662,79.61291
235.9,235.81367,2231.687965,1853.4908
165.76,222.51808,6882.180791000001,5063.574
129.85,147.06293,12094.224729,10192.491
110.69,115.07083,16502.663448,14950.267
97.86,100.39252,19407.646783,18188.191
92.95,89.11184,19930.480926,19124.486
96.37,91.23877,18104.497302,16857.36
105.76,101.93207,14501.712944,13003.6
125.58,112.16481,9219.762794,8119.0986
181.81,139.54332,3288.665479,2937.8513
282.57,192.5358,249.072842,318.40427
331.66,282.31152,81.397387,31.57473
173.78,279.36002,19.712485,-0.1466491
132.59,143.60098,11.382179,-4.7177973
116.6,116.20455,11.459518,-28.707314
107.01,103.80071,10.250021,-5.9502563
106.11,98.50493,10.128289,-5.9502563
100.53,98.15607,9.855962,-0.1466491
96.84,100.27057,9.902021,66.07474
96.83,96.21881,9.920642,72.57233
97.96,98.0973,10.058568,75.511604
103.58,104.99956,10.55599,43.168865
125.94,125.779686,12.095464,63.400074
168.7,162.0294,90.300681,111.52078
181.2,195.66028,2221.9211290000003,2442.4783
148.21,176.08083,7120.107747,5896.903
127.33,136.21059,12682.839169,12520.287
113.61,118.95826,17890.814009,16539.51
104.22,104.49189,20928.947984,20429.09
102.39,97.389,20968.246061,20887.28
102.4,98.55762,19284.076058,18631.904
114.81,108.06527,15739.895797,15540.86
136.5,126.261215,10083.767744,8897.719
202.44,157.94382,3587.99696,3485.9058
355.36,229.97964,249.20739,281.43796
351.93,360.82077,102.111629,11.22297
212.43,295.2735,32.663716,-10.196525
154.4,181.17616,12.430342,-21.285866
130.71,131.15904,11.235714,-32.953594
115.24,113.08162,10.978474,-20.021116
112.63,102.45089,11.138464,-20.021116
106.93,101.00694,10.63681,-34.21833
105.04,104.99008,9.337407,74.57175
102.09,103.18432,9.651465,32.52579
104.87,103.00793,9.722012,75.511604
111.55,110.85073,10.00315,86.47955
147.91,131.51503,12.775842,43.168865
278.09,169.60115,78.103135,71.06676
260.91,273.67474,1891.950822,2296.4968
180.3,233.32468,6480.46882,5066.8228
142.18,159.22282,11869.213428,10816.904
125.15,121.612434,16021.326455,15155.441
113.04,109.10189,17513.806325999998,17327.36
108.19,98.417885,16439.918375,18210.986
110.54,100.10242,13950.558438,15836.64
118.96,116.8161,10551.860704,11306.654
129.8,133.72772,6565.889465,7164.0703
168.38,160.67407,2407.015418,2678.0251
230.58,200.1449,171.462057,268.14743
225.06,272.5398,44.981448,-24.228405
162.35,208.88086,28.170479,-28.707314
129.75,142.06842,24.304082,-28.707314
107.85,115.74103,14.132826,-32.953594
97.06,101.659,10.404288,-33.278473
89.22,89.79444,10.58502,-32.953594
85.42,83.583305,10.28456,-28.707314
85.52,84.37358,10.169158,43.168865
84.45,84.92641,10.425073,43.168865
86.5,85.689384,10.374903,43.168865
87.45,95.07041,11.625264,32.200912
103.07,110.22449,27.177852,32.52579
124.39,137.23163,51.122204,42.673786
133.15,150.54471,1578.413028,1914.4138
121.42,136.73515,5533.362867,5982.9165
99.44,114.81205,10091.172958,10574.885
92.3,91.542046,14351.996947,15002.241
87.55,84.9237,16799.930432,16920.867
84.7,80.44772,16538.860052,17114.477
85.6,82.62463,14384.486779,14929.381
89.86,92.449585,11125.353607,10532.752
97.98,107.42422,6599.459929,7094.0884
122.71,122.510254,2086.655996,2254.2412
136.81,151.97134,141.73071900000002,132.5012
146.33,164.28099,55.971514,-9.407567
122.7,134.5801,19.698961,-34.21833
103.12,112.36892,18.921266,-11.461268
96.93,94.28787,12.108484,-5.6576595
91.0,86.54046,11.188987,-34.21833
91.82,84.492516,11.368665,-20.021116
91.44,83.66154,11.410898,-34.21833
90.53,90.51348,11.269326,32.52579
88.07,88.76327,10.073068,75.511604
91.29,88.74986,10.128965,66.07474
95.05,99.19212,10.47049,66.07474
110.77,111.4635,12.935057,66.07474
132.09,133.85585,47.366915000000006,82.80447
144.77,140.88739,1605.502092,1948.824
129.55,132.78882,5886.327239,6077.1953
116.19,111.33854,11085.75143,10977.978
101.12,98.911,15087.656049,15267.443
90.87,87.873886,16403.5631,17180.994
88.35,80.00894,15008.531725,16469.805
88.42,83.11835,12539.601624,12496.524
91.23,93.28726,9227.210271,9967.334
98.57,102.34264,5190.110151,5890.6895
121.36,122.93481,1642.817007,1963.7627
134.35,139.45256,120.829413,113.35885
136.96,146.80853,46.328534,-16.151045
120.34,120.49856,20.197549,-28.707314
106.28,103.70879,13.880261,-32.953594
103.28,97.991516,12.153583,-33.278473
95.45,92.86939,10.703339,-20.49844
95.14,87.55867,9.827667,-21.285866
90.7,85.90868,9.671196,-5.6576595
91.18,88.57425,10.000139,76.07755
89.45,88.9489,9.821685,33.091747
90.15,87.41116,10.135894,73.138275
91.68,88.95203,10.285875,73.138275
95.36,96.84919,12.361263,73.46316
109.67,105.71337,63.588098,89.67403
111.97,117.26125,2951.559159,1925.5078
102.15,109.43311,11531.73938,8275.011
95.03,91.98009,21845.649170999997,17961.861
81.58,79.22694,29888.56596,25222.852
74.82,67.42045,32942.022797,31511.594
69.11,62.261448,32752.584055,31303.21
72.34,62.5443,30275.298461,28818.92
84.59,72.70155,24594.542526,24604.566
97.44,94.87392,15387.408997,15359.013
122.87,119.228584,4403.543371,5757.3853
139.3,140.84705,159.77952,425.37192
129.82,149.378,60.913538,9.772656
115.86,121.0694,31.958083,-10.334445
99.03,102.68002,25.871488,3.8670535
96.14,95.43428,25.448677,-23.266897
91.5,89.332825,25.584371,-23.266897
92.32,86.61428,13.941999,-23.266897
87.73,87.24786,12.56159,-23.266897
83.48,85.29552,11.946392,40.785763
82.21,80.58308,12.298829,40.785763
82.89,79.56995,11.905837,68.84048
83.4,81.379196,13.407448,42.212475
84.57,85.64155,12.981218,41.110645
85.09,91.045074,89.481074,51.258633
85.38,88.96081,2565.537177,2364.1106
78.82,74.58155,9088.249472,7649.3936
73.02,63.555943,17151.361802,14493.234
63.15,54.728317,24405.433964,21696.756
42.25,46.72508,27967.837781,26231.477
24.25,28.536648,27891.721218,27634.363
38.66,15.918391,24468.93791,26061.672
59.51,41.042347,18436.214736,20076.611
81.69,75.24215,9660.695398,13304.484
97.74,103.581184,2328.554253,3973.6182
103.8,116.88611,72.26606,112.7772
89.09,117.70727,19.521257,-3.2838874
66.65,88.46485,13.49278,1.4058858
66.58,64.90979,14.172048,1.4058858
64.62,66.918144,12.253249,2.9271908
51.34,64.20843,10.116354,-25.633467
56.48,49.326256,10.58469,-24.368723
51.05,54.32279,10.89751,-23.266897
48.74,52.754856,10.283002,39.27995
46.7,51.2304,10.845348,39.27995
49.16,53.571434,10.614687,39.023384
62.66,60.095547,11.12204,37.758644
77.8,85.84695,13.033934,37.758644
97.65,111.65471,97.48488,56.487873
108.55,121.01724,2172.243562,2618.5103
94.72,112.321266,7007.150838,6415.7744
81.98,93.072815,11939.84894,11992.208
84.57,75.00629,15508.588054,15943.43
78.58,74.869675,16304.40427,16754.766
80.18,71.08621,15814.42129,16937.504
86.04,78.47766,13461.552713,13641.64
98.65,92.10634,9696.104508,10609.057
107.58,115.15142,5215.711722,5941.162
118.24,129.6333,1549.712349,1901.2068
118.31,147.64836,128.629361,-16.679937
102.95,142.73085,64.210278,-24.228405
90.82,104.112274,28.207007,-34.21833
75.31,83.22121,14.42618,-34.21833
62.34,71.27508,15.642361,-34.21833
44.1,56.123764,15.790264,-34.21833
53.3,43.178905,16.215534,-34.21833
35.5,49.104946,15.955818,-11.461268
29.23,33.537525,14.774256,30.360476
20.33,32.559002,15.102202,32.200912
26.1,26.540215,14.801872,32.52579
39.02,37.544094,15.372197,75.83649
71.67,62.331966,15.806004,32.52579
86.66,98.54967,33.115007,49.990284
91.46,105.32765,1834.676094,2470.3315
81.81,96.52521,7756.568921,5635.4043
71.68,76.76734,14082.527522,11461.649
60.59,65.63014,17695.986522,17336.127
45.0,55.935116,19035.19121,18395.754
31.71,43.8268,18341.697329,17980.68
34.98,35.565453,16251.01414,15863.393
60.02,46.88848,12963.040222,12905.889
70.61,77.61389,7728.203506,7021.267
102.27,96.42303,2114.159237,2191.63
122.5,133.97653,72.758637,73.19808
115.09,145.79742,30.489935,-24.228405
100.07,114.55098,18.148419,-28.707314
84.51,95.035,16.282535,-28.707314
81.02,78.76965,14.354759,-33.278473
72.57,74.034615,12.805354,-33.278473
80.18,66.216286,13.521744,-33.278473
79.52,72.64065,14.633753,-20.346
77.72,78.236916,14.560171,52.43211
80.86,75.051994,14.355622,32.200912
83.54,80.98138,14.608268,43.168865
87.15,90.224266,15.593141,43.168865
96.87,108.52967,14.518087,32.200912
108.24,126.60418,27.865779,69.16186
121.35,130.24063,1019.631757,2062.62
125.31,121.62891,4365.184,5376.911
111.06,115.96799,8540.40501,10117.987
99.51,98.64917,11611.833878,12596.047
97.35,88.55032,13450.984439,14415.458
96.11,84.492226,13977.560455,14140.459
100.53,89.714386,12372.079788,12101.142
112.83,105.717575,9250.018634,9764.068
128.54,125.55053,5148.765939,5522.219
183.79,143.78758,1368.399804,1915.0067
294.8,190.88406,109.872491,44.18235
273.02,278.15097,89.530013,-33.397087
177.79,229.27826,49.151103,-28.707314
133.32,150.50711,22.034228,-28.707314
119.42,113.550865,16.247952,-28.707314
106.63,103.64423,11.686193,-33.278473
104.19,96.09612,18.614922,-21.42919
98.2,93.25599,12.583392,-34.21833
92.78,97.225525,10.627703,32.200912
83.41,91.02846,10.59858,32.52579
72.55,84.37487,10.930338,32.200912
67.67,79.79997,11.353725,52.43211
77.25,84.46999,13.579878,31.26105
83.74,100.50759,27.27257,41.409046
89.05,98.69983,760.602033,1142.0118
83.07,93.849625,2893.674459,4129.6694
79.96,78.35047,5715.805502,7112.634
73.23,69.979675,8100.476933,8496.657
69.58,66.233795,10033.850035,9322.665
63.02,59.225864,10543.946034,10266.954
61.28,60.51865,9772.335029,8957.892
74.66,66.34767,8130.63028,8051.7065
82.03,85.17657,4620.916052,5508.9263
94.62,100.5718,1181.038402,1472.8751
105.54,119.32092,58.589736,-4.608418
94.16,120.06956,40.150044,-25.97564
84.16,91.58626,27.747364,-34.21833
75.63,72.31193,17.779803,-34.21833
67.08,71.88678,16.714342,-5.6576595
48.16,59.65175,16.041742,-34.21833
16.22,41.195686,15.457213,-34.21833
10.31,16.45935,15.463539,-34.21833
5.97,13.896179,15.585924,50.33788
3.22,10.273875,15.393077,56.141483
3.89,8.709117,15.671845,41.300755
10.86,17.917564,16.353433000000003,10.129249
31.36,35.003967,17.626654000000002,16.626846
65.79,54.459316,34.655541,29.476368
80.84,79.2853,1337.471177,935.7181
74.42,81.231766,5244.599617,3499.4946
51.26,67.58286,9831.301171,8637.44
25.62,41.22893,13832.743652,12658.155
3.94,18.08182,16215.022198,15434.067
1.31,3.7892225,16560.545016,16712.209
0.87,1.4342234,15402.475233,14653.861
2.16,11.011062,12840.783404,11039.588
23.52,23.026321,7776.746889,6801.4756
57.15,54.519333,2111.152214,1936.8362
72.75,77.279205,89.693682,77.84516
64.49,87.25736,86.23030299999999,-32.4105
52.69,63.040585,36.133397,-27.720726
33.58,46.537636,20.644524,-12.203881
22.99,30.524988,17.391535,0.83993536
8.65,21.299202,18.275326,-14.00084
2.96,11.490483,20.45135,-14.00084
1.36,6.522025,21.971994,-14.00084
1.56,1.4171848,15.451817,17.192797
0.35,1.7448853,14.32194,37.42402
0.75,2.5324082,12.695527,17.192797
0.28,4.081645,13.669601,45.66276
0.61,8.979036,15.872397,45.66276
-0.01,13.217474,26.744754,49.32912
6.99,15.206996,1197.977915,1696.0643
12.96,7.915495,5324.5055950000005,5889.8955
7.91,8.054291,8930.421153,9680.052
7.46,-2.1314719,11130.888044,12026.59
4.53,-4.1591163,11256.881159,12147.985
3.44,-1.687369,10701.665914,10779.898
3.22,0.70098823,10255.524847,9715.465
4.44,10.702878,7866.182486,8339.339
10.19,23.259285,4532.427847,5990.8413
35.82,38.125504,1105.9516,1754.4258
58.68,54.631092,67.705241,19.456305
60.77,69.53747,111.59599,-38.342155
40.53,59.431385,35.425469,-33.65238
26.23,35.62907,19.050003,-20.719915
24.4,25.291336,20.414229,-13.434894
11.27,22.20512,15.975061,-27.154772
11.29,14.044128,19.482921,-13.434894
5.12,14.195684,18.367128,-14.222316
0.75,6.802238,14.998521,45.66276
2.32,1.2762033,15.312845,68.31584
0.27,4.3243155,14.374191,18.714102
-0.82,3.1988873,15.531057,68.31584
-3.06,4.30578,15.722908,52.587925
-3.5,4.595663,20.242083,50.85042
0.35,5.083957,1361.574444,1749.5283
1.47,-4.7305784,6724.661092,4982.944
-0.96,-8.024045,12092.749747,10887.318
-0.4,-11.91909,14144.795159,14452.237
-0.48,-7.070103,14665.078304,14983.779
-1.63,-5.428311,14027.253966,13884.445
-0.82,-6.855119,11919.412796,12051.931
1.45,1.6749351,8685.167413,9712.131
6.8,16.113619,4883.434664,5039.4194
8.99,28.401985,1340.577893,1318.6877
27.2,28.712645,53.921716,-14.684122
40.75,36.60578,30.569949,-17.390793
39.11,35.051327,22.378346,-25.633467
17.32,28.470224,19.015858,-25.633467
8.99,15.590408,17.860970000000002,-25.633467
13.74,9.04451,15.660492,-25.633467
7.21,13.571394,16.197055,-25.633467
4.05,5.76551,16.62947,-12.701016
1.86,7.150465,16.345123,38.37937
1.23,4.3401794,16.675935,38.37937
0.6,4.107463,16.041218999999998,38.37937
3.85,11.77995,16.523369,18.148151
16.39,23.531607,16.280062,20.849693
64.26,35.515522,19.589458,52.98601
87.15,74.102615,334.372874,1510.2764
95.14,86.558136,2126.253941,4377.3804
96.73,83.478195,4796.26765,5763.8613
88.88,86.35723,8496.025343,7070.4707
90.46,79.87601,11519.007006,10394.534
84.55,81.537025,12342.462641,11841.594
83.66,79.69603,11741.094087,10595.469
81.92,84.062874,9639.95627,8534.126
84.13,89.84319,5505.803913,5015.943
95.12,100.642426,1307.914416,1475.422
105.72,107.07638,59.911923,41.016136
120.31,109.90291,73.829137,-23.611067
111.0,108.80187,43.973692,-4.9636717
90.42,93.130844,17.147418000000002,-14.788267
74.18,77.548325,16.0056,-12.203881
67.62,62.519836,15.77175,-12.203881
56.06,60.43797,16.312379,2.3612406
39.26,49.13245,16.864385,-3.4423666
25.89,34.347313,15.546762,61.45885
17.18,22.608618,15.416564,16.626846
10.93,19.018305,13.767572,18.148151
11.28,20.283215,13.849441,18.148151
25.99,29.551666,14.633858,16.626846
60.31,40.544,21.108148,45.096813
83.04,72.57113,895.1636739999999,898.5843
89.1,81.53768,3594.1983,2922.4087
86.15,83.29529,5892.500585,6448.361
80.9,77.78284,8140.623832,8667.179
74.26,72.04968,10317.941333,8871.012
66.38,64.974625,11297.246674,9255.875
61.17,63.11057,10382.05891,10053.404
64.28,63.928783,7794.634583999999,7723.4683
72.02,69.7985,4182.667687,4859.38
82.91,83.90932,942.792598,1246.274
94.92,94.71008,58.462467,-21.747665
107.12,107.42168,52.681817,-38.908104
104.34,106.42875,28.699227,-34.21833
93.18,90.51581,18.386161,-32.953594
82.0,80.93561,17.055312999999998,-34.21833
77.55,71.385994,14.624354,-11.461268
68.84,69.308716,14.767518,-5.6576595
57.12,59.92106,14.961773,-11.461268
52.14,54.66921,15.992329,31.26105
51.61,49.543682,15.161572,38.599213
52.44,50.429115,14.933027,59.731007
54.96,58.0259,13.517294,67.168465
69.31,68.93111,12.980103,43.168865
92.45,84.95348,45.783879,43.168865
107.85,108.00712,1690.057704,714.7097
103.28,109.38903,8330.358619,3525.9133
90.51,96.209984,16510.603141,10451.61
78.98,81.97595,22408.266057,18666.727
75.61,72.73773,24314.267853,22701.492
74.86,69.11516,22712.099701,22567.164
80.56,67.49326,17894.536057,19345.477
91.91,85.78065,12402.553613,12847.064
115.67,109.010704,5431.0592240000005,6363.671
125.72,136.53767,1024.247787,1075.4408
129.62,145.964,118.95047300000002,-21.747665
129.37,145.13142,65.867583,-38.908104
116.32,123.069305,37.954645,-34.21833
102.97,105.03413,37.068525,-32.953594
97.14,95.894295,20.326965,-28.707314
93.9,89.04089,18.30564,-28.707314
85.91,85.03512,16.29176,-33.278473
73.59,77.9722,16.103697,-20.021116
69.25,69.20212,15.326494,31.26105
64.02,66.07879,14.736085,10.129249
58.21,59.576675,15.369783,12.830791
52.4,58.716255,15.846994,12.830791
57.4,60.144577,15.780789,12.830791
72.79,72.19457,19.250581,33.062016
89.29,79.268486,450.440405,1082.4564
91.3,86.44097,4645.674779,4905.084
70.02,76.99677,12631.045666,10387.068
43.05,54.023502,19119.381953,16567.17
11.85,33.08363,23515.218347,20822.809
5.1,7.1944723,24772.933938,23516.807
7.09,6.438504,22892.264114,21656.516
40.62,17.441631,18120.122428,17593.666
78.5,61.334633,9657.044738,10671.113
99.79,104.864105,1651.935181,2217.421
125.7,117.89751,52.941558,99.44395
126.73,137.23758,50.866564,-1.2549745
120.82,120.15088,44.055692,3.206502
110.36,106.38058,16.443473,3.206502
102.0,99.78765,14.542196,-23.83285
98.78,91.622246,16.525729,4.7278066
87.92,89.894005,11.811441,-23.83285
87.97,79.88052,12.0066,-23.604553
82.78,84.70296,12.852778,91.354004
79.53,80.26804,12.69678,48.043324
78.84,79.00264,12.923911,48.043324
80.53,83.03452,13.283656,48.043324
88.76,90.870544,13.729968,68.27451
110.29,101.18484,51.464729,48.043324
116.92,116.767654,1763.138735,542.76526
105.49,108.93116,8183.3755,4642.404
86.3,90.499504,15490.21985,14061.652
76.4,71.22666,21097.002376,19787.373
75.97,63.131767,23555.653972,23100.004
77.66,63.623768,22331.772543,23450.645
82.82,68.797195,17954.454614,20771.416
97.08,83.096306,11786.700144,15302.129
114.41,104.63711,5295.974692,7079.518
123.73,122.73575,857.805788,1701.1456
121.71,136.60262,94.19854,-15.983164
111.65,134.56575,76.51191299999999,-24.228405
94.55,111.03581,23.353937,-25.354155
91.02,84.94103,16.513148,-25.354155
86.73,83.74972,11.923078,-25.354155
80.42,80.02657,11.349798,3.206502
71.82,73.44551,10.252864,3.206502
59.85,66.28974,6.691496,1.7797993
47.33,58.67258,6.1759,82.48308
37.77,46.776657,5.3659490000000005,77.768936
40.44,37.5755,5.961679999999999,59.78732
34.0,41.967583,6.104625,48.60928
32.76,37.97096,5.739382,48.60928
31.64,44.617443,11.342159,48.60928
35.13,45.678047,1479.347008,1606.8306
37.21,34.5223,7206.383439,5447.149
28.08,26.106855,13190.000563,12759.995
18.56,14.7844925,16126.063679,17999.207
19.52,12.605211,15907.012799,16743.104
25.52,15.910973,13083.213068,15677.773
36.6,21.592316,8837.533763,10792.954
51.0,43.21911,4498.903126,7049.4478
60.78,64.89035,1735.026632,3276.14
74.31,79.83818,258.625377,502.41
86.19,89.364494,53.744605,-0.66620076
89.99,95.08666,35.795991,-38.342155
85.95,82.657,22.677992,-33.65238
83.23,76.45072,12.168775,-28.141361
79.89,75.23935,8.510636,-19.455166
78.87,72.69098,8.633276,-32.71253
73.0,72.970566,6.724214,-28.141361
65.94,64.11441,8.949372,-28.141361
62.26,61.16505,9.49547,32.76686
62.13,56.321896,8.405000999999999,32.76686
63.09,56.436867,7.698147,43.73482
65.98,59.57209,8.695294,32.76686
68.41,64.496605,10.161858,33.091747
73.27,66.69615,9.908543,33.091747
77.24,72.31212,184.777367,1222.871
79.12,72.332085,1701.043626,4430.2046
81.18,66.37059,4545.2334789999995,7042.4746
78.89,64.38192,7774.693293,7787.86
78.53,63.4765,9701.631162,9153.1045
77.92,64.08602,10109.417738,9997.448
83.21,69.37607,8667.709667,8748.595
90.15,82.066124,6124.554814,5805.5947
104.94,96.85087,2902.755946,2382.146
113.14,108.80925,483.908641,378.93985
125.8,114.679794,77.971244,-20.241848
124.52,124.111694,83.71535700000001,-37.402298
111.29,109.44526,33.798553,-32.71253
99.63,93.84574,11.068864,-33.65238
95.32,88.93112,9.351961,-33.65238
91.28,82.76133,10.297595,-33.65238
84.25,81.258415,10.491551,-26.37424
76.41,74.667274,9.48081,1.4058858
74.96,73.22881,8.88771,38.599213
71.26,72.74709,8.705456,59.93755
70.38,69.28592,9.13782,45.096813
72.23,75.918915,8.212918,45.096813
76.01,84.27464,9.352911,50.500668
92.62,89.81283,12.289731,50.500668
115.63,103.06545,704.322433,163.57445
103.04,111.7863,5485.016184,2147.0686
89.03,97.394775,12498.69252,8533.061
77.86,86.00656,18357.173587,14758.71
74.2,77.41593,20925.888601,18989.293
71.5,71.76692,20157.444362,20678.176
72.05,72.65001,16918.498709,17466.793
75.58,78.644394,12581.019628,11924.31
83.0,88.30113,6280.055773,6073.9526
95.27,102.62128,986.512061,1071.7567
96.57,113.37496,44.359717,19.749075
95.34,114.886475,24.676224,-25.188213
85.79,97.52025,14.832902,-34.21833
78.98,75.87362,9.776888,-11.461268
67.15,71.54051,8.806967,-34.21833
59.39,60.792786,8.478175,-11.461268
42.14,56.279655,6.432904,-21.285866
28.36,42.155197,6.151259,-11.461268
21.85,32.499485,6.191202,59.731007
18.8,24.672295,6.752548,60.670856
20.25,27.006649,6.790642,32.200912
38.07,32.380043,6.5728089999999995,75.511604
62.26,54.523556,7.174945,66.39962
89.92,76.72955,14.072681,60.99574
116.86,105.594666,1176.154454,673.03076
107.66,112.436745,7037.186045,4458.116
81.16,99.103,14788.546858000002,12172.814
65.92,72.481544,21172.241867,18257.707
60.59,57.681248,25024.242904,22520.969
58.95,52.962193,25429.773522,24340.488
67.24,56.483986,22093.792556,23189.143
78.71,71.789925,15583.476498,15979.237
110.02,87.113594,7282.766993,8905.635
126.2,123.295105,1143.548288,1618.0486
129.18,132.9832,72.21796499999999,34.225945
123.3,132.35184,57.102904,-20.464626
106.0,111.897964,24.096834,-28.707314
97.6,91.63163,12.35826,-28.707314
89.57,85.388176,10.259432,-28.707314
83.04,79.492325,10.68813,3.206502
73.16,74.41156,9.072012,-25.354155
74.51,63.76774,8.070178,-25.354155
71.81,70.698204,8.105912,46.522022
71.68,68.629524,8.521840000000001,48.043324
71.79,70.13343,9.312953,48.043324
75.94,74.9507,10.055504,81.91713
83.09,87.496666,10.706582,81.91713
95.42,97.4599,13.84891,103.259094
117.35,110.2102,1096.423897,1688.6833
107.23,111.6929,7895.124136,5926.453
81.23,94.83362,17380.282103,14572.527
68.42,67.651245,24815.732991,21881.975
64.38,56.379467,28670.479939,25894.035
63.82,52.455925,28414.691997,27416.473
77.35,59.937138,24369.083197,25739.787
93.4,82.08309,17707.056060000003,19268.611
112.15,110.41214,8272.641851,10634.951
142.45,134.188,1241.086294,1712.8651
152.12,156.4203,53.975394,-7.0679793
136.58,154.93956,41.137201000000005,-24.228405
124.55,125.42642,28.974096000000003,-0.1466491
113.23,107.62441,9.087521,3.206502
103.35,102.64228,8.088696,1.7797993
94.63,93.55313,12.493422,3.206502
89.67,85.69538,7.637193,3.206502
89.34,81.88458,7.719638,3.206502
88.48,86.94334,8.952461,77.20299
88.38,86.68568,7.65997,70.80618
87.96,88.58143,13.32938,77.20299
90.23,92.54517,13.378274,77.20299
93.12,102.877846,13.436108,48.043324
116.02,105.16408,20.04412,91.582306
137.62,124.94073,813.608088,910.4206
117.68,124.760345,6531.088817,5722.6406
96.56,100.266045,14697.3555,13529.218
84.61,79.645256,21159.692422,21014.564
83.1,69.723175,24854.179269,25657.262
84.15,70.05214,25192.310081,25884.227
87.54,77.8616,22193.695343,23282.633
102.23,89.86937,15495.453423,19240.545
125.96,111.24299,6480.860717,9409.109
152.4,146.5765,663.526347,1853.3535
163.9,162.67758,60.340448,28.707844
143.57,171.37692,25.742764,0.038034096
128.29,132.93329,14.378024,3.3011045
117.88,112.78754,8.357655000000001,-2.5025048
104.91,105.704926,7.391185,-11.539674
99.16,96.36626,7.118371,-25.259562
93.08,92.76626,9.560276,-23.83285
91.57,86.59938,6.687018999999999,-23.83285
90.96,91.75321,8.504358,48.043324
91.12,91.808266,7.19492,48.043324
90.89,93.48744,7.615347,48.043324
91.97,98.17452,7.787648,48.043324
95.62,106.85895,8.013523,48.043324
115.73,115.594536,12.549995,58.419613
137.76,130.62752,456.911022,1125.1725
129.99,129.66037,4094.715263999999,4626.702
107.19,112.122314,9549.846207,9040.727
94.84,91.997734,14109.992878,13308.191
89.82,81.28037,16701.436028,16417.074
87.84,79.27903,16914.845099,18454.229
90.91,82.72643,14636.793693,16497.05
102.37,96.184715,9960.062972,12436.089
129.99,119.570076,4101.394508,5810.6255
164.87,147.5484,444.544384,697.7076
183.96,174.73573,66.049188,-2.1935232
158.84,184.41467,27.29328,-19.353945
133.64,144.8462,17.980148,-23.83285
122.53,118.13647,11.499261,-25.259562
109.06,108.22293,7.553229,-23.83285
103.34,98.61721,7.216811,-23.83285
97.02,93.27185,6.661582,-23.83285
95.2,87.04701,7.120413,-23.83285
93.12,89.525795,6.581030999999999,48.60928
91.94,89.144485,6.900783,48.60928
91.96,89.30498,7.027932,40.785763
92.47,89.81085,7.048416,48.60928
92.96,92.89083,7.129721,48.60928
97.16,98.55993,8.404264999999999,48.60928
105.99,109.139534,247.789826,894.4166
106.65,109.05175,2473.8898870000003,4088.9236
102.98,99.84606,5934.826501,6540.7876
99.16,88.90571,8966.80847,8737.766
95.24,86.84906,10614.413802,9755.232
94.28,81.8978,10650.246301,10089.554
96.54,86.78195,9064.856752,9161.363
101.5,95.70799,5784.423892,5804.0967
119.16,116.84198,2355.6373160000003,2899.5933
129.35,136.37245,277.646877,180.48166
140.19,145.02669,28.523804,8.454521
137.97,148.84602,28.962417,-27.95667
128.25,127.02694,13.802767,-23.266897
123.1,116.2663,8.55266,-23.266897
111.73,110.03994,7.798807999999999,-23.266897
103.18,101.221725,6.998666,-22.713425
94.44,95.06652,6.617962,-10.334445
96.12,85.582695,10.551696,-23.266897
94.27,91.10397,6.874756,48.60928
93.04,89.49517,6.7113,48.837574
92.08,89.218155,6.867932,48.60928
92.28,89.724464,5.526266,48.60928
92.49,93.0121,5.671664,86.11635
92.38,94.03702,6.912933000000001,48.837574
93.42,98.24823,116.285324,128.23145
97.91,94.16265,1283.935222,2317.6038
97.22,91.65227,3243.655522,4707.5703
96.46,89.89413,4985.519654,6346.125
96.24,87.11743,6119.772014,7160.4697
96.42,87.60943,6292.482013,7171.3667
95.8,92.343414,5304.5194630000005,5685.5522
99.09,98.29077,3608.252844,4056.1074
106.93,112.26468,1638.609782,1871.5381
118.28,119.50022,272.004854,163.08382
132.47,131.67064,26.270329,16.33019
129.54,139.02101,17.804305,-20.081007
117.93,119.07596,12.92147,-24.788202
107.35,108.23138,8.084299,-24.788202
97.81,100.58517,7.447833,-24.788202
95.21,90.4696,8.389334,-11.068326
90.89,86.30633,5.564025,-24.788202
93.49,83.94552,5.35655,-11.627456
91.91,91.619156,5.599632,46.522022
91.61,92.06764,5.688601,75.22026
90.56,93.34648,7.229716,46.750317
91.52,97.564095,7.337289999999999,46.522022
97.39,105.589294,7.788418,75.54543
128.28,111.139854,10.630681,66.75322
162.36,140.4108,185.568183,260.36545
177.56,152.86365,2296.031392,2208.6497
161.17,166.79109,6004.818136,4546.185
136.6,144.7783,9260.544779,8277.418
125.25,124.92706,11574.637589,10812.474
115.29,118.310036,12896.770382,12223.887
117.94,111.97309,12315.461147,10205.542
127.36,119.621704,9117.985859,8006.042
151.98,134.24577,4047.45264,3860.6
166.02,157.39848,407.321803,643.47394
192.8,170.83394,93.166349,-12.8835
166.26,198.94055,44.458557,-7.058582
139.93,147.8703,15.308369,-2.5971055
114.21,117.67104,9.731529,3.3011045
103.57,102.56845,14.273192,-23.83285
95.45,93.72703,9.34482,-23.83285
89.09,87.97004,10.420611,-23.83285
82.5,83.466156,7.630707,-23.83285
79.42,82.49667,7.054513,48.043324
76.09,80.600044,7.03489,40.219807
74.8,79.1217,7.275731,40.219807
76.35,81.579636,9.813562,40.219807
79.78,91.38689,10.440571,37.758644
90.02,101.06496,11.266935,16.626846
107.66,109.74479,180.316507,414.90295
114.65,121.06048,2307.264427,3237.0781
102.78,117.86191,6845.234155,6070.285
91.88,105.03975,11831.201221,10927.255
86.06,91.985,15007.616055,13511.653
85.11,84.01209,15831.686474,14519.027
88.84,86.15992,14248.084125,14638.024
101.6,102.74157,10054.531715,11020.922
122.83,118.92248,4560.888182,5500.752
139.82,143.34279,586.588939,713.1534
142.81,162.82498,101.176913,25.51358
121.55,159.66058,39.825375,-30.043928
107.02,118.164536,14.092476,-25.354155
98.6,97.44948,17.835238,4.7278066
92.19,93.00081,9.438699,-23.83285
86.48,85.03496,7.589298,4.7278066
76.05,79.792984,8.451913,-10.900397
76.77,71.192825,8.836839000000001,-23.83285
71.42,76.14777,9.362752,48.043324
66.97,70.93867,7.399639,48.043324
64.88,69.325226,8.408179,48.043324
64.15,71.508415,7.515747,48.271618
68.32,79.80817,9.162251,48.043324
82.62,86.20612,15.206442,48.043324
108.16,97.82222,326.542508,370.69226
100.99,112.19535,4209.192673,3042.386
79.66,95.19477,10716.206593,8044.3647
67.79,71.039116,16437.269681,13908.761
57.4,59.38424,20608.286109,17471.805
57.48,49.101353,21189.063597,20402.336
70.49,55.47379,17931.436603000002,18833.63
80.66,76.72244,11147.693441,14469.554
100.75,96.3404,4206.776961,6452.203
111.82,125.08773,393.183714,718.69977
114.83,130.19753,60.555902,-12.8835
102.87,127.359665,44.056066,-28.522623
87.96,101.798164,27.702277,-23.83285
77.29,80.14441,11.07168,-23.83285
71.7,71.633736,10.103147,-23.83285
67.25,67.37008,9.519333,-23.83285
53.05,65.474785,8.647078,-1.0757991
30.57,52.710945,8.141965,-23.83285
19.25,34.008038,7.866569,48.043324
13.74,25.43444,7.772266999999999,41.64652
13.45,21.526321,8.287911000000001,40.219807
15.94,26.94349,9.317307,40.219807
34.67,37.29102,9.783416,60.451023
58.84,57.86397,12.296147,74.09363
82.15,78.58526,329.287678,391.80582
74.48,87.20202,4264.295016,4513.4556
58.99,68.977264,11260.231575,10193.622
49.93,47.75527,17635.47542,15389.851
38.0,39.608,20937.079413,19529.014
43.99,27.550217,20468.790039,21055.57
58.51,42.240273,16594.799805,18421.38
78.67,66.061,10158.006137,13647.35
99.22,95.9656,3939.150178,4965.447
108.21,120.836044,362.298647,508.70764
127.3,127.11211,29.71626,-20.807798
126.39,137.36757,32.980576,-33.397087
121.52,121.098114,17.968503,-2.5971055
111.47,108.81682,12.75654,-25.125858
113.52,99.896706,13.012803,-25.354155
108.41,100.76973,11.413793,-25.354155
101.49,95.4536,11.186128,3.206502
94.96,89.09347,10.126839,3.206502
94.05,89.36541,9.249854,46.522022
93.12,89.46198,11.283801,43.168865
92.26,90.78622,11.548626,46.522022
92.41,95.779976,11.200898,46.522022
92.73,103.75416,10.691507,32.200912
112.32,109.03329,26.96108,46.522022
133.85,125.382454,410.716614,189.08612
130.6,132.20619,3084.996952,3762.9036
120.85,113.312965,6656.033944,7949.6665
108.17,102.07027,9417.400389,10154.062
102.34,91.55131,10676.123182,10884.986
98.73,87.37252,9916.839685,11028.846
100.76,91.6939,7876.115211,9276.753
107.13,104.59964,4928.535755,7005.953
120.42,122.133965,2070.133029,2767.6956
124.8,136.45018,225.768011,196.28128
131.76,140.95056,51.263427,-0.7533132
120.17,142.96413,37.281636,-37.968246
101.08,113.061356,20.986776,-28.707314
93.86,94.05262,10.364432,-28.707314
88.99,87.74272,7.448999,-25.257847
87.46,83.71175,7.809348,-28.707314
73.48,82.76332,6.484536,-5.9502563
73.83,67.70814,5.366904,-28.707314
71.43,71.45928,4.986669,43.73482
66.07,69.38209,5.234226,43.73482
64.4,67.064445,8.073772,67.09032
64.24,65.59496,7.736653,43.73482
64.86,68.43567,7.376145,43.73482
65.58,73.36566,7.1913979999999995,32.76686
76.12,75.93247,75.429689,146.74152
82.33,81.69651,1557.884574,2458.2324
85.23,79.03626,4717.549488000001,5025.153
86.85,77.05126,8100.481301,7335.774
86.79,80.346405,10285.511647,9014.793
84.02,80.6429,10139.733503,8895.372
89.54,80.13993,8195.790543000001,7930.7334
93.98,94.495674,5293.021197,5074.8096
100.24,109.11039,2130.633805,1898.4607
106.23,117.44423,195.127353,69.690605
117.46,120.72501,48.542304,6.933215
118.95,129.09485,32.445781000000004,-30.579803
111.71,113.30752,14.064409,-32.71253
106.36,102.51915,7.834906,-28.141361
101.81,99.366264,10.708314,-10.972018
101.78,92.85772,7.062889,-28.141361
98.14,91.49637,5.645672,-28.141361
92.17,90.33732,9.128058,-28.141361
91.89,88.30692,7.567398000000001,67.31917
89.97,88.52032,6.893218,90.39865
89.16,86.167595,5.949069,80.96178
87.89,85.629875,5.891465,48.60928
90.12,86.63401,5.971938,75.55791
88.31,89.878204,8.430464,47.08797
93.16,93.22847,172.434841,87.9354
96.68,93.33785,2688.490171,1235.133
97.26,89.82758,7005.780047,5056.868
95.53,87.915215,10312.338362,9400.799
97.42,87.78951,11753.935251,9856.785
98.81,87.87467,11222.711917,9922.292
100.07,96.10646,8092.139569000001,8079.585
105.12,102.85272,4417.821002,4981.7866
115.74,116.10126,1545.329151,2025.5367
122.48,125.54709,132.713543,55.71734
128.05,130.97151,52.494748,-38.342155
124.79,135.0489,56.202438,-37.402298
112.26,114.51871,30.648108,-33.65238
102.81,100.81039,9.71048,-32.38764
94.3,94.44707,8.291357999999999,-27.154772
93.29,87.12193,7.598687,-25.633467
86.51,86.265724,6.275761,-25.633467
86.55,82.23295,7.243567,-24.368723
80.33,86.55864,7.878394999999999,39.27995
76.42,81.51987,6.963862,40.219807
74.16,79.42971,6.427879,18.148151
76.05,81.50211,7.529894,18.148151
83.64,92.7751,8.312372,52.02197
94.79,105.340034,16.914596,67.7499
116.73,113.38509,42.257999,162.8562
122.6,128.04318,1095.072876,2803.6174
114.71,124.461975,3894.465187,6219.0527
102.66,115.406136,6850.4747290000005,7738.9995
90.82,100.57281,9637.23717,9237.632
84.78,89.30096,10272.049622,10468.639
85.14,86.24364,9046.488044,9757.775
90.37,93.99809,6203.607932,5951.7144
101.91,108.152916,2494.14247,2111.7358
112.17,121.879135,240.14288,203.74435
121.92,131.69476,40.380571,28.279036
119.63,138.74112,37.262328,-8.132137
113.64,118.79196,35.693088,2.3612406
105.06,100.51824,11.900345,2.3612406
94.35,97.789375,10.004243,2.3612406
90.75,88.0036,9.06776,2.3612406
83.52,86.14043,7.132826,2.3612406
84.59,78.127304,7.088885,-0.94979113
81.91,83.71346,6.255355,69.84273
79.28,81.4104,5.66897,65.45347
79.66,81.11121,7.219201,72.95209
81.32,87.080574,6.014297,43.792427
84.63,94.804344,5.669212,43.792427
94.9,98.69258,7.257065,43.792427
112.84,109.960175,192.110767,100.23815
124.34,119.712395,2990.191634,1286.3107
107.11,119.031265,7940.887116,5585.465
96.33,101.04817,12398.484647,10509.962
90.24,92.843666,15026.134098,13556.865
89.74,88.1529,15524.941674,13798.852
91.59,90.807434,13671.020988,13245.386
101.47,97.59973,9165.251702,9459.566
122.05,116.29534,3770.092303,3783.8467
139.16,136.57043,327.237034,339.59674
148.24,150.45346,61.378255,18.454426
139.06,152.87991,35.535955,-2.3285322
127.5,126.91926,14.73658,-12.479537
109.27,111.985344,11.93574,-13.266965
98.89,97.25624,10.966137,-26.19942
96.87,90.64153,9.876723,-26.19942
86.8,85.19685,7.62447,-18.921293
89.49,80.39402,7.128895,-14.9334755
88.21,87.91861,7.607782,38.37937
83.55,86.49193,7.829126,34.128475
83.11,82.50201,7.530507999999999,13.897257
85.51,88.07861,7.335556,78.339745
88.17,96.17232,7.40961,63.498997
97.96,101.67341,10.044551,63.498997
121.65,109.12893,150.479423,113.41762
129.79,122.42723,3174.4222950000003,2746.8267
111.42,115.96815,9040.048195,6437.293
98.52,98.0434,13553.842255,12145.243
93.08,88.93077,14690.789109,15342.939
90.98,83.36126,13342.451534,13768.779
94.58,87.04307,10196.69255,12071.697
104.53,97.3334,5610.888292,7847.084
115.69,115.3375,1938.21453,2866.331
120.45,129.10455,155.983267,213.27242
130.08,134.435,41.779686,-30.889194
120.85,136.54654,21.490169,-17.956741
118.55,117.613335,16.798242000000002,-10.682576
102.79,103.12823,20.845119,-26.19942
97.25,91.94846,10.564345,-18.921293
96.79,86.48075,9.199983,-26.19942
90.16,85.68089,8.765933,-26.19942
88.68,81.7676,8.459369,-13.266965
86.05,88.28874,8.008751,59.511173
85.78,83.79393,8.859859,46.618114
85.1,83.43749,9.295592,38.37937
86.33,87.66218,10.268732,18.148151
90.6,97.96803,10.257275,18.148151
106.49,103.47809,12.318186,18.148151
140.83,119.04943,36.86454,81.3491
151.45,138.66615,1046.084383,3120.0317
143.08,127.678665,3830.280504,6745.311
131.14,120.383644,6672.835339,7265.9946
120.62,109.08221,8759.8866,8577.506
117.78,104.81039,9468.446936,10374.254
119.13,107.85873,8480.344587,10347.208
128.19,117.731026,5961.210313,7470.82
143.71,136.90984,2394.418893,2423.1345
166.53,151.0228,186.675652,271.01083
171.73,171.15489,30.520142,-4.212862
157.51,172.60608,16.986643,-4.212862
148.18,140.46552,14.724976,0.70520663
131.03,123.10426,8.316301000000001,0.70520663
118.28,114.91581,7.740079,0.47691083
109.22,108.196106,6.092488,0.47691083
96.82,99.59498,5.04705,0.47691083
102.77,90.00817,5.330777,1.030384
98.43,100.42028,5.521098,55.198784
95.7,98.64082,6.188899,54.97048
95.37,97.20255,6.69443,73.50556
97.52,101.966286,6.6419999999999995,44.345894
104.39,109.9738,5.993895,44.345894
132.87,121.04903,6.5132639999999995,44.345894
175.74,145.23262,44.693042,215.49889
202.74,173.50777,1983.142223,1773.3029
175.49,190.4008,7723.561047,5524.76
150.93,155.75781,14495.276755,11816.851
136.79,133.76202,18612.559336,15998.566
129.77,122.28645,19184.026339,18019.525
133.74,121.66291,16363.935281,15796.908
149.07,135.9332,10531.757136,12299.682
183.56,160.0517,3580.557452,4480.081
225.93,194.02321,262.898475,386.2999
241.43,225.9921,80.308689,32.198288
197.28,235.03676,32.897217,-4.212862
171.04,175.02295,27.072752,0.47691083
137.93,149.6713,19.565851,0.47691083
119.81,121.0777,10.640552,0.47691083
107.41,108.34605,16.554539,1.030384
96.29,98.073364,11.365276,0.47691083
102.83,88.960335,9.422929,0.47691083
96.56,98.27362,8.480007,78.23218
91.66,91.87135,8.805471,78.78565
89.14,89.213036,7.177728,44.91185
88.97,88.27507,7.862389,82.41892
89.5,91.0958,8.108343,44.586678
93.36,99.41384,9.594328,44.91185
104.99,111.29168,73.542119,113.199936
103.85,119.28016,2793.385612,2016.9795
90.22,110.74687,10053.836248,7363.054
84.9,90.11316,17988.349669,14439.906
80.89,77.39021,22958.758614,20209.848
80.28,73.96201,23706.267386,23232.158
79.75,79.149345,20154.082128,21482.703
85.06,90.7059,12998.858506,15823.417
94.13,104.99284,4551.481016,5913.611
108.67,125.440384,291.880747,505.95364
115.91,134.13942,51.625811,32.76424
112.27,137.25935,39.348381,-3.6469123
101.38,114.35559,19.248182,1.0428613
89.31,97.394424,8.742935000000001,1.0428613
87.23,89.775314,19.573124,1.0428613
87.67,84.05567,34.408735,1.0428613
82.4,83.92098,13.218287,1.0428613
81.77,80.30099,15.547493,1.2711567
76.68,79.80238,10.472344,72.82831
73.22,76.119576,11.774283,81.86545
67.58,71.78665,8.378336,78.23218
68.78,69.04987,8.924308,87.66905
68.08,73.2009,9.275401,78.23218
64.5,73.2009,10.148247,78.23218
70.32,71.971695,70.71857800000001,145.87196
71.71,74.04827,2848.194087,3025.981
69.31,66.37296,9233.290955,8857.036
68.72,56.971428,15936.938601,15162.808
67.79,56.58349,20202.349473,18323.523
68.15,56.441998,20985.57436,20673.42
70.46,61.67583,17135.720956,19182.129
76.06,71.774,9438.904029,13898.302
82.02,89.78528,2362.406241,4584.407
86.34,97.11031,80.224252,138.54417
89.53,97.85837,30.746765,-34.574135
88.97,100.75168,23.373977,-34.574135
84.47,81.96669,20.11393,-29.884361
81.06,73.40342,11.883369,-29.884361
77.72,74.10075,10.55014,-29.884361
78.81,74.37873,8.06754,-29.884361
74.43,76.43787,7.195092,-28.61962
71.29,71.97003,7.130301,-28.944502
69.44,71.626396,7.001878,43.792427
70.03,69.56159,7.152375,35.968906
70.64,70.9735,7.197466,36.29379
72.51,76.811455,6.485225,43.792427
77.68,86.07047,5.633875,35.968906
94.56,90.06462,6.514398,36.29379
114.38,110.70391,13.590664,74.04447
120.49,121.59561,403.728751,2019.1658
120.78,121.319084,1835.11215,4526.1753
122.7,110.77343,3708.980798,5456.218
127.9,110.81992,5135.4813269999995,5793.9033
131.47,115.610306,5502.459809,5434.2144
141.24,122.66865,4813.687957,4925.8115
156.37,136.28049,3110.979905,4268.1436
173.41,157.48253,1106.510357,1829.516
202.23,177.67502,75.320615,36.302933
226.1,212.32262,25.869909,-13.005778
203.08,232.71341,21.757922,-21.244507
169.97,181.66391,13.248882,-25.259562
139.14,145.56218,6.9869959999999995,-10.900397
122.62,120.81603,5.15718,-10.900397
112.63,109.58733,5.2425250000000005,-23.83285
100.1,101.03815,6.711176,-23.83285
105.89,92.28244,6.519137,-23.83285
103.28,100.41269,6.09959,68.27451
101.97,100.777756,6.282233,68.27451
100.21,101.27518,6.411726,76.51326
100.24,105.53962,6.517067,77.066734
110.11,113.751205,6.301671,68.27451
124.73,122.61788,7.424094,48.043324
258.86,131.42189,18.863989,133.78401
320.41,235.2268,711.717275,963.2729
289.1,281.3608,2900.97129,2989.0557
275.43,251.07663,5276.217121,4920.7583
290.69,242.05438,6854.80926,7356.5723
301.81,256.3335,6801.816766,7470.4375
286.72,276.90338,5422.77781,6109.755
287.01,269.1606,3094.497377,3759.3425
304.28,276.98367,927.527497,1279.4929
334.85,307.3157,79.594154,36.302933
376.28,330.97296,42.835466,-28.522623
299.72,359.78387,18.254711,-14.432484
243.44,260.34976,10.938207,-24.934679
171.25,199.53445,8.990095,-12.3271
135.29,149.268,7.779445999999999,-2.5025048
117.11,119.17999,6.564943,-23.83285
104.6,107.05594,6.205592,-8.316006
96.18,97.64438,6.717894,-23.83285
92.73,97.12854,6.7872010000000005,40.219807
90.56,93.15995,6.946916,39.27995
91.32,92.64017,6.958431,18.148151
91.4,99.32259,7.171042,18.148151
99.72,107.93159,7.117491,18.148151
132.98,118.57909,9.858146,18.148151
202.79,153.3731,36.480718,38.96547
251.64,222.64572,616.643179,1141.3201
236.44,251.80765,2696.844761,3309.0178
218.94,234.71007,5253.119464,5323.136
196.96,226.47124,6740.351074,6697.8633
194.16,206.22885,6562.50262,7893.97
195.8,205.7979,5279.508025,6454.0376
214.41,215.2455,3222.393627,4335.2
252.47,244.90811,1057.159973,1304.6554
316.39,284.57956,104.579079,45.831467
319.55,340.05566,87.352822,-28.522623
253.22,335.8026,28.970792,-14.802748
200.3,235.1016,14.181179,-23.83285
150.66,174.57947,20.207408,0.47691083
120.54,132.21162,10.069187,-1.0757991
106.2,113.17476,7.958456,-23.279377
94.1,99.037,7.302751,-0.84750336
89.52,87.03557,6.852056,-14.135573
83.69,91.54879,6.611393,72.26236
80.15,84.2784,7.0435110000000005,44.345894
77.32,83.88344,5.755613,77.89453
78.74,85.19018,6.30138,72.49066
81.11,95.097694,6.099382,43.792427
107.84,99.48136,7.087428,76.51326
122.68,133.40474,18.043797,105.97936
124.17,140.8109,1086.73386,715.18414
108.69,137.96791,4713.644494,4195.1597
96.1,114.33195,8969.276686000001,7421.386
89.53,102.814804,11113.838513,10714.688
86.08,93.86636,10431.782535,10394.827
86.03,92.81565,8353.659874,8361.025
89.34,103.16375,5110.497199,5078.423
94.55,117.72125,1763.999347,1396.1335
97.28,127.270744,105.702351,104.23843
103.64,128.3917,33.263212,-30.889194
101.43,130.45296,24.167935999999997,-17.956741
90.98,111.81432,14.789232,-26.19942
86.34,89.81445,12.144626,-26.19942
81.35,83.15622,11.26151,-26.19942
80.67,74.892235,9.257699,-26.19942
69.34,74.37071,7.231758,-26.19942
59.43,63.1113,6.7633529999999995,-26.19942
54.0,62.342823,6.9442699999999995,18.148151
51.49,57.31738,6.733396,18.148151
49.37,54.896442,6.638396,18.148151
56.84,58.943897,6.7903459999999995,18.148151
63.42,76.336494,7.574749,18.148151
83.18,86.274025,8.434618,18.148151
95.16,99.22816,46.206871,38.96547
104.02,106.95091,1263.051834,1252.1715
102.91,109.87798,4253.4125779999995,4191.2656
97.92,102.385056,7466.428811,7081.4453
97.73,93.07537,9068.57152,8576.437
94.7,94.22786,8850.708365,8896.477
95.72,95.27034,7179.195017,7752.899
97.44,107.89168,4211.26751,5223.7944
103.98,112.655235,1260.321607,1679.7211
108.39,123.78355,79.79299599999999,3.3986726
105.38,129.84605,58.473708,-30.889194
103.56,119.258125,25.908132,-30.889194
95.62,102.192406,17.507508,-26.19942
89.52,88.60011,10.290155,-26.19942
84.76,83.736755,8.745805,-26.19942
84.28,76.37002,7.695688,-26.19942
75.77,77.82249,7.212449,-26.19942
80.54,70.18461,6.913031999999999,-24.934679
79.58,76.369095,6.332187,40.785763
78.48,76.05266,6.237546,41.110645
78.26,75.307045,5.921984,40.785763
81.27,76.05352,5.984869,48.60928
84.16,80.52798,7.604904,48.60928
86.49,85.24496,7.221917,48.60928
92.35,93.21537,17.141105,117.222534
94.75,96.72186,601.988463,1474.754
101.63,93.266075,2966.12379,4468.591
99.77,95.195984,5948.5990170000005,6241.3096
95.13,93.91853,8001.854789000001,7257.0093
89.75,86.89803,8433.15157,8303.208
91.18,87.13191,7200.640314,7527.9946
94.43,95.11331,4532.700317,5235.5674
101.16,103.00987,1520.1683320000002,1539.3511
102.96,113.20353,82.983052,-8.095079
107.19,114.200066,33.975499,-29.383379
100.04,114.524704,20.561304,-27.95667
93.35,95.02928,14.676776,-23.266897
84.85,83.91687,11.083226,-11.761151
83.47,78.51661,9.139106,-23.266897
84.88,77.27019,8.620567,-24.693605
78.51,78.93996,7.281529,-24.693605
76.33,74.341324,7.014841,-24.368723
71.13,73.32527,6.45859,39.845905
68.33,68.2754,7.212633,39.845905
66.76,67.68022,7.238701,41.110645
66.81,66.15759,7.22702,41.110645
71.0,69.00612,6.390013,61.01697
72.09,72.24236,8.500577,42.212475
74.18,73.483315,32.386073,83.68598
79.07,73.529274,1227.462469,1057.9658
80.98,76.09343,4383.774001,3603.3496
83.28,74.14259,7373.317795,7022.134
83.04,76.87229,8896.212704,8689.952
83.41,76.515915,8506.237034,8917.956
86.19,78.73687,6458.776467,8165.2397
90.71,86.955475,3457.368051,4830.567
96.94,100.00192,1053.64778,1410.121
100.65,106.65435,57.30309,58.641808
108.88,108.44905,24.476601,-27.95667
109.73,112.277084,17.548345,-27.95667
106.92,99.197975,17.429104,-23.266897
101.1,94.58893,8.338773,-24.368723
96.41,91.17582,7.654106,-25.633467
94.35,87.921265,7.219767,-24.693605
87.66,85.47435,6.831049,-2.8764167
86.79,81.58918,6.069198999999999,4.1919336
84.26,84.6342,5.552208,76.19352
81.12,80.711525,5.89542,74.09363
82.29,79.763466,5.739458,69.379486
80.03,86.29357,5.520633,74.41851
88.13,93.47866,5.747554,78.05178
97.84,100.87579,6.955571,60.775906
129.94,112.039246,26.029372,96.61734
138.24,133.46214,1514.744147,943.48474
113.44,133.60194,6807.427702999999,4480.634
98.8,115.618286,12680.447361,9209.078
92.37,103.705444,16348.421448,13012.155
89.38,97.55546,16022.217299,15772.785
93.3,96.14765,13065.958629,12188.478
106.17,106.45943,7844.152494,6842.1357
118.8,123.95468,2344.913887,2216.931
117.25,137.20422,101.039291,154.1361
106.52,137.40903,28.184804,-1.3886677
99.25,122.63382,21.318943,-5.639564
91.48,105.49956,14.160721,-0.94979113
86.32,87.77138,10.786866,-0.94979113
78.38,84.32009,10.856523,-0.94979113
76.86,75.27095,11.190931,-30.450321
69.94,74.05013,9.323123,-30.450321
63.34,67.091354,8.075083,-30.450321
59.41,64.93361,8.547124,78.339745
54.64,62.46891,7.939049,35.02905
53.57,60.10677,8.196505,35.02905
54.88,65.01469,9.869232,35.968906
66.37,76.09518,8.251363,35.968906
76.54,89.3425,15.173653,35.968906
90.14,101.12624,48.547754,68.47226
89.93,112.13882,1377.293906,1305.29
89.14,106.85005,5434.912265,6145.98
86.26,97.656555,9459.435745,8969.025
88.36,96.375534,12065.124918,11555.009
89.14,98.95266,12329.336454,12310.309
100.11,103.97133,10136.838319,10560.283
112.0,122.94119,6019.096195,6177.7734
141.85,136.6178,1660.149515,2187.3982
152.73,165.128,68.94089,46.950386
166.13,175.52208,30.525834,-29.949335
165.35,175.64728,18.332702,-28.522623
158.0,153.25368,11.020256,-23.83285
143.44,137.88731,10.330392,-23.83285
125.34,129.02179,7.62565,-25.259562
115.21,114.455765,6.600547,-24.934679
100.95,102.06115,5.494505,-26.19942
95.77,90.36817,5.285275,-26.19942
91.34,90.73797,5.419406,39.27995
90.92,87.77556,5.212746,39.27995
91.93,89.209694,5.4961269999999995,39.27995
93.48,95.03685,5.679184,59.511173
99.44,105.3451,5.644229,39.27995
143.17,119.846146,8.901347000000001,39.27995
202.31,152.11826,18.721242,96.94222
243.64,201.70877,748.606803,874.8678
215.1,225.7152,3091.933492,3848.6262
182.93,200.9914,5300.382045,6330.2056
167.22,165.74797,6781.571746,6756.787
163.32,149.92606,7132.306576,7108.7393
170.62,153.38568,5901.645591,6609.6235
192.08,168.29744,3741.60774,4346.2793
250.42,203.99313,1192.570069,1272.0538
332.68,252.58893,101.024658,75.44175
307.1,315.91806,63.718092,2.015085
216.37,302.46857,19.219272,-32.77352
178.3,194.25098,17.315338,-28.083746
146.71,157.32422,7.19802,-14.363869
127.04,129.6981,7.379113,-15.790573
115.99,115.92088,5.51319,-15.151297
104.03,103.56669,4.78152,-29.510456
98.04,95.34958,5.014314000000001,-29.510456
94.91,95.833984,5.002191,36.29379
91.66,92.193726,5.030381,35.968906
90.44,91.59045,5.36147,35.968906
92.24,96.209465,5.326287,35.02905
97.83,105.6193,5.394901,13.897257
123.28,118.447266,6.288267,35.02905
147.63,143.33168,12.343684,64.22136
162.71,163.37935,555.058368,553.9325
165.19,165.34927,2669.376546,3323.0151
144.72,158.12209,5212.36074,5160.6665
143.88,137.77782,6821.861602,6599.6587
136.98,138.37659,7218.346037,6948.5674
138.94,136.45369,6288.694837,6104.3193
148.14,150.69505,3873.005511,3931.7383
156.78,167.77267,1085.741698,1175.5437
158.68,185.11995,44.211742,18.268763
157.93,180.80336,23.16742,-35.14009
144.46,169.65651,33.019937,-27.861963
134.47,141.2347,9.871495,-29.185575
121.55,125.259964,7.997165,-15.790573
107.38,116.671776,7.830545,-15.151297
105.75,101.72991,6.92606,-29.510456
96.86,94.36156,6.502095,-28.083746
95.63,87.96541,5.181744,-28.083746
92.29,93.00732,5.218795,44.345894
90.33,90.53139,5.042434,43.792427
90.18,90.57396,5.230271,43.792427
93.14,95.31726,5.305383,43.792427
99.22,105.65786,5.262612,44.345894
127.07,118.66812,5.920864,44.345894
166.88,137.38602,11.160979,82.421455
211.42,161.96019,315.450419,644.14044
205.83,204.07707,1784.662633,2871.4521
185.14,193.09761,3816.215069,4623.705
182.79,169.06241,5294.41452,6176.043
174.42,167.90508,5487.824077,6166.9155
169.15,163.5112,4595.546225,5330.629
169.48,161.94266,2935.365191,3706.3347
180.55,167.77478,921.180193,1186.2897
186.55,181.54895,45.843949,19.175524
177.02,187.51996,27.614253,-28.522623
155.82,178.49045,19.57163,-28.522623
132.97,142.29994,12.691606,-23.83285
120.62,119.01252,10.377368,-23.83285
101.11,107.48522,9.475759,-23.83285
94.69,93.021255,7.775109,-23.83285
84.86,86.176544,7.034016,-25.259562
82.03,78.067154,10.112647,-11.214793
78.12,77.79928,7.486341,74.98446
73.82,74.99294,9.36664,61.01697
70.23,69.86469,10.056117,56.766075
64.83,68.42098,11.696446,41.110645
62.41,67.74602,13.369768,39.845905
62.83,72.33864,13.312279,18.714102
68.41,74.372154,19.26803,29.383444
76.69,80.90944,575.8848350000001,340.3287
80.02,88.84816,2653.8428320000003,1842.5945
81.07,82.51647,4918.748567000001,4801.1807
81.29,82.113625,6413.064041,5397.6953
81.56,88.148994,6649.875282,5964.0386
82.35,86.22041,5340.977674,4943.849
85.89,90.82928,3238.7577039999996,2917.575
89.06,101.599464,907.208009,915.19824
94.44,107.21369,54.90219,1.038037
95.44,110.35535,32.881564,-29.383379
90.59,107.98528,23.0065,-13.541652
86.44,91.30039,17.650785,-11.436269
81.13,84.37224,13.558374,-11.91359
77.85,73.37977,13.382913,-25.633467
76.6,73.33989,13.515476,-11.436269
70.49,69.01385,12.300436,-14.222316
64.66,64.689316,11.116766,-27.154772
59.0,60.92583,11.428196,17.192797
56.72,53.69563,11.544773,17.192797
56.08,52.47852,9.987429,17.192797
59.14,51.36717,9.427263,17.192797
62.23,56.883644,9.045049,17.192797
65.73,60.06219,9.172378,37.42402
73.32,64.55299,14.314486,56.332104
77.39,72.24432,443.284809,686.14624
84.25,76.05001,2344.487104,3111.1252
88.01,76.01285,4847.46681,4592.8906
89.44,78.53927,6290.403473,6724.1284
93.27,79.89732,6410.337794,6786.41
95.33,88.37939,5201.039245,4696.2964
100.28,95.84994,2978.46112,3282.9695
103.9,104.98883,770.001557,769.0318
110.1,109.14059,36.151619,-21.181715
108.86,115.4536,38.440837,-37.077415
101.72,113.4273,30.723189,-37.077415
91.39,95.135056,18.030558,-26.214912
85.28,82.25985,14.991933,-25.890028
77.21,78.87353,13.706971,-27.154772
68.94,72.558655,12.664338,-25.890028
48.87,65.18574,13.01179,-33.65238
28.13,42.906857,11.76124,-33.65238
24.47,25.66456,10.112303,31.26105
18.76,22.493294,12.328913,10.129249
12.49,21.293674,12.337511,10.129249
14.43,23.771444,10.464794,10.129249
29.38,34.746983,9.472634,10.129249
56.04,48.86566,8.95082,74.57175
79.22,72.39518,43.512158,132.71542
87.31,91.44707,732.410539,886.4087
85.78,91.009735,4192.428342,3355.411
80.22,83.363884,7977.60666,6694.8276
76.5,81.11037,9329.366644,9919.753
74.07,76.6981,8539.940271,9002.032
79.8,75.085106,5986.696491,7014.385
87.55,89.21756,3233.4321179999997,2993.4492
94.42,100.11587,925.955117,902.4107
97.19,110.944084,46.048792,4.120858
104.02,110.332085,25.373686,-24.71089
99.51,111.23607,17.594342,-38.908104
95.02,94.92394,14.287922,-21.285866
88.87,81.72093,11.110126,-34.21833
83.38,79.60273,8.141067,-34.21833
79.55,74.43061,8.478765,-34.21833
71.98,69.486465,9.142131,-34.21833
73.17,62.334488,8.527611,-34.21833
71.75,66.74709,7.964743,10.129249
71.11,66.92654,6.675215,10.129249
74.82,67.80776,6.3019300000000005,31.26105
76.38,76.68519,6.6130379999999995,31.26105
81.15,86.52586,5.867430000000001,31.26105
97.91,90.45616,8.831231,51.492245
108.54,105.43019,16.618451,70.276474
125.3,109.203255,964.583332,979.1087
108.63,115.95543,4568.310398,4286.8984
101.0,101.594955,8691.650167,7334.493
97.56,97.603806,11619.318608,9721.639
94.08,93.251045,12420.856223,10722.381
96.41,94.690834,10993.562993,9568.893
98.99,103.723595,7059.294083,6814.417
106.06,114.65846,2253.013611,1594.4985
107.27,122.91177,129.432397,79.19155
107.74,121.62612,40.946859,-37.968246
98.1,120.18832,23.780701,-37.968246
88.45,99.43352,13.365015,-28.707314
85.97,84.65332,9.35397,-33.278473
79.69,81.43288,7.645286,-33.278473
72.66,75.44446,6.7564850000000005,-28.707314
59.58,67.247284,6.18977,-25.354155
47.99,58.325317,5.597144,-26.780867
40.19,48.148647,5.640298,39.023384
36.72,41.130707,6.590861,55.333508
38.9,38.63978,7.376604,66.39962
51.05,46.74841,7.91155,32.52579
67.31,67.90772,8.531635000000001,52.757
80.51,91.21761,10.570664,32.52579
92.9,96.50934,14.379766,59.18864
100.34,112.15052,946.052344,534.132
96.51,108.22519,3980.940794,3910.7344
89.26,99.88314,6758.553502,6346.739
84.39,90.94244,8208.01348,8326.882
83.34,83.783424,8183.545472,8030.0522
85.27,88.52294,6622.198858,6674.7334
92.2,93.99025,3842.843746,4453.7354
101.8,115.8966,1052.180444,1673.4209
104.9,123.34131,48.565116,-15.983164
105.73,124.68909,26.645364,-37.968246
104.97,116.94918,16.258507,-38.908104
95.77,103.03563,10.722282,-34.21833
88.94,88.741325,7.552613,-34.21833
85.63,83.4338,7.124047,-34.21833
84.24,76.452995,5.14083,-34.21833
76.17,73.627335,5.739405,-21.285866
72.09,68.08347,6.05452,-34.21833
68.88,67.792175,6.224227,52.757
68.26,65.95719,6.105556,32.200912
70.49,67.51448,5.882396,31.26105
73.96,73.47384,5.888622,53.439945
79.47,86.75593,5.779808,71.63247
88.26,99.92833,6.976512,76.53048
99.2,103.65291,12.751572,140.15291
109.53,111.47133,600.352335,797.7173
105.49,115.811356,3745.804646,3472.0627
92.94,105.21896,7614.283624,7369.853
90.5,95.227905,10141.162145,9635.807
89.23,91.324135,10790.224734,10186.948
90.81,93.6842,9467.468077,8408.56
99.79,101.67649,5901.462887,5238.65
110.83,117.68009,1740.05571,1407.7751
116.7,126.1495,63.065356,102.7971
119.2,128.90762,21.288753,0.038034096
117.36,125.6602,14.720348,-1.3886677
112.48,113.48872,9.802487,4.7278066
106.22,102.99139,6.148918,4.7278066
97.27,97.903206,5.675962,4.7278066
97.96,89.09392,5.554608,4.956103
96.54,89.16182,5.558237,-23.83285
83.79,87.9333,5.522725,-23.279377
86.66,81.42136,5.78415,48.59679
87.8,83.7988,6.081034,48.271618
86.43,87.46512,7.729215999999999,48.043324
88.12,91.27986,7.206947,48.043324
91.78,101.22008,7.080211,48.043324
107.16,114.190865,16.237295,48.59679
127.76,121.63072,16.674823,75.9709
134.17,133.83629,635.0581890000001,330.7155
129.5,133.03842,3358.92683,3127.1687
122.08,124.03161,7024.681897,6514.124
118.86,119.861786,9643.132984,8573.732
116.02,117.54857,10240.389819,9374.107
116.03,117.207405,8438.965099,8082.996
125.47,123.49665,4894.5104790000005,5443.423
138.82,138.93391,1468.111146,1483.0155
152.14,148.97168,100.580981,-27.63465
150.19,154.73051,59.920592,-28.522623
137.67,150.73769,40.257624,-28.522623
129.73,124.54061,18.386562,-23.83285
120.48,115.15411,8.112257,-23.83285
111.36,106.959724,7.473286,-23.83285
103.13,100.259094,5.7280549999999995,-23.83285
93.05,94.602325,5.5426210000000005,-23.83285
93.14,84.337105,5.486858,-23.83285
90.35,87.51954,5.481214,48.60928
88.5,85.89984,5.983509,48.60928
87.37,84.44663,6.323251,48.60928
85.42,83.62881,6.225337,48.60928
86.4,83.86121,6.043153,48.60928
85.2,88.59946,6.866297,40.785763
88.16,91.69468,10.877669,76.53685
100.72,96.17396,257.608393,376.8148
106.59,107.80508,1665.574834,3007.9253
101.8,104.8567,3431.079886,4491.617
98.23,95.576225,4584.337493999999,5447.0723
93.88,93.796936,4810.736345,5534.281
94.26,92.508,4102.749627,4648.727
97.88,100.01248,2527.573222,3188.5325
112.03,108.887634,723.190236,1084.8922
117.83,125.06633,49.913547,-10.796247
118.37,129.75267,28.403267,-29.058496
112.71,128.50346,20.534004,-27.95667
103.22,110.70421,11.002737,-23.266897
92.95,98.47235,6.386466,-23.266897
89.58,87.119316,5.672839,-23.266897
89.39,84.39482,5.512370000000001,-23.266897
82.74,82.68884,5.477319,-23.266897
86.97,76.18096,5.697471,-23.266897
84.56,82.389244,5.829654,48.60928
78.72,78.715,5.94822,68.84048
76.68,75.06661,5.871823,77.07921
74.8,73.409424,5.694006,79.71954
74.41,75.483246,5.889357,62.443676
74.25,74.761566,6.713728,77.07921
75.7,74.31714,10.744083,76.53685
80.1,77.615005,317.30715699999996,154.00687
81.73,81.25227,2170.592154,1854.7358
80.53,76.929726,4805.123049,3580.643
81.05,75.04968,6891.989292,5224.7393
82.43,73.78682,7354.708299,5926.8496
82.0,78.60131,6100.845763,4811.474
85.78,84.390755,3548.237924,2740.434
91.2,94.65946,982.473767,651.46686
96.34,101.85688,47.654422,-13.162816
99.24,104.8798,28.029424,-29.058496
97.71,104.76449,21.952304,-29.058496
91.46,91.439804,12.516027,-24.368723
86.5,83.15764,12.789747,-25.633467
82.27,79.55007,7.207678,-25.633467
80.52,74.47264,6.461045,-24.368723
74.37,73.85972,6.263634,-24.368723
71.69,69.383896,6.158708,-24.368723
70.88,70.1332,6.076117,40.219807
68.89,69.863976,5.807473999999999,40.54469
70.21,69.842186,6.623761,69.01464
73.64,75.1771,6.666419,67.7499
78.4,84.51058,6.606139,18.148151
90.31,91.26191,7.938997,18.148151
105.31,97.2414,18.53941,38.96547
109.86,105.74133,643.1273530000001,264.69766
103.59,108.465126,4363.630969,2595.7122
93.71,97.15111,9658.358036,6424.845
86.78,89.51201,13841.246675,10373.55
84.03,83.55316,14988.282714,13050.516
90.67,82.01967,12325.380903,11239.323
100.43,92.958466,7018.081929,6751.0234
112.98,108.61273,1847.961052,1726.4617
114.52,122.212776,74.60245,101.951836
112.76,122.7895,26.817069,-2.3285322
106.99,118.79314,20.248644,-2.3285322
98.21,101.58713,11.502125,-3.4423666
91.67,87.31918,8.679364,-3.4423666
87.63,84.118965,6.690666,-26.19942
86.4,81.58384,5.550878,-24.934679
81.73,79.52314,5.648309,-13.266965
81.38,74.70013,5.451252,-12.002219
80.03,78.944,5.563327,60.451023
78.2,78.10504,5.544548,40.219807
79.18,79.02034,6.043779,40.54469
81.48,84.57049,6.3080169999999995,69.84273
80.8,95.108894,6.184147,54.97048
89.2,96.07614,7.674425,53.543777
98.75,101.03466,17.326563,255.71248
111.68,110.37858,559.863666,827.03815
106.23,112.48675,4118.40681,4756.7324
95.73,101.78888,9206.330016,8639.59
94.07,90.57218,12664.163049,12707.598
93.61,87.211075,13092.749999,13379.107
104.74,93.318596,9985.313506,11796.903
120.06,107.97073,5389.957829,7531.2964
136.99,126.13194,1420.149853,2049.5305
150.66,141.22868,56.843672999999995,5.851075
158.74,148.16362,31.00641,-28.522623
146.17,155.07472,26.815159,-28.522623
138.69,128.0756,13.927757,-23.83285
128.66,115.02867,9.835956,-27.85545
117.52,111.835365,7.355907,-27.85545
113.22,103.44171,6.145619,-27.85545
102.18,100.33215,6.032071,-27.530273
91.69,91.35314,5.144384,-5.3266945
90.42,89.17268,5.06789,64.02361
86.8,88.671616,5.055899,43.792427
86.71,86.38752,5.518422,64.76373
87.72,90.038956,5.562072,35.968906
91.74,98.79703,5.2092,35.02905
101.19,105.53893,7.518751,56.200127
118.17,108.1166,16.259343,84.1277
134.93,118.19247,433.795374,708.82574
128.0,126.61266,3584.9650810000003,4129.196
122.42,114.55376,8076.974183,7809.2017
115.98,108.04016,11366.670451,11006.711
111.76,101.9079,12115.05402,12074.149
119.35,105.84043,9716.41901,9991.017
126.44,123.9891,5495.787064,6352.029
129.75,137.66914,1482.203073,1792.2858
132.74,140.44624,62.412499,16.738815
126.81,139.75966,32.361554999999996,-17.016876
115.37,135.73904,16.272093,-1.063788
101.14,112.43476,13.114651,-12.3271
94.25,98.10403,8.980189,-25.259562
90.49,90.26541,6.933854999999999,-23.83285
88.08,85.323654,5.809117,-10.900397
80.81,81.402435,6.727454,-23.83285
76.38,73.754654,6.523968,-23.83285
70.08,75.42037,7.784941,60.451023
63.16,68.96035,8.816677,40.219807
56.15,65.86792,8.768324,76.51326
53.47,63.256824,9.36989,48.043324
56.37,70.81852,8.650357,40.219807
69.1,73.99557,9.515202,70.116455
83.86,83.32512,16.259474,68.147385
91.34,89.22751,893.551522,304.26105
88.12,94.25459,5443.349453,3196.5627
81.03,87.668434,10709.027104,8205.554
78.84,79.381134,14727.541612,11183.635
81.91,76.26435,16000.198458,14406.593
82.65,86.26618,13855.816759,12783.62
98.93,91.886375,8836.398122999999,8863.682
106.78,114.52332,2803.353776,2792.0413
108.18,121.16904,131.055806,287.41507
100.66,121.796906,33.397804,-6.867398
88.55,111.428635,21.025070999999997,-29.624453
78.68,84.82098,15.865467,3.3011045
68.31,71.91701,12.856412,3.3011045
56.27,65.92178,11.716914,-24.934679
50.62,53.088856,11.173953,-24.934679
23.57,47.851555,11.107003,-26.19942
11.48,24.931145,10.752694,-12.3271
6.64,18.646406,11.059487,83.5305
5.11,10.647745,10.450793,74.09363
4.04,12.559635,10.915071,69.379486
6.21,17.732468,10.417349,69.70437
15.39,27.4182,10.255956,74.09363
47.64,39.722244,9.591403,40.54469
75.68,65.778786,14.8213,141.9991
87.42,87.05062,663.026785,892.48834
86.92,92.149635,3356.9235980000003,4347.367
85.71,86.2391,5680.904635,7953.968
84.26,81.62706,6771.151725,8391.092
83.78,79.538376,6280.0786069999995,7460.368
87.31,83.505424,4708.046121,6018.857
96.25,94.596535,2659.69887,4256.6934
101.02,107.97863,715.148987,2033.7173
106.11,115.73169,49.988457,-21.747665
110.47,119.851685,65.967678,-25.035774
108.5,121.21344,33.359136,-30.043928
105.39,105.905075,16.448947,-12.4217005
102.91,95.14982,10.827513,-23.83285
98.08,92.48208,8.664811,-23.83285
97.08,86.69067,7.31263,-23.83285
91.45,84.763374,6.782942,-23.83285
85.21,81.41618,6.6838239999999995,-23.83285
83.76,76.843765,6.103319,48.60928
83.74,76.97535,6.3810199999999995,48.837574
86.17,77.46474,6.91212,48.837574
86.83,80.99797,6.720064000000001,48.837574
89.15,85.497025,7.017212,48.60928
92.69,88.40088,7.582079,48.837574
100.45,93.56102,13.661377,77.090324
111.25,100.66213,580.618978,313.92334
112.45,109.06861,3559.681137,2921.0247
109.02,101.18955,7142.375775,5136.5312
106.33,99.33916,9569.452499,7536.1826
105.98,97.67097,10128.670679,7601.086
108.04,97.9108,8571.115079,5608.3765
113.95,108.04613,5270.963097,3599.191
118.52,120.43681,1657.41862,997.5438
120.38,126.11373,87.91957,47.096855
120.13,126.69597,60.138346,-30.579803
117.35,123.52838,39.199295,-30.904686
105.8,107.1674,21.526299,-26.214912
97.94,93.67381,12.792988,-25.890028
92.48,89.277405,8.682155,-27.154772
92.07,84.993195,10.978223,-11.637933
89.49,85.35274,6.146515,-27.154772
93.3,84.25306,6.290602,-25.890028
89.33,87.426445,6.517453,61.01697
87.24,85.08857,6.99519,61.01697
85.41,82.11882,7.606996,48.60928
85.77,80.22616,6.622046,48.60928
85.58,84.32361,6.0377220000000005,48.60928
86.27,84.32361,7.222801,48.60928
88.68,87.342155,12.95047,76.53685
95.67,92.147934,572.916304,337.84967
99.07,94.73488,3667.239104,3078.3105
96.54,92.40991,7659.026167,6293.614
96.15,89.30459,10968.238922,9365.75
94.16,87.34144,12343.574976,11206.71
92.28,88.66496,10938.619528,9817.591
95.5,94.81777,7037.318599,7144.6245
99.54,108.9064,2320.204566,1950.3694
99.12,113.364586,108.26665,87.776405
98.23,109.41766,38.828888,-30.323242
92.4,105.800804,20.143359,-30.323242
87.17,86.906075,13.831937,-10.116626
81.58,79.16177,11.022881,2.9271908
77.43,71.18795,9.67846,-25.633467
75.45,68.41172,7.0582650000000005,-25.633467
68.42,66.748024,6.785969,-25.633467
69.12,60.61193,9.264056,-25.633467
65.69,65.58638,8.049205,18.148151
63.52,61.940853,8.699134,18.148151
61.63,62.289368,8.052616,18.148151
64.85,64.70374,8.111352,18.148151
70.52,75.52145,8.828004,18.148151
77.73,82.33278,9.832448,18.148151
89.4,84.734924,15.063911,28.817493
96.58,94.30322,235.754675,371.2692
94.67,99.5298,1704.68462,3140.5947
92.74,89.70564,3480.011597,5329.172
87.95,89.20736,4659.644278,5660.4688
87.08,83.150116,4875.844591,6399.075
88.51,87.060936,4190.790484,5922.7793
93.61,93.363525,2647.035325,4734.2134
101.34,104.23808,914.452307,2091.7085
105.15,113.38846,60.436649,-13.728766
109.3,113.3171,47.518311,-17.169313
105.32,114.8885,26.405062,-2.3285322
98.6,99.10049,13.930807,-18.921293
94.69,87.93786,10.069024,-13.266965
88.76,85.64912,7.993281,-10.682576
88.02,81.08564,7.016274,-26.19942
81.33,78.741646,7.390331,-26.19942
74.21,73.460266,7.455917,-12.479537
68.5,69.50282,7.918877999999999,18.148151
65.59,64.814,8.299281,18.148151
63.56,61.761513,8.557551,18.148151
63.63,66.063896,9.222493,18.148151
65.6,75.779686,9.019626,18.148151
71.88,78.574135,9.572555,18.148151
81.48,78.088554,23.453333,28.817493
86.23,84.37517,118.205838,133.78723
87.08,88.58884,955.19479,2057.1467
84.92,82.77667,2325.645521,3539.5664
82.16,78.7179,3532.0274609999997,4977.837
81.24,76.464325,3843.798975,4773.733
80.2,80.180046,3315.117302,3705.2183
81.27,86.12001,1923.676385,2539.016
83.72,89.34146,467.853576,859.8767
85.01,92.48853,41.307041,-13.728766
85.94,96.62936,26.698701999999997,-30.889194
84.67,93.62259,22.205849,-30.889194
81.88,78.89356,16.799388,-30.450321
76.15,71.362625,14.639379,-30.450321
70.01,69.440895,12.568153,-30.450321
71.32,61.961895,11.454777,-7.693262
63.03,60.515438,11.441193,-7.693262
54.93,56.726437,15.168103,-30.450321
50.33,50.177757,12.002756,50.47261
46.82,43.83862,11.864446,50.47261
47.06,45.385273,11.537681,55.305458
47.09,50.8628,12.010034,50.47261
47.9,59.423195,12.300658,57.207954
51.74,62.24067,14.037952,54.10588
62.6,62.206013,17.538158,62.073677
75.45,67.59468,170.646439,96.555176
77.97,80.421265,1829.067651,1813.0
73.36,75.67777,4490.74771,3608.033
68.73,67.41672,6850.603632,5183.444
63.06,65.275475,8181.819,6270.736
61.61,64.51683,7264.169181,5495.7427
65.11,68.528694,4514.153966,3947.106
77.2,74.99214,1287.4308139999998,941.1926
81.25,88.03688,71.654244,-17.979666
81.62,85.32533,45.148461000000005,-22.20764
74.1,84.1621,23.123912,-6.579428
68.09,64.72757,17.491968,-30.450321
66.7,58.47568,13.513258,-14.9334755
63.0,58.42809,12.092939,-1.8896552
65.54,55.834545,11.946967,-1.8896552
57.38,53.98577,14.957789,-1.8896552
60.45,45.86344,12.310402,-1.8896552
53.31,53.28195,14.006754,54.10588
51.65,47.737747,11.789153,59.9095
50.32,45.87155,11.950436,45.068756
49.63,50.262638,11.830866,36.83001
50.16,57.314125,11.28848,16.598799
49.4,58.012524,11.878769,54.10588
55.06,51.437107,18.634563,18.832888
65.07,54.910465,549.622143,272.56302
58.74,63.50253,4575.305915,2877.3162
41.22,48.64047,10887.746318,6588.4546
33.98,36.88933,16251.487874,12159.075
32.67,24.813423,18326.573535000003,16563.006
40.04,27.07853,16281.078371,15832.712
69.4,45.392754,10474.571991,11573.4
86.6,80.05522,3278.687154,3611.839
90.08,95.22254,179.090787,283.16418
92.8,94.3957,45.913559,-6.579428
94.38,93.5664,48.455351,-12.383035
93.11,81.98708,27.225415,-17.517866
96.08,75.35166,14.244494,-1.8896552
95.52,78.93867,15.71313,-1.8896552
97.18,78.93867,16.912133,-1.8896552
95.28,79.72136,11.859583,-1.8896552
90.85,77.61176,12.718853,-1.8896552
87.28,82.85286,8.732775,47.771072
83.96,81.38091,10.70861,52.603912
82.38,79.50446,9.757651,52.603912
81.82,84.08473,8.741976000000001,43.056946
83.14,89.45729,9.5303,52.603912
83.8,91.96309,10.615185,13.897257
89.36,85.329124,16.447641,110.637436
91.2,88.53761,546.620843,405.40836
91.5,89.02324,4602.514351,3699.2798
84.16,79.56298,10935.836392,8550.926
77.84,69.54678,15868.842451,13715.639
74.84,65.60462,17445.208909,16892.117
77.06,66.40719,15214.807622,15868.3955
89.39,78.917206,9885.857073,11899.977
98.87,99.11037,3213.940759,3705.8792
106.44,110.66097,162.712468,285.52475
108.04,115.47923,61.201657,-5.314684
108.82,115.38435,56.093761,-5.314684
105.78,103.62983,42.987708,-0.62491095
105.91,92.25759,28.066245,-0.62491095
101.95,95.86349,12.608177,-0.94979113
100.18,94.72877,12.40386,-0.94979113
94.39,93.27214,9.309493,0.47691083
93.16,86.86422,9.168587,0.47691083
90.56,88.50429,9.58885,55.536423
87.05,86.23496,10.297696,55.536423
87.01,84.07308,8.97195,73.518036
87.95,84.63518,8.773305,73.518036
88.04,88.50539,9.452485,70.408676
91.11,88.37107,9.96378,70.408676
98.15,93.49248,13.111762,141.32689
106.91,101.0373,699.235032,642.58685
101.81,103.233315,5046.114111,4539.029
85.02,91.50298,10815.960452,9495.914
76.89,73.88832,14933.612404,13410.757
74.23,67.21869,16068.751779,16140.137
77.49,68.62912,13746.383892,15088.246
85.81,80.92298,8818.823164,10212.068
96.75,97.61572,3052.742196,3934.3718
106.25,109.63038,201.146488,313.17352
106.87,117.32436,56.177879,32.76424
108.1,116.94196,49.257649,-5.073615
103.93,104.96149,16.013352,-27.517794
99.14,97.00246,10.784037,-27.517794
93.3,93.19592,9.163767,-27.517794
92.62,87.29627,8.391671,-27.517794
86.7,86.745094,7.073077,-23.266897
82.13,82.03145,7.145769,-23.266897
82.27,78.121414,8.265754999999999,61.341854
80.03,78.55101,7.823746,84.42133
79.41,78.564804,7.720186,74.98446
79.91,79.16872,6.898331000000001,70.73356
82.17,82.8245,7.602524,55.536423
84.27,83.20678,10.937333,54.109726
86.28,86.24043,17.783058999999998,256.2784
92.73,88.404564,622.3549089999999,703.7849
91.83,90.136826,5326.141853,4560.585
86.21,83.65391,11858.657025,8849.028
85.53,76.13065,16426.284247,14260.005
79.83,72.01079,17676.892158,17307.082
82.31,74.62906,15598.391046,16151.314
86.2,81.74372,10232.279672,11884.913
95.89,97.18383,3482.753234,4424.3003
106.34,107.672066,181.558577,387.4033
110.32,112.44509,74.299516,-3.6469123
114.28,116.769005,32.598541,-5.073615
107.12,104.317825,12.246715,1.0428613
101.45,96.16065,22.103012,-27.517794
95.76,91.968155,9.176613,-27.517794
93.65,87.46288,9.05064,-27.517794
84.99,85.70919,7.608182,-27.517794
86.45,77.33497,7.2049259999999995,-27.517794
81.79,84.19546,6.435348,77.66623
79.35,78.93598,5.597608999999999,78.2197
78.93,80.26018,5.527228,54.97048
77.36,84.96157,4.973333,54.97048
90.05,90.2775,5.947025,72.95209
95.82,103.406815,7.222775,54.97048
114.06,104.01132,10.029463,91.9512
110.74,116.17665,408.826693,539.9987
115.3,109.994064,3445.850764,3407.644
105.12,106.977974,7400.359436,6725.9287
100.07,98.70385,9949.3134,8427.92
91.78,96.0876,10611.186851,9334.648
91.3,92.441536,9107.463687,8441.9
95.25,96.25455,5831.276645,5767.863
102.11,101.708405,2045.497893,2327.7268
111.43,116.188156,124.45942,45.68564
106.55,122.20684,38.253112,-17.169313
99.1,117.26006,28.759087,-23.611067
92.82,97.09001,32.227838,-3.4423666
96.94,83.74498,11.423909,-3.4423666
89.02,87.430595,9.943038,-26.19942
84.81,80.428444,10.628429,-26.19942
84.52,74.08295,10.476321,2.3612406
79.38,76.074265,10.611845,2.3612406
75.51,78.03959,11.212479,18.148151
73.37,74.83671,10.746428,47.771072
71.46,72.008575,10.664668,13.897257
70.77,76.25241,10.312728,13.897257
74.02,83.63496,7.920743,13.897257
80.46,85.66467,6.971042,57.207954
89.36,88.95613,10.973065,118.07891
98.1,95.206604,301.71737099999996,330.37
95.35,104.080505,3542.02959,2784.2205
86.29,91.87034,9697.14941,7438.8057
80.01,82.166885,15311.185693,10774.964
76.64,76.422005,16892.210227,15793.507
76.94,76.35435,14454.165438,14592.088
87.55,81.38974,9374.655809,9708.921
103.44,95.46917,3191.140893,2896.36
111.55,114.34173,211.798449,298.36237
112.31,117.91989,75.515986,29.831722
112.56,115.7206,46.997313,-6.579428
108.5,105.53149,37.404551,-1.8896552
102.25,93.451416,25.73293,-1.8896552
96.66,91.53492,12.971161,-0.62491095
95.32,85.84221,17.468722,-0.62491095
88.05,84.515305,9.279588,-1.8896552
89.04,80.13459,9.588721,-0.62491095
